User_ID,Movie_ID,Rating,Rating_Date
U000003,MOV108414,3,07-17-25
U000001,MOV101108,4,05-15-17
U000004,MOV119635,5,02-27-22
U000463,MOV118537,4,08-28-18
U000043,MOV110026,5,10-07-24
U000003,MOV108836,4,07-10-25
U000001,MOV113835,5,05-13-18
U000002,MOV100006,5,02-04-25
U000015,MOV104256,4,09-30-21
U000160,MOV109221,2,09-18-25
U000028,MOV102047,4,03-26-16
U000093,MOV116682,3,03-13-24
U000007,MOV105990,4,08-10-23
U000046,MOV118089,3,07-05-25
U000010,MOV111427,5,05-13-16
U000001,MOV118792,4,07-08-15
U000014,MOV112427,5,03-05-21
U000001,MOV111434,4,01-09-23
U000001,MOV107386,3,04-23-25
U000002,MOV111392,3,10-19-22
U002523,MOV107687,3,08-25-18
U000002,MOV119272,4,05-25-25
U000021,MOV119297,5,10-01-21
U000029,MOV100006,3,06-14-21
U000001,MOV100006,4,11-04-24
U000001,MOV108032,5,10-16-23
U000084,MOV119475,5,08-28-24
U001052,MOV119272,4,05-23-23
U000005,MOV114993,3,10-07-25
U000005,MOV109221,5,04-11-25
U000006,MOV100006,2,03-19-22
U000001,MOV100006,4,03-15-16
U000088,MOV113015,4,02-10-19
U000036,MOV109536,3,08-09-21
U000013,MOV113391,3,07-05-19
U000001,MOV118401,3,01-20-20
,MOV103605,3,10-01-17
U000001,MOV111392,1,09-23-25
U000005,MOV100006,4,10-26-24
U000003,MOV110575,4,11-14-19
U000006,MOV119635,1,04-12-25
U003441,MOV119635,5,05-22-21
U000010,MOV118828,5,02-18-23
U000008,MOV113048,4,07-03-21
U000001,MOV119635,2,07-16-19
U000131,MOV119635,3,08-05-25
U000005,MOV114896,4,10-04-22
U000064,MOV109602,5,10-01-23
U000302,MOV117066,4,01-07-22
U000005,MOV101756,3,04-26-23
U000474,MOV113268,4,06-27-17
U001572,MOV109166,4,04-15-18
U000003,MOV110959,4,03-10-22
U000203,MOV119635,4,05-17-25
U000109,MOV115605,5,09-10-24
U000027,MOV112232,2,07-11-23
U000008,MOV113048,4,05-05-25
U000006,MOV103334,4,03-13-20
U000004,MOV115359,5,07-23-19
U000003,MOV115671,4,05-08-25
U000005,MOV105990,3,03-04-16
U000005,MOV105990,5,07-17-25
U000337,MOV114626,3,07-11-18
U001213,MOV110790,4,10-09-24
U000723,MOV119635,3,01-26-24
U000002,MOV119635,3,09-20-24
U000363,MOV100006,4,10-26-22
U000001,MOV108832,4,03-30-19
U000028,MOV100542,3,02-14-17
U000001,MOV113048,4,03-26-24
U000811,MOV109240,2,07-30-20
U000085,MOV106289,5,04-01-24
U000036,MOV118120,3,02-23-21
U000094,MOV114626,5,08-16-23
U000186,MOV118556,4,08-30-25
U000001,MOV110026,2,05-03-20
U000002,MOV112085,4,09-29-23
U000056,MOV109221,4,08-26-16
U000001,MOV103174,3,09-10-24
U000001,MOV114626,5,02-12-22
U000003,MOV111434,3,12-12-24
U000032,MOV107070,3,09-03-19
U000113,MOV111034,5,01-18-23
U000042,MOV116536,5,06-08-25
U000146,MOV109874,3,09-06-19
U000003,MOV107637,5,04-02-23
U000001,MOV100770,3,01-09-25
U000023,MOV105990,4,05-19-18
U000001,MOV100751,2,12-31-22
U000011,MOV113902,5,12-06-16
U000001,MOV115724,3,07-13-25
U000140,MOV104391,4,02-16-24
U000024,MOV119272,4,10-01-25
U000003,MOV119204,5,10-10-25
U000037,MOV119204,5,06-18-25
U000004,MOV119635,5,06-25-22
U000001,MOV100006,5,07-17-21
U000073,MOV119635,4,11-23-25
U000001,MOV100751,3,06-03-22
U000682,MOV100006,4,11-16-17
U000052,MOV111983,4,10-24-25
U000009,MOV102285,2,10-29-24
U000021,MOV100751,4,02-18-18
U000001,MOV119635,3,03-31-25
U002542,MOV117556,4,09-08-25
U000002,MOV100027,5,04-08-25
U000039,MOV113656,2,07-05-22
U000029,MOV100006,4,04-18-23
U000042,MOV116710,2,03-15-21
U000117,MOV100006,1,07-18-22
U000006,MOV103610,5,03-14-20
U000002,MOV105361,2,04-14-16
U000002,MOV104270,5,03-30-20
U000152,MOV100006,4,10-19-21
U000002,MOV100006,4,11-04-20
U000059,MOV113233,5,10-19-24
U000075,MOV117097,4,10-05-16
U000005,MOV117255,4,12-21-25
U000006,MOV105896,4,10-19-25
U001052,MOV107508,4,06-22-25
U000042,MOV110163,2,06-05-22
U000003,MOV108965,3,12-03-22
U000002,MOV119272,3,10-04-22
U000001,MOV100006,3,03-05-19
U000292,MOV114626,2,10-11-25
U000001,MOV111134,4,07-16-20
U000001,MOV119635,4,08-02-23
U002196,MOV119272,1,10-22-25
U000065,MOV114349,5,05-25-22
U000001,MOV114424,4,01-24-20
U000007,MOV105896,3,09-04-23
U003124,MOV108613,2,08-29-19
U000015,MOV100006,3,08-06-24
U000046,MOV105990,3,08-06-17
U000188,MOV100006,4,10-08-24
U000002,MOV109166,4,02-04-25
U000001,MOV111434,4,06-24-20
U000006,MOV115937,4,09-01-21
U004335,MOV113048,5,03-31-23
U000068,MOV107257,4,08-27-18
U000001,MOV119186,2,02-14-16
U000013,MOV101093,2,11-17-23
U000292,MOV101550,3,03-10-23
U000003,MOV105990,4,10-28-20
U000001,MOV118828,5,09-08-19
U000011,MOV103605,4,09-20-20
U000009,MOV106037,5,06-07-24
U000001,MOV110262,5,07-20-24
U000005,MOV113048,4,05-16-19
U000003,MOV110026,5,07-02-25
U000004,MOV110026,2,09-17-25
U000200,MOV114993,4,01-08-23
U000003,MOV105990,3,12-09-21
U000621,MOV117066,4,03-23-19
U000001,MOV103232,5,02-24-25
U000025,MOV119272,5,04-15-18
U000144,MOV100006,4,10-22-25
U000016,MOV111034,4,03-14-21
U000001,MOV119272,4,09-06-20
U000005,MOV116787,4,06-17-18
U000100,MOV109688,4,03-17-25
U000009,MOV113048,3,06-07-25
U000001,MOV112876,5,09-25-18
U000588,MOV100557,3,03-09-17
U000013,MOV113048,3,05-18-25
U000166,MOV109166,4,03-25-20
U000001,MOV117601,4,12-16-21
U000004,MOV100557,4,03-08-23
U000003,MOV100006,3,12-03-20
U002127,MOV110206,2,01-10-23
U000039,MOV112486,5,03-05-24
U000027,MOV100006,1,04-09-23
U000254,MOV111692,3,04-21-25
U000192,MOV117859,2,05-28-20
U000005,MOV119272,3,06-10-20
U000035,MOV119635,3,08-21-18
U000051,MOV105636,5,01-04-18
U000002,MOV104697,4,03-01-25
U000282,MOV102590,3,12-12-24
U000345,MOV106336,5,09-01-24
U000005,MOV100733,3,09-29-23
U000009,MOV111300,4,07-16-18
U000001,MOV119635,3,12-22-23
U000002,MOV107842,4,10-25-25
U000097,MOV114626,4,07-07-21
U000002,MOV113048,4,03-04-17
U000071,MOV100006,2,08-31-21
U000024,MOV100006,5,09-28-19
U000011,MOV107577,4,09-11-23
U000050,MOV105990,5,09-10-20
U000001,MOV108508,4,08-16-19
U000004,MOV105990,4,07-15-23
U000030,MOV100006,2,05-17-22
U000006,MOV119635,1,12-25-25
U000035,MOV106635,4,09-06-17
U000596,MOV116993,3,11-18-23
U002266,MOV114993,3,05-24-23
U000032,MOV103125,5,01-26-21
U000020,MOV116181,5,01-25-15
U000018,MOV100006,5,10-16-24
U000001,MOV100006,5,08-06-20
U000002,MOV103017,5,03-29-18
U000001,MOV116663,2,11-02-23
U000049,MOV101539,4,07-14-25
U000524,MOV112091,2,10-22-25
U004238,MOV108434,4,02-06-21
U000817,MOV100006,4,11-14-19
U000242,MOV113483,5,12-29-24
U000001,MOV109826,4,06-28-25
U000045,MOV110026,4,01-06-25
U000001,MOV109906,3,10-25-25
U000004,MOV106225,3,10-27-20
U002016,MOV107306,3,07-04-23
U000008,MOV117948,4,02-09-25
U000588,MOV118556,4,03-01-25
U001057,MOV119272,2,11-25-15
U000003,MOV119635,4,04-01-25
U000004,MOV101108,2,11-21-22
U000154,MOV105990,4,12-20-23
U000003,MOV109107,4,05-20-21
U000031,MOV105990,4,04-04-15
U000002,MOV119635,5,06-23-24
U000001,MOV103596,1,05-16-23
U000237,MOV105990,3,03-31-25
U000002,MOV115516,2,05-13-22
U002834,MOV112147,1,12-09-23
U000037,MOV113048,3,04-18-15
U000003,MOV112981,2,02-06-25
U000002,MOV100006,4,11-29-19
U000016,MOV111071,5,08-08-16
U000013,MOV100006,4,11-10-19
U000001,MOV100006,3,09-07-25
,MOV107262,4,02-28-19
U000011,MOV106333,3,10-29-17
U000074,MOV102672,3,07-23-23
U000009,MOV106710,3,08-31-25
U000014,MOV119660,4,12-27-24
U000025,MOV115212,4,09-30-19
U000001,MOV106408,2,11-25-25
U000269,MOV109140,3,01-09-24
U003656,MOV112114,4,05-11-24
U000001,MOV112987,2,10-11-22
U000016,MOV105990,4,03-19-15
U000013,MOV114008,4,06-21-23
U000001,MOV112297,5,07-23-20
U000008,MOV110044,3,02-09-25
U000042,MOV106037,4,07-18-21
U000002,MOV103621,1,03-16-25
U000041,MOV111507,4,10-08-21
U000694,MOV100006,4,03-20-23
U000009,MOV100006,4,11-19-21
U000653,MOV100486,4,09-20-16
U000007,MOV100006,2,06-23-23
U000002,MOV101108,5,07-20-21
U000226,MOV109221,5,11-16-17
U000007,MOV110828,4,02-25-15
U000226,MOV101108,4,09-24-23
U001403,MOV119635,4,08-04-22
U000024,MOV105990,1,02-15-25
U000043,MOV107531,3,09-09-23
U000006,MOV105482,3,09-10-23
U000020,MOV100491,4,02-05-25
U000017,MOV103577,3,12-15-23
U000001,MOV113766,3,10-04-17
U000005,MOV117421,4,12-20-15
U000010,MOV113048,5,05-28-24
U000004,MOV103643,3,09-01-20
U000029,MOV106689,5,04-12-19
U000001,MOV101034,4,01-05-22
U000013,MOV106940,5,07-20-25
U000002,MOV116549,4,02-04-22
U000001,MOV100006,4,06-26-20
U000025,MOV109074,5,12-29-23
U000073,MOV114896,3,08-09-20
,MOV101492,4,01-13-24
U000102,MOV101108,3,01-02-18
U000005,MOV104697,4,10-08-21
U000011,MOV100016,3,
U000001,MOV119635,5,03-25-19
U000001,MOV105482,4,08-24-18
U000009,MOV104235,4,11-22-25
U000720,MOV118074,4,12-08-25
U000285,MOV101108,3,08-06-25
U000005,MOV103579,3,04-08-23
U003833,MOV100006,4,02-21-23
U000012,MOV100006,4,04-03-15
U000049,MOV100557,3,01-26-21
U000006,MOV112232,4,01-16-21
U000035,MOV100006,4,07-09-24
U000457,MOV100006,5,11-14-25
U000002,MOV100006,4,05-01-25
U000016,MOV101840,2,09-18-21
U002236,MOV117936,4,12-16-25
U000006,MOV100006,1,03-27-23
U000042,MOV101108,4,09-03-25
U001429,MOV119162,3,01-24-23
U000052,MOV116685,5,05-28-20
U000312,MOV112306,3,08-25-22
U000096,MOV101566,2,07-21-25
U000003,MOV119272,2,04-04-23
U000029,MOV119272,3,05-29-22
U001218,MOV111574,5,03-30-25
U000001,MOV105990,5,12-25-16
U000002,MOV103091,5,11-04-22
U000002,MOV119695,3,02-14-22
U000002,MOV114365,4,09-10-21
U000015,MOV105174,,08-20-18
U000002,MOV106388,3,10-25-24
U000001,MOV114626,3,03-11-20
U000002,MOV114626,2,07-06-16
U000001,MOV110026,5,02-10-25
U000001,MOV113048,2,05-06-21
U000001,MOV114369,5,08-25-20
U000013,MOV108371,5,04-02-21
U000566,MOV117793,3,06-29-23
U000009,MOV102460,4,08-23-16
U000865,MOV100006,5,04-28-25
U000002,MOV100006,4,11-09-22
U000012,MOV104436,3,08-28-21
U000002,MOV113048,4,09-25-22
U000697,MOV110809,4,10-19-22
U000001,MOV113048,4,12-09-24
U000001,MOV119635,5,02-20-25
U003363,MOV100006,4,09-04-22
U003650,MOV117948,4,09-23-15
U000003,MOV101539,2,11-04-20
U000001,MOV119635,4,07-03-25
U000002,MOV101751,2,05-16-20
U000005,MOV108836,4,11-23-25
U000008,MOV112912,3,06-03-22
U000153,MOV103675,5,08-08-15
U000262,MOV105990,4,06-29-24
U000001,MOV113048,3,04-30-24
U000031,MOV108419,3,02-06-22
U000026,MOV118556,4,05-06-25
U000005,MOV115434,5,08-29-23
U000084,MOV105990,4,03-15-24
U000230,MOV109280,1,05-08-22
U002241,MOV109221,5,05-15-25
U001129,MOV119635,3,03-12-23
U000002,MOV110985,4,10-09-22
U000006,MOV116109,4,07-04-25
U000464,MOV109602,4,03-05-20
U000033,MOV119635,3,11-18-25
U000349,MOV109824,3,05-14-21
U000007,MOV117235,5,01-25-23
U002659,MOV100006,4,08-21-21
U000254,MOV105990,2,04-08-23
U000005,MOV112803,3,10-26-25
U000004,MOV108506,4,02-11-24
U000111,MOV119660,3,12-31-23
U000011,MOV110790,5,02-12-21
U000001,MOV106827,4,09-04-23
U000004,MOV114993,4,01-10-22
U000351,MOV100017,5,04-24-23
U000002,MOV108263,4,04-05-23
U000005,MOV114909,2,09-27-24
U000116,MOV119272,4,04-01-20
U000001,MOV109993,5,12-16-23
U000047,MOV109514,4,04-17-24
U000009,MOV100006,4,05-23-22
U000003,MOV100006,1,07-10-19
U002188,MOV105644,3,07-16-25
U001420,MOV106453,2,03-27-25
U000068,MOV110726,4,01-11-23
U000005,MOV101514,4,02-01-20
U000017,MOV114626,1,12-25-23
U000003,MOV119635,3,11-21-21
U000002,MOV103147,1,02-11-25
U000001,MOV107335,5,01-30-21
U001542,MOV109340,4,01-20-21
U000005,MOV100006,4,05-31-21
U000165,MOV119272,4,11-28-21
U000005,MOV100006,4,11-26-19
U000003,MOV100006,2,07-14-25
U001083,MOV100006,4,11-28-18
U000001,MOV100006,5,03-19-19
U000014,MOV119635,5,04-27-22
U000011,MOV103328,4,09-22-20
U000036,MOV105644,2,02-15-23
U002840,MOV105077,4,01-21-23
U000236,MOV114626,4,01-26-22
U000001,MOV112634,5,11-29-25
U000045,MOV110128,4,07-05-22
U002186,MOV111159,2,09-25-21
U000286,MOV109166,3,01-24-25
U000009,MOV116203,4,03-03-22
U000004,MOV114626,3,04-27-25
U000001,MOV109798,3,02-08-24
U000003,MOV100006,4,05-13-25
U000002,MOV113766,3,07-11-24
U000040,MOV118035,4,07-20-21
U000001,MOV100557,4,03-05-19
U000077,MOV111824,3,03-13-25
U000001,MOV103125,4,01-24-23
U000049,MOV105990,4,12-04-21
U000001,MOV119635,4,12-28-25
U000001,MOV100006,4,10-11-24
U000103,MOV100006,3,09-19-20
U000001,MOV100006,3,03-04-16
U000024,MOV100006,5,10-26-18
U000004,MOV113015,4,02-08-25
U000008,MOV104389,3,03-03-20
U000006,MOV100557,3,11-11-24
U000082,MOV101682,3,11-17-20
U000007,MOV108878,3,10-17-19
U000225,MOV118290,3,05-12-25
U003377,MOV103610,2,06-04-17
U000007,MOV109221,3,12-14-24
U000678,MOV115420,5,10-14-20
U002741,MOV105990,4,07-04-18
U000013,MOV100006,5,04-18-18
U000001,MOV105536,4,09-01-21
U001572,MOV107386,2,05-08-24
U000016,MOV105990,4,02-28-22
U000001,MOV100006,3,11-28-19
U000001,MOV100006,3,05-02-20
U000023,MOV107319,5,05-23-18
U000011,MOV119103,4,12-09-18
U000002,MOV100713,5,06-28-25
U000001,MOV118904,4,03-25-23
U000005,MOV107772,5,05-29-19
U000001,MOV110026,3,09-23-23
U000885,MOV112232,4,12-24-22
U000002,MOV103949,5,09-11-22
U000006,MOV111595,4,10-21-23
U000001,MOV119635,3,09-30-21
U000008,MOV101108,4,01-14-25
U000066,MOV106898,3,04-17-20
U000058,MOV119272,2,02-13-20
U000001,MOV104244,5,11-26-22
U000014,MOV114626,5,06-18-25
U000064,MOV109658,4,10-11-21
U000049,MOV116710,4,04-19-23
U000001,MOV114626,3,11-28-23
U000005,MOV111306,5,09-04-24
U000001,MOV119272,1,12-03-24
U000022,MOV103334,2,11-12-25
U002816,MOV100006,3,05-22-24
U000037,MOV105896,5,05-10-21
U000222,MOV100208,2,04-23-20
U000179,MOV100006,4,04-20-24
U000003,MOV100751,5,09-09-25
U000001,MOV106308,5,09-18-16
U000003,MOV101840,4,04-23-23
U000021,MOV100006,5,05-22-22
U000009,MOV117349,4,04-11-16
U000001,MOV100006,1,06-25-25
U000001,MOV100006,5,12-22-21
U000008,MOV101108,4,09-11-25
U001036,MOV119635,4,07-08-15
U000005,MOV114313,4,03-10-23
U003415,MOV102303,1,10-27-25
U000710,MOV118558,3,03-17-25
U000007,MOV110306,1,07-09-25
U000001,MOV119635,4,04-03-18
U000016,MOV114161,4,12-29-21
U000008,MOV100006,5,02-28-22
U000063,MOV102309,4,02-21-24
U000001,MOV105896,4,10-27-24
U000001,MOV114993,3,12-15-21
U000304,MOV100006,4,10-12-19
U000002,MOV100006,3,12-25-21
U000035,MOV105990,4,05-08-19
U000476,MOV119021,3,12-13-25
U000210,MOV105482,4,10-20-21
U000191,MOV100006,3,10-17-17
U002270,MOV114993,4,04-02-25
U000057,MOV114993,4,11-08-23
U000002,MOV100557,3,08-01-23
U000201,MOV114626,4,02-05-23
U000002,MOV100006,2,02-17-17
U000227,MOV113615,3,04-24-23
U000004,MOV118813,1,02-03-19
U002885,MOV100006,2,03-20-23
U000001,MOV119635,3,10-15-21
U000008,MOV100006,4,07-25-15
U000001,MOV105657,4,11-29-24
U000001,MOV107070,4,05-08-25
U000003,MOV103605,4,04-27-24
U001704,MOV119635,5,11-19-24
U000003,MOV105990,4,04-26-25
U000297,MOV101108,1,09-02-23
U000008,MOV106037,4,06-23-25
U003964,MOV105764,4,11-22-24
U000004,MOV101202,4,07-20-17
U000003,MOV119204,4,05-29-24
U000002,MOV113048,4,07-15-18
U000002,MOV119635,3,07-08-21
U000001,MOV115927,5,12-31-19
U000001,MOV106689,4,07-14-22
U000003,MOV104141,5,01-05-24
U000004,MOV101391,4,01-18-21
U000001,MOV100792,4,06-02-15
U000019,MOV113223,3,01-31-21
U000009,MOV110828,4,04-30-20
U000002,MOV100006,4,08-07-22
U000539,MOV114993,5,06-20-25
U000001,MOV114629,4,05-19-19
U000471,MOV106026,3,06-11-21
U000101,MOV116710,3,06-26-25
U000005,MOV110790,4,07-03-23
U000050,MOV110023,5,02-12-25
U000007,MOV119635,4,06-19-16
U000016,MOV114420,4,06-29-19
U000024,MOV112545,3,10-31-22
U000004,MOV117948,4,04-13-25
U000199,MOV100006,4,07-31-21
U000051,MOV101108,4,08-11-23
U000001,MOV106710,3,01-03-25
U000007,MOV114993,4,08-29-15
U000002,MOV102801,5,09-22-23
U000005,MOV119294,1,03-08-22
U000001,MOV104751,4,04-19-23
U000038,MOV116106,3,11-28-19
U000011,MOV111029,3,07-31-21
U000002,MOV100006,4,05-06-23
U000019,MOV100006,2,02-21-25
U000002,MOV105482,1,06-20-16
U000032,MOV109465,1,05-31-24
U000014,MOV109092,3,12-15-17
U000015,MOV119635,2,04-28-25
U000003,MOV116580,2,03-22-20
U000013,MOV113048,3,12-30-20
U000004,MOV113405,4,11-14-24
U000060,MOV119635,3,09-30-25
U000002,MOV118556,4,09-14-21
U000001,MOV116956,5,03-10-24
U000006,MOV100006,5,05-20-25
U000004,MOV105153,3,03-15-23
U000011,MOV114993,2,08-11-21
U000022,MOV119635,4,12-11-25
U000003,MOV100006,3,11-04-20
U000001,MOV104979,4,01-19-24
U000076,MOV119635,4,05-31-19
U000002,MOV119635,5,10-21-18
U000019,MOV117851,4,10-10-20
U000005,MOV106037,3,04-20-25
U000004,MOV105990,4,07-17-19
U000002,MOV110868,3,10-24-22
U000065,MOV119204,5,10-27-25
U000012,MOV107070,4,04-11-22
U000079,MOV103610,1,04-21-25
U000001,MOV119272,5,11-15-21
U000011,MOV114784,3,08-05-19
U000115,MOV110026,5,04-07-18
U000021,MOV110260,4,07-13-19
U000001,MOV111137,3,07-03-17
U000003,MOV119186,5,03-23-24
U000001,MOV108513,5,05-27-21
U000001,MOV100006,4,03-23-22
U000001,MOV100713,4,09-04-24
U000001,MOV119635,4,10-30-19
U000003,MOV105174,4,11-16-25
U000065,MOV114816,4,10-30-25
U000140,MOV102179,1,09-01-24
U000002,MOV100374,5,04-29-23
U000002,MOV113149,3,10-31-23
U000010,MOV102151,4,08-13-24
U000034,MOV119635,5,07-15-24
U000002,MOV117326,4,11-30-24
U000005,MOV118261,4,11-29-23
U000001,MOV118145,4,08-08-20
U000008,MOV105990,5,07-25-25
U000003,MOV105896,4,09-12-20
U000001,MOV104768,4,07-17-24
U000001,MOV109223,2,08-15-20
U000204,MOV113048,3,07-25-21
U001311,MOV101108,2,09-22-18
U000001,MOV119635,5,02-04-25
U000050,MOV104673,5,07-14-25
U000004,MOV102874,3,09-13-25
U000014,MOV109140,4,03-06-16
U000008,MOV100006,4,10-20-21
U000007,MOV112462,4,04-08-23
U000001,MOV119272,3,06-23-24
U002075,MOV100006,2,08-07-19
U000008,MOV108990,3,10-04-22
U002399,MOV114626,4,02-01-25
U000005,MOV114360,5,05-15-15
U000233,MOV100006,4,02-23-18
U000619,MOV119419,4,08-23-15
U000007,MOV100006,4,02-08-16
U000001,MOV100557,2,12-31-19
U000003,MOV112232,1,06-23-21
U000001,MOV112903,5,09-25-24
U000097,MOV109212,4,04-18-20
U000003,MOV100006,4,01-05-18
U000006,MOV118543,4,01-06-16
U000030,MOV114626,3,07-07-21
U001452,MOV112083,5,12-06-25
U000001,MOV103232,5,10-14-23
U000049,MOV111159,2,08-23-15
U000081,MOV100557,2,05-13-25
U001733,MOV101108,3,03-15-19
U000003,MOV110040,4,10-18-24
U000001,MOV100006,1,10-13-17
U000006,MOV100006,2,03-19-22
U000011,MOV105192,4,08-06-22
U004305,MOV119475,5,11-08-25
U004025,MOV110978,4,02-28-18
U000004,MOV109602,3,03-15-24
U000004,MOV105764,4,04-04-23
U000043,MOV100006,4,12-09-20
U000017,MOV106458,5,03-17-22
U000002,MOV105644,5,12-12-25
U000002,MOV119204,2,11-20-25
U001707,MOV118298,5,07-09-22
U000001,MOV100006,3,11-25-25
U000005,MOV107452,5,06-03-22
U000005,MOV105990,4,11-23-25
U000372,MOV118556,5,03-06-25
U000026,MOV106333,2,07-12-25
U000001,MOV118027,3,10-16-21
U000002,MOV112472,4,07-19-23
U000002,MOV105990,5,05-05-25
U000001,MOV109703,3,12-28-20
U000001,MOV109164,4,04-25-25
U000011,MOV114257,2,11-15-15
U002212,MOV109748,3,10-26-19
U000001,MOV103420,1,02-19-24
U000633,MOV100006,5,05-27-17
U000008,MOV119635,4,12-03-23
U000105,MOV102289,3,07-03-20
U000001,MOV110394,2,11-24-19
U000001,MOV102765,4,08-05-24
U000004,MOV113418,4,12-20-24
U000030,MOV115887,3,11-02-24
U000004,MOV101108,2,02-27-24
U000001,MOV109166,4,05-19-25
U000045,MOV114993,2,05-08-24
U000006,MOV111282,3,02-22-21
U000014,MOV101108,4,01-19-17
U000014,MOV119272,2,07-21-25
U001291,MOV103334,2,04-18-19
U000002,MOV100006,4,05-29-18
U000001,MOV111434,3,07-30-22
U000001,MOV100006,3,03-18-22
U000031,MOV118556,1,10-18-25
U000018,MOV116140,3,05-27-25
U000006,MOV101202,2,10-19-16
U000167,MOV104875,5,04-21-21
U000001,MOV100192,4,08-26-24
U000002,MOV100006,4,08-07-19
U002158,MOV110168,3,07-01-22
U000148,MOV105990,4,05-21-24
U000031,MOV100006,5,07-25-24
U000171,MOV100006,4,03-05-19
U000021,MOV113741,1,11-25-19
U000001,MOV118474,3,03-18-25
U000001,MOV113835,5,07-30-24
U000004,MOV100006,4,04-25-20
U000008,MOV100751,3,11-18-17
U000605,MOV110790,3,05-07-19
U000170,MOV119635,1,07-03-17
U000007,MOV106206,3,07-17-24
U000057,MOV107282,2,03-04-21
U000001,MOV101290,3,02-24-25
U002641,MOV100006,1,04-24-22
U000001,MOV111141,5,11-19-22
U004324,MOV105561,1,10-07-18
U000004,MOV113048,4,11-14-25
U000002,MOV113048,4,09-12-23
U003459,MOV100006,4,04-20-24
U000008,MOV113304,4,03-21-24
U000071,MOV108383,4,03-15-25
U000089,MOV106981,3,05-07-24
U000001,MOV112046,4,06-09-22
U000001,MOV112472,2,05-21-15
U000007,MOV100006,3,04-02-20
U000012,MOV114626,3,07-02-22
U000010,MOV119635,5,04-19-25
U000062,MOV103768,5,09-14-25
U000096,MOV119615,2,02-07-24
U000077,MOV101409,4,05-20-21
U000001,MOV108792,5,02-02-21
U000006,MOV109890,4,05-27-20
U000008,MOV118543,5,07-15-24
U000003,MOV100006,4,09-18-23
U000330,MOV119204,3,06-15-16
U000004,MOV109221,4,05-17-19
U000140,MOV100006,1,11-12-24
U000111,MOV100006,4,01-09-19
U000001,MOV103308,4,06-14-21
U000065,MOV119272,5,05-03-25
U000050,MOV110998,4,08-03-23
U000167,MOV100006,4,08-22-25
U002316,MOV110995,3,07-12-24
U000011,MOV100495,3,07-16-16
U000009,MOV113766,4,10-30-23
U001825,MOV118923,3,10-04-21
U000166,MOV114626,1,10-23-18
U000001,MOV100006,4,05-12-21
U000003,MOV112903,4,04-04-24
U000011,MOV118913,5,
U000003,MOV100006,4,09-11-21
U003518,MOV100006,5,03-31-22
U000009,MOV118441,4,02-02-24
U000014,MOV119660,3,12-20-19
U000050,MOV113048,3,11-01-19
U000001,MOV101108,4,01-30-25
U000238,MOV107491,3,05-12-20
U000001,MOV100491,4,12-02-25
U000059,MOV114626,3,08-10-23
U000050,MOV109840,4,07-22-20
U000560,MOV103605,4,05-24-23
U001762,MOV115425,4,05-23-20
U000002,MOV113766,4,08-01-25
U000007,MOV119667,3,08-30-18
U000012,MOV111159,1,11-09-25
U000005,MOV116835,4,09-22-24
U000001,MOV119635,5,01-08-17
U000006,MOV104472,1,12-23-23
U000730,MOV116056,4,06-06-23
U000307,MOV104900,4,12-09-24
U000002,MOV119272,4,11-28-16
U000375,MOV117511,4,06-29-16
U000007,MOV105896,4,06-28-18
U000031,MOV105483,2,10-02-23
U000003,MOV116564,3,08-27-25
U000010,MOV119635,2,06-06-18
U000007,MOV117251,3,07-20-23
U000006,MOV102611,4,10-13-24
U000035,MOV111134,2,01-18-24
U000005,MOV105990,4,10-10-19
U000023,MOV113048,3,02-08-21
U001434,MOV119635,4,07-11-20
U000001,MOV100006,3,09-25-25
U000006,MOV101202,4,04-22-22
U000002,MOV110790,3,
U000007,MOV104979,5,06-09-25
U000002,MOV111885,5,08-09-25
U001143,MOV100713,4,08-04-20
U000033,MOV100006,4,03-20-24
U000001,MOV118828,4,09-14-24
U000406,MOV100006,4,02-11-20
U001272,MOV104270,5,08-18-15
U000002,MOV103605,4,08-30-23
U000009,MOV114710,3,03-24-22
U000004,MOV106251,,06-21-21
U000002,MOV110351,2,
U000003,MOV100006,5,08-01-23
U000119,MOV100006,3,12-29-23
U000002,MOV106850,4,01-19-24
U000062,MOV110026,5,01-21-25
U000007,MOV118879,5,01-18-25
U000002,MOV113313,4,10-22-23
U000004,MOV104697,4,05-26-24
U000775,MOV116181,3,03-09-20
U000007,MOV114050,4,03-06-25
U000951,MOV119635,2,10-03-15
U000013,MOV106165,5,08-20-22
U000001,MOV104672,4,06-18-24
U001233,MOV114626,3,04-29-25
U000117,MOV100006,1,09-16-24
U000006,MOV100006,3,06-20-23
U000001,MOV105536,3,07-30-25
U000215,MOV114601,5,10-11-24
U000059,MOV112097,3,05-14-21
U000645,MOV112461,4,08-16-20
U000003,MOV105861,2,
U000304,MOV109993,3,09-25-19
U001038,MOV102007,4,09-01-22
U000003,MOV116580,4,02-03-19
U000001,MOV100158,4,06-14-21
U000003,MOV119635,4,02-23-19
U000087,MOV109481,2,08-13-25
U000044,MOV105487,3,10-27-25
U001293,MOV106689,2,09-15-15
U000044,MOV107972,5,03-25-20
U000027,MOV101525,3,03-15-18
U000102,MOV101202,4,04-15-23
U000005,MOV100006,3,09-07-24
U000588,MOV119272,3,
U000779,MOV114391,4,07-21-25
U000019,MOV109221,5,06-04-25
U000147,MOV102864,4,12-03-23
U000003,MOV119635,4,11-10-22
U000001,MOV105644,5,06-28-24
U000012,MOV100006,4,12-29-22
U000024,MOV109221,4,04-06-18
U002263,MOV100006,3,11-21-22
U000738,MOV100006,4,11-24-25
U000039,MOV102023,2,07-03-20
U000005,MOV115268,2,03-15-20
U000093,MOV108506,5,05-05-16
U000001,MOV101013,4,01-25-24
U000004,MOV119635,3,10-22-16
U000022,MOV116131,2,05-27-25
U000123,MOV104768,5,01-27-18
U000005,MOV116845,2,03-30-25
U000002,MOV118035,5,05-13-24
U000002,MOV100006,4,08-13-22
U000016,MOV105990,5,04-24-23
U000090,MOV118471,4,08-13-20
U000145,MOV115020,5,06-07-23
U000013,MOV107854,3,11-19-19
U000143,MOV108805,1,03-29-23
U000001,MOV100006,5,10-01-23
U000010,MOV117948,5,04-12-17
U000001,MOV100006,1,02-17-20
U000002,MOV117035,1,11-01-25
U000308,MOV111840,3,04-18-18
U002793,MOV100006,3,06-29-21
U000131,MOV115150,4,01-07-25
U003364,MOV114092,5,03-26-23
U000045,MOV113048,5,03-11-25
U000001,MOV100006,2,07-20-22
U002239,MOV100575,3,09-12-18
U000041,MOV109111,4,08-13-23
U000004,MOV108506,4,03-19-24
U000018,MOV110790,4,05-28-23
U000018,MOV114356,3,03-23-17
U000003,MOV110970,2,06-21-18
U000004,MOV119272,3,08-23-23
U000094,MOV116353,4,05-17-17
U000001,MOV105438,3,06-04-22
U000014,MOV104002,2,02-04-22
U000001,MOV100006,5,01-23-20
U000009,MOV100006,3,01-26-22
U000002,MOV114626,4,01-10-15
U000001,MOV100006,4,07-29-20
U000278,MOV115691,3,06-12-25
U000035,MOV115271,4,05-14-20
U000014,MOV108973,4,10-19-25
U000133,MOV114896,2,10-28-25
U000021,MOV113048,4,10-03-21
U000100,MOV100006,3,02-01-22
U000016,MOV110026,4,01-17-16
U000003,MOV100006,5,08-23-21
U000567,MOV106834,5,03-14-18
U000005,MOV113972,4,02-24-24
U000008,MOV100006,3,02-24-24
U000002,MOV111885,4,05-14-21
U000003,MOV102488,5,07-16-24
U000333,MOV100006,2,03-20-25
U003823,MOV100006,4,10-21-24
U000625,MOV115888,3,12-09-22
U000029,MOV101840,5,11-13-24
U000005,MOV117389,4,06-26-19
U000218,MOV114570,3,03-31-18
U000109,MOV110681,4,06-16-25
U000001,MOV119635,5,04-15-24
U000008,MOV108506,5,07-22-24
U000107,MOV108485,4,05-18-22
U000933,MOV115268,2,06-11-25
U000970,MOV110026,4,09-21-20
U000001,MOV114784,5,04-05-22
U000002,MOV105764,1,07-26-20
U000006,MOV116136,3,07-26-25
U000003,MOV115070,3,12-25-21
U000032,MOV119635,5,11-07-17
U000849,MOV109446,4,06-21-21
U001218,MOV110828,2,09-10-22
U000188,MOV114993,4,10-06-25
U000636,MOV113551,4,08-18-18
U000002,MOV100557,4,03-25-25
U000019,MOV118556,5,04-07-15
U000002,MOV111885,4,09-03-17
U000006,MOV115324,5,08-24-24
U000009,MOV115413,1,06-02-25
U000003,MOV119635,4,09-10-22
U000001,MOV106037,3,05-28-23
U000001,MOV103334,5,09-20-22
U000002,MOV117350,3,09-12-18
U000002,MOV115460,3,09-03-23
U002978,MOV100006,3,06-26-25
U000014,MOV100783,4,08-28-25
U000005,MOV105990,4,01-02-23
U000106,MOV108844,2,12-23-25
U001086,MOV116308,4,11-19-25
U000001,MOV113048,2,09-30-21
U000001,MOV114091,4,05-16-23
U000001,MOV110026,2,05-28-22
U000001,MOV113048,4,11-12-25
U000002,MOV101219,4,08-05-23
U000001,MOV102432,1,04-15-17
U000001,MOV100937,5,12-04-22
U000021,MOV100006,5,08-14-25
U000023,MOV114993,4,07-23-25
U000022,MOV101108,3,05-23-24
U000001,MOV100006,3,09-11-23
U000366,MOV108280,4,10-08-18
U000101,MOV118474,4,10-01-21
U000003,MOV114066,5,02-17-24
U000001,MOV119073,4,05-28-21
U002388,MOV110026,3,01-04-18
U000001,MOV114629,3,05-15-16
U000001,MOV100006,5,02-26-22
U000009,MOV104697,4,03-30-19
U000018,MOV117460,3,11-17-25
U003612,MOV100006,3,12-22-22
U000001,MOV100006,3,04-29-20
U000005,MOV102567,3,01-07-24
U000001,MOV109166,3,09-07-25
U000001,MOV100006,4,05-28-20
U003429,MOV102513,2,01-06-20
U000004,MOV114993,4,10-16-25
U000006,MOV101108,5,08-01-20
U000001,MOV100006,5,09-25-24
U000002,MOV119635,2,09-12-22
U000009,MOV101202,2,01-17-24
U000014,MOV100006,5,10-06-20
U000001,MOV106289,5,08-14-15
U000108,MOV119251,4,01-01-24
U000002,MOV103681,4,08-18-25
U000147,MOV113914,4,10-10-18
U000006,MOV105990,4,10-14-24
U000019,MOV100006,1,09-24-18
U000039,MOV100006,2,11-27-21
U000001,MOV115501,4,12-17-21
U000006,MOV115725,3,05-02-15
U000008,MOV103882,3,09-06-22
U000002,MOV100006,2,10-05-24
U000213,MOV108892,1,10-22-25
U000055,MOV102191,1,01-29-15
U000024,MOV105644,3,10-19-18
U000001,MOV104132,3,06-15-23
U000031,MOV101221,4,12-19-18
U000003,MOV109140,3,08-15-24
U000001,MOV102047,3,11-30-17
U000079,MOV102141,5,05-30-21
U001568,MOV119660,4,09-07-17
U000469,MOV117066,4,10-28-24
U000033,MOV116741,4,03-10-18
U000001,MOV119635,3,12-29-21
U000001,MOV105895,4,12-04-25
U000002,MOV100006,4,12-11-25
U000242,MOV103091,5,06-30-24
U000034,MOV115288,3,10-20-24
U000156,MOV114993,4,11-07-17
U000012,MOV115312,4,11-07-25
U000001,MOV118939,3,12-31-25
U000002,MOV100006,5,06-15-23
U000008,MOV100006,4,07-16-25
U000030,MOV100208,4,08-03-24
U000007,MOV113048,4,01-04-23
U000520,MOV100006,4,11-06-21
U000004,MOV119635,5,01-15-21
U000011,MOV113048,1,05-04-21
U000004,MOV103605,4,09-23-25
U000026,MOV105990,3,12-23-18
U000635,MOV105764,4,05-21-24
U000336,MOV109981,4,05-31-24
U000015,MOV119738,3,08-09-24
U000003,MOV114070,5,10-11-25
U000002,MOV107421,2,10-22-22
U000002,MOV110026,4,03-12-23
U000010,MOV106336,4,07-10-23
U000004,MOV105990,1,07-10-18
U000111,MOV119635,4,02-17-24
U000003,MOV119635,4,03-02-21
U000101,MOV105990,2,03-13-23
U000018,MOV106710,4,07-18-17
U000001,MOV119272,4,07-05-19
U000009,MOV100006,4,06-01-25
U002575,MOV107386,5,06-24-24
U000001,MOV119685,2,05-29-25
U000008,MOV118556,3,10-23-21
U000016,MOV100006,3,10-20-17
U002451,MOV111123,2,12-14-18
U000090,MOV119272,2,02-27-25
U000070,MOV116944,5,08-18-21
U000009,MOV100711,3,11-01-17
U000062,MOV110026,1,05-22-24
U000280,MOV118213,2,06-13-18
U000154,MOV107906,3,08-12-25
U000626,MOV100585,4,01-21-20
U000003,MOV101027,3,08-25-21
U000001,MOV106540,4,10-31-25
U000119,MOV119635,1,01-15-19
U000978,MOV103578,4,10-16-24
U001254,MOV119635,3,10-24-23
U000002,MOV105990,5,11-22-22
U000008,MOV113825,5,02-06-24
U000001,MOV118556,4,06-26-22
U000030,MOV119635,5,06-13-21
U000674,MOV103605,3,03-28-22
U000020,MOV105990,4,03-25-24
U000046,MOV117905,5,06-10-24
U000001,MOV105990,4,09-28-20
U000001,MOV113778,3,06-16-21
U000029,MOV112232,4,07-07-25
U000727,MOV110828,2,10-27-24
U000001,MOV110790,4,01-28-24
U000004,MOV108529,2,05-11-20
U000001,MOV109943,,11-20-25
U000011,MOV104873,5,09-20-24
U000342,MOV101108,5,09-01-24
U000009,MOV108616,3,01-21-19
U001200,MOV113195,2,06-01-25
U000001,MOV100006,4,08-24-16
U000030,MOV111029,4,01-30-21
U000004,MOV119635,1,02-11-22
U003135,MOV114896,3,06-25-24
U000444,MOV111384,3,11-13-20
U003688,MOV119635,3,04-20-20
U002468,MOV102730,5,
U000052,MOV100006,3,10-10-17
U001522,MOV104826,3,05-08-23
U000002,MOV100006,2,06-17-22
U000294,MOV100006,4,09-18-19
U002134,MOV100006,4,05-25-22
U000005,MOV119204,4,04-25-17
U000071,MOV100262,4,02-04-22
U000002,MOV117349,3,11-22-24
U001838,MOV114601,4,06-27-15
U000003,MOV105745,5,05-03-23
U000003,MOV112232,4,05-03-22
U000152,MOV104697,3,05-14-22
U000001,MOV104697,2,01-29-22
U000207,MOV113048,4,07-02-25
U000253,MOV100006,4,01-13-22
U000029,MOV117793,5,12-20-25
U000005,MOV100006,5,03-20-19
U000012,MOV105644,4,07-13-24
U000373,MOV101108,5,01-15-23
U000003,MOV114601,5,07-20-20
U003299,MOV119635,4,09-05-25
U000277,MOV117128,2,08-08-24
U000050,MOV109221,3,09-20-21
U000002,MOV100006,4,08-08-16
U000003,MOV108712,2,10-23-18
U000002,MOV100006,5,09-25-25
U000025,MOV114993,4,04-16-19
U000001,MOV118556,4,12-17-24
U000042,MOV111029,2,
U001270,MOV119635,5,11-22-24
U000993,MOV108805,3,01-15-25
U000439,MOV114626,3,03-21-25
U000065,MOV113048,5,10-02-20
U000001,MOV111034,5,08-16-21
U000119,MOV100557,4,11-16-24
U000405,MOV114510,5,04-30-24
U001030,MOV105847,4,02-25-23
U000065,MOV114626,4,12-03-25
U000571,MOV100006,5,04-04-22
U000002,MOV107772,5,06-28-23
U000023,MOV100006,3,07-02-24
U000009,MOV118556,3,11-20-20
U000001,MOV100006,4,10-29-15
U000002,MOV117251,2,12-17-24
U000001,MOV110026,5,10-19-23
U000043,MOV104768,5,03-06-19
U000001,MOV119635,4,07-18-16
U000008,MOV109221,3,09-29-25
U000425,MOV100006,5,08-17-24
U000220,MOV119311,5,08-03-15
U000002,MOV100006,3,11-28-25
U000001,MOV114626,4,08-31-16
U000016,MOV112362,1,04-06-19
U000001,MOV119272,4,01-10-22
U000001,MOV119635,3,05-12-16
U000037,MOV107070,3,01-15-20
U000003,MOV100006,5,09-21-24
U000058,MOV105990,5,08-13-20
U000403,MOV100491,2,10-07-23
U000114,MOV100006,3,09-20-25
U000345,MOV117378,4,02-21-25
U000002,MOV114462,3,06-07-24
U000025,MOV117135,2,07-24-25
U000027,MOV100006,3,04-15-24
U000007,MOV117251,3,10-12-23
U000004,MOV112085,3,11-20-25
U000001,MOV100342,4,07-01-23
U000801,MOV101202,4,01-05-18
U000011,MOV119272,4,03-26-20
U000055,MOV100006,3,07-22-20
U000001,MOV119660,3,05-16-24
U000041,MOV101108,4,03-04-23
U000004,MOV105715,4,10-06-17
U000001,MOV119272,3,11-08-17
U000005,MOV106333,5,12-17-24
U000006,MOV103577,3,05-02-23
U000094,MOV104768,3,11-10-25
U000001,MOV114992,4,04-17-25
U000065,MOV100006,3,11-12-25
U000001,MOV119292,2,12-30-24
U000002,MOV110149,4,12-23-16
U000076,MOV101202,1,06-22-22
U000004,MOV108100,3,10-04-21
U000032,MOV119635,5,06-12-23
U000048,MOV113048,3,11-06-24
U000003,MOV110828,1,03-09-23
U000001,MOV119635,4,07-31-23
U000039,MOV118556,5,11-20-24
U000381,MOV108053,1,03-18-25
U000005,MOV102801,3,02-28-25
U000002,MOV104975,4,02-06-24
U000001,MOV105990,5,03-22-25
U000002,MOV100006,3,05-26-21
U000037,MOV113800,4,03-04-21
U001719,MOV109660,4,04-14-16
U000002,MOV119635,4,03-07-20
U000001,MOV100006,4,11-17-24
U000001,MOV119635,4,10-22-21
U001642,MOV101108,5,07-08-22
U000055,MOV104663,4,06-01-20
U000191,MOV108068,2,10-03-22
U000013,MOV114909,5,04-19-24
U000045,MOV118902,3,12-11-18
U000065,MOV108448,4,04-16-23
U000002,MOV114626,5,01-15-25
U000024,MOV117948,2,02-25-25
U000010,MOV105990,2,10-04-25
U000005,MOV103558,5,07-26-23
U000001,MOV100006,4,04-04-15
U000016,MOV101617,5,01-26-20
U000053,MOV100426,5,10-19-24
U001178,MOV109221,3,09-25-18
U000016,MOV117749,5,11-19-20
U000001,MOV111029,4,12-13-24
U000258,MOV101027,1,02-04-17
U000005,MOV109748,4,08-16-21
U000227,MOV105990,5,12-15-25
U000502,MOV119635,3,06-17-24
U000010,MOV115170,1,01-18-24
U002801,MOV106689,4,12-26-17
U000003,MOV119635,4,05-27-19
U000002,MOV101108,4,05-09-24
U000020,MOV113048,4,04-05-24
U000993,MOV110026,5,11-18-15
U000002,MOV100006,1,05-04-22
U000003,MOV112886,3,06-07-25
U001080,MOV117835,4,01-09-23
U000126,MOV101108,3,05-12-24
U004083,MOV106424,3,07-27-20
U000004,MOV106037,3,03-22-17
U000001,MOV105896,1,01-08-24
U000314,MOV100006,3,03-11-23
U002239,MOV116641,5,11-25-15
U000003,MOV112389,3,01-11-20
U000011,MOV105482,3,07-15-20
U000010,MOV110790,3,10-08-19
U000001,MOV119635,5,08-15-18
U000020,MOV118556,5,01-08-24
U000001,MOV118556,3,07-19-23
U000006,MOV100006,1,11-08-23
U000109,MOV119635,4,09-21-22
U000004,MOV115563,4,04-17-19
,MOV112232,3,02-23-25
U000001,MOV111455,5,01-24-19
U000082,MOV109166,4,05-02-18
U000002,MOV111134,3,06-27-22
U000001,MOV100006,3,08-25-23
U000001,MOV114601,5,10-15-17
U000003,MOV113766,4,10-04-24
U000001,MOV115189,2,05-23-19
U002420,MOV113048,4,10-06-24
U001531,MOV118630,4,02-16-22
U000001,MOV100006,4,08-26-19
U000004,MOV103605,5,11-25-24
U000001,MOV119272,4,12-03-25
U000005,MOV100006,3,09-01-20
U000050,MOV117948,5,09-23-17
U000002,MOV118828,2,12-05-16
U000001,MOV111519,4,03-13-20
U000001,MOV105644,4,08-22-17
U000102,MOV110026,4,09-12-25
U000012,MOV117812,2,08-25-20
U000001,MOV101108,1,05-15-20
U000002,MOV119272,3,09-08-25
U000015,MOV119635,3,06-08-18
U000199,MOV103788,2,04-28-20
U000016,MOV116580,4,12-24-22
U000003,MOV113595,3,06-07-24
U000002,MOV119198,5,10-31-23
U000007,MOV105990,4,07-31-24
U000008,MOV110790,3,02-22-20
U000492,MOV100006,4,12-25-23
U000378,MOV109140,3,06-08-22
U000349,MOV119272,4,01-16-16
U000004,MOV100006,2,01-16-16
U000002,MOV101940,5,03-28-25
U000001,MOV100006,3,08-20-22
U000001,MOV116787,4,11-30-24
U000073,MOV105990,4,01-18-18
U000050,MOV110081,2,09-02-25
U000161,MOV119272,4,01-04-17
U000003,MOV117066,1,10-16-23
U000002,MOV111275,5,03-30-19
U000011,MOV111159,3,11-22-22
U000002,MOV100006,2,12-15-23
U000003,MOV105990,3,12-22-24
U000173,MOV109221,5,01-18-21
U000001,MOV100006,4,11-24-25
U000020,MOV105896,2,04-25-22
U000420,MOV119635,2,07-03-20
U000006,MOV100006,4,08-26-24
U000001,MOV116169,4,07-17-25
U000600,MOV101237,5,07-20-25
U000099,MOV103182,2,07-06-15
U000001,MOV119272,5,11-09-23
U000084,MOV103605,4,07-18-15
U000002,MOV116381,4,01-18-20
U000009,MOV106460,3,01-16-25
U000109,MOV100557,4,11-08-23
U000002,MOV106037,3,09-16-21
U000023,MOV119635,3,03-04-21
U000003,MOV119204,4,02-02-23
U000001,MOV112733,4,11-01-23
U000002,MOV111001,4,12-11-23
U000224,MOV111849,3,10-14-23
U000008,MOV100262,1,11-24-20
U000007,MOV115759,4,10-16-25
U000002,MOV108391,5,03-21-20
U000041,MOV119635,2,03-22-22
U000010,MOV103605,5,12-30-24
U000002,MOV103719,4,06-15-19
U000002,MOV118556,3,11-14-25
U000889,MOV100006,4,10-30-24
U002389,MOV109602,4,10-21-15
U000001,MOV111936,5,10-04-25
U000003,MOV119554,5,11-10-21
U000037,MOV105990,2,08-10-25
U000736,MOV100006,3,05-23-22
U000003,MOV106030,1,10-25-20
U000001,MOV103605,4,01-05-25
U000002,MOV114626,4,08-24-24
U000170,MOV119272,3,12-21-20
U000001,MOV119722,3,09-23-22
U000150,MOV117066,2,04-04-16
U000223,MOV119018,2,07-12-22
U000284,MOV112641,4,03-17-25
U000002,MOV118543,4,01-04-23
U000001,MOV104521,3,10-01-20
U000001,MOV111058,3,01-24-22
U000164,MOV118556,4,11-08-25
U000005,MOV112325,3,
U000001,MOV107440,1,11-23-19
U000041,MOV113766,2,05-22-24
U000001,MOV105896,5,10-26-25
U000231,MOV100006,4,04-07-24
U000002,MOV110790,4,09-28-25
U000036,MOV119660,2,04-25-23
U004397,MOV106333,4,04-10-25
U000049,MOV117251,3,06-15-21
U000018,MOV100006,2,06-25-18
U000001,MOV119204,2,10-27-23
U000001,MOV110026,4,09-24-18
U000172,MOV100006,4,10-20-24
U000015,MOV116580,4,06-23-25
U000019,MOV109781,3,03-06-25
U000009,MOV108557,5,02-07-23
U000002,MOV101202,4,09-29-23
U000001,MOV105990,3,08-24-23
U000004,MOV113048,3,01-13-25
U000951,MOV100006,1,08-30-24
U000054,MOV118089,4,07-08-25
U000250,MOV118397,4,09-22-20
U000001,MOV119635,2,04-23-17
U000001,MOV117287,2,04-25-18
U000363,MOV100006,5,10-24-25
U000020,MOV105990,4,11-13-20
U000001,MOV100006,3,01-29-24
U003589,MOV119272,4,04-20-24
U000003,MOV115150,1,05-28-25
U002967,MOV108953,5,05-25-20
U000001,MOV109486,2,08-12-18
U000002,MOV114110,2,
U000001,MOV101108,3,04-10-21
U000004,MOV100006,3,08-06-25
U000015,MOV112206,3,06-21-25
U000018,MOV117948,3,07-09-24
U000003,MOV116222,2,12-29-17
U000069,MOV100006,5,12-24-24
U000001,MOV105470,5,03-20-25
U000002,MOV107717,4,12-26-20
U000051,MOV100006,3,12-25-18
U000017,MOV106689,4,04-04-22
U000031,MOV110828,4,09-29-21
U000009,MOV103334,3,09-29-23
U000004,MOV119635,3,06-16-20
U000002,MOV101086,,06-15-21
U000001,MOV105990,4,11-15-19
U000018,MOV105153,4,12-03-21
U000001,MOV105644,4,06-15-24
U000003,MOV117541,2,10-23-23
U000002,MOV101108,5,06-11-25
U000002,MOV100006,5,08-12-24
U000001,MOV101108,5,02-20-24
U000005,MOV105990,3,11-18-22
U000168,MOV113048,4,03-31-24
U000014,MOV102666,3,11-28-25
U000006,MOV107788,2,03-17-22
U000590,MOV110047,4,01-14-25
U000003,MOV114993,5,03-22-21
U000002,MOV100006,3,10-08-22
U000004,MOV112632,4,02-01-20
U000004,MOV118988,2,05-20-24
U000002,MOV101861,3,04-22-15
U003871,MOV100006,2,05-12-22
U000001,MOV100006,2,07-04-20
U000833,MOV119635,5,12-26-23
U000031,MOV115463,1,07-26-19
U000025,MOV116538,4,10-11-24
U000022,MOV113418,1,11-04-21
U000001,MOV114909,4,01-08-18
U000002,MOV119635,2,09-30-20
U000182,MOV119635,3,09-05-18
U000110,MOV118543,5,01-02-17
U000515,MOV106608,4,12-17-25
U000001,MOV116050,5,08-04-20
U000034,MOV100006,4,06-15-20
U003317,MOV102994,3,05-22-19
U000004,MOV119272,4,09-28-22
U000161,MOV108506,2,09-01-21
U001763,MOV104768,1,11-18-25
U000001,MOV110084,5,10-16-22
U000001,MOV100006,5,05-19-25
U000001,MOV119272,4,05-16-17
U000012,MOV101108,3,11-08-17
U000002,MOV114896,4,09-20-23
U000135,MOV119635,4,11-07-25
U000002,MOV106110,3,11-06-25
U000001,MOV100006,3,04-09-25
U000070,MOV100006,4,07-19-25
U000014,MOV100006,5,02-18-25
U000001,MOV100006,5,09-27-19
U000677,MOV119635,5,03-15-20
U000007,MOV109221,4,10-09-21
U000001,MOV105813,3,08-01-25
U000016,MOV116796,4,06-04-20
U000061,MOV105990,3,02-08-21
U000001,MOV117689,4,09-21-23
U001241,MOV100006,4,10-06-23
U000003,MOV114993,3,10-07-25
U000083,MOV119635,2,11-20-18
U003904,MOV102303,1,10-02-25
U000003,MOV103605,5,08-12-22
U000011,MOV107363,5,07-30-24
U000019,MOV106333,4,08-13-24
U001042,MOV105595,3,03-07-21
U003463,MOV101108,4,04-07-19
U001359,MOV110026,3,07-20-21
U000001,MOV116663,3,03-27-20
U000001,MOV113048,3,10-28-17
U000085,MOV119635,3,10-08-25
U000009,MOV109584,2,10-06-20
U000029,MOV116977,5,11-24-23
U000031,MOV101864,4,08-19-16
U000002,MOV119635,1,09-07-15
U000004,MOV116222,4,05-10-15
U000034,MOV102996,5,07-31-25
U000191,MOV114896,3,05-17-23
U000007,MOV119635,4,07-22-20
U000054,MOV109993,4,11-16-22
U000042,MOV105990,3,05-23-19
U000033,MOV101202,3,07-31-21
U000001,MOV107885,4,09-19-25
U000003,MOV103605,5,05-26-22
U000003,MOV100006,4,03-22-16
U004013,MOV102513,4,08-15-24
U000619,MOV112903,2,04-13-25
U000010,MOV110475,3,05-30-25
U000001,MOV101108,4,11-12-22
U000054,MOV117251,5,03-13-24
U003916,MOV100006,4,02-27-22
U000004,MOV101108,3,04-09-24
U001225,MOV105990,3,01-20-15
U000001,MOV114797,4,10-17-21
U000003,MOV102396,3,07-07-25
U000001,MOV119272,5,01-23-22
U000013,MOV101108,3,07-05-18
U000063,MOV106590,5,06-10-18
U000587,MOV111029,3,02-25-24
U000024,MOV100006,4,07-29-25
U000027,MOV119635,4,05-15-17
U000010,MOV100006,4,07-14-24
U000161,MOV114784,4,06-28-21
U000005,MOV109602,4,12-01-17
U000033,MOV105990,4,01-25-24
U000011,MOV113223,4,12-05-19
U000001,MOV109221,5,11-14-24
U000036,MOV104768,5,03-02-23
U000081,MOV116710,5,12-31-22
U000169,MOV102884,5,07-19-23
U000075,MOV107070,4,06-05-15
U000006,MOV119272,3,
U003279,MOV113048,3,03-15-17
U001368,MOV119204,1,04-12-18
U000074,MOV101108,4,08-09-17
U000096,MOV100006,4,11-14-16
U000004,MOV119635,3,11-30-25
U000004,MOV114896,5,07-13-25
U001359,MOV118061,3,07-09-20
U000024,MOV119660,1,09-10-24
U001657,MOV107961,5,10-09-20
U000021,MOV119021,1,04-08-21
U000001,MOV116837,5,01-06-24
U000125,MOV109711,5,09-20-25
U000001,MOV110026,3,10-12-23
U000010,MOV100006,3,05-31-16
U000303,MOV113048,3,08-26-21
U000125,MOV102729,4,12-28-24
U000040,MOV101108,2,07-21-19
U000003,MOV100006,3,04-23-25
U000237,MOV108792,3,05-08-25
U000084,MOV111472,1,12-10-22
U000678,MOV101108,3,06-20-23
U000006,MOV101108,3,11-22-17
U000775,MOV106165,5,05-13-25
U000049,MOV100050,4,02-02-25
U000006,MOV101108,4,09-13-21
U000684,MOV115929,4,08-11-22
U000024,MOV116429,3,05-08-19
U000651,MOV109280,5,01-31-20
U000001,MOV104905,4,12-31-16
U000001,MOV105990,3,07-26-17
U000001,MOV114896,3,07-11-25
U000101,MOV102525,4,04-09-24
U000011,MOV113233,4,04-03-16
U000003,MOV109221,4,06-05-25
U000005,MOV100006,3,12-07-25
U000053,MOV115929,3,08-22-25
U000007,MOV106333,3,09-22-21
U000001,MOV116552,3,10-13-25
U000018,MOV106333,4,02-07-16
U000013,MOV119660,3,04-25-18
U000084,MOV105990,4,12-31-20
U000025,MOV111167,5,11-26-25
U000001,MOV114626,1,05-21-22
U000502,MOV119272,4,11-28-25
U000158,MOV107609,5,10-26-21
U000008,MOV114993,3,01-21-25
U000002,MOV119635,4,04-26-17
U000004,MOV110995,4,08-17-23
U000003,MOV110118,5,10-02-24
U000095,MOV108836,5,10-07-24
U000057,MOV119660,5,12-23-24
U000014,MOV114199,4,05-26-25
U000165,MOV104319,4,02-16-22
U000001,MOV111034,2,09-29-20
U000038,MOV105681,4,01-26-21
U000004,MOV110026,3,03-19-25
U000001,MOV113048,4,11-19-21
U000030,MOV118556,4,12-03-22
U000004,MOV106458,4,12-21-22
U000001,MOV113048,4,12-17-24
U000006,MOV104621,5,08-28-21
U002406,MOV119635,2,10-15-23
U000001,MOV119635,2,05-28-25
U000197,MOV114626,2,09-13-25
U000022,MOV100006,3,07-22-18
U000388,MOV112632,4,05-26-18
U000002,MOV100006,3,12-02-23
U000001,MOV116563,3,08-05-21
U000002,MOV110828,4,07-29-19
U002868,MOV107386,4,05-15-21
U000001,MOV100006,3,08-11-25
U000011,MOV108903,5,07-04-23
U000005,MOV101992,1,10-30-24
U000001,MOV114415,1,11-05-15
U000004,MOV113048,2,08-18-19
U003034,MOV101224,4,05-15-25
U000002,,2,09-23-24
U000010,MOV100006,3,07-30-18
U000001,MOV110957,3,10-28-18
U000007,MOV113800,3,06-08-25
U000001,MOV103779,3,10-26-22
U003355,MOV110415,3,12-15-22
U000103,MOV101718,2,01-05-25
U000008,MOV112065,5,10-23-16
U000065,MOV100006,1,04-12-23
U000008,MOV103573,2,03-31-20
U000006,MOV101718,2,10-14-21
U000225,MOV116392,3,06-02-17
U000001,MOV113048,4,04-30-22
U000134,MOV100006,4,03-19-23
U000101,MOV119635,5,04-09-25
U000179,MOV108391,1,10-13-22
U000770,MOV114516,5,12-01-25
U000004,MOV107828,1,01-30-25
U000014,MOV118973,1,10-08-19
U000027,MOV118328,3,12-17-24
U000001,MOV101108,3,01-17-23
U000033,MOV101390,1,01-31-18
U000001,MOV118342,4,11-24-25
U000007,MOV118374,3,04-26-17
U002247,MOV100006,2,08-17-24
U000293,MOV117948,5,08-16-22
U000003,MOV100006,3,08-20-22
U000004,MOV112232,2,07-18-20
U000111,MOV112692,5,11-03-25
U000045,MOV104018,5,07-04-25
U004154,MOV110026,5,06-20-22
U000004,MOV114391,4,05-11-21
U000539,MOV105990,4,05-07-21
U000004,MOV112232,3,01-17-22
U002381,MOV100006,4,07-29-18
U000018,MOV117885,4,04-18-23
U001011,MOV110790,2,08-29-17
U000001,MOV119635,3,09-29-24
U000067,MOV101202,4,03-11-21
U000005,MOV105896,3,10-29-18
U000031,MOV109221,3,05-15-16
U000042,MOV100199,4,06-02-19
U000002,MOV119635,3,09-24-25
U000001,MOV105990,4,09-18-20
U000053,MOV117251,2,02-03-16
U000001,MOV103334,4,11-14-25
U000002,MOV119635,5,04-30-25
U001997,MOV103782,5,04-03-25
U000001,MOV104333,4,05-03-25
U000006,MOV100006,5,10-28-21
U000003,MOV100006,2,03-29-20
U000005,MOV101714,4,02-03-22
U000014,MOV119660,4,09-13-21
U000146,MOV111075,3,12-07-25
U000403,MOV100006,5,07-08-20
U001881,MOV100006,5,11-17-19
U000047,MOV112218,4,12-01-24
U000004,MOV119635,5,08-18-19
U000002,MOV110026,2,05-02-25
U000031,MOV105990,5,11-04-21
U000232,MOV119635,4,01-11-25
U000095,MOV112763,3,04-29-25
U001151,MOV105990,3,07-30-24
U000001,MOV103610,3,08-04-22
U000243,MOV102292,2,07-06-22
U000009,MOV109759,4,12-15-23
U000002,MOV114896,4,06-10-24
U000003,MOV109221,5,10-17-19
U000027,MOV118556,4,05-08-17
U000050,MOV111159,4,07-12-22
U001123,MOV103962,4,01-29-25
U000251,MOV109232,5,02-06-20
U000145,MOV112735,4,01-07-22
U000001,MOV100006,1,03-05-17
U000034,MOV119635,4,01-16-17
U000132,MOV100006,4,10-18-19
U001091,MOV100044,3,07-05-24
U000001,MOV104979,4,10-23-25
U000003,MOV103827,5,03-03-17
U000037,MOV109874,4,04-09-22
U000012,MOV112016,5,04-30-22
U000004,MOV119272,4,09-19-24
U000001,MOV118765,5,01-21-22
U000001,MOV113259,5,12-28-23
U000003,MOV110026,4,11-16-24
U000002,MOV100831,3,03-17-24
U000002,MOV116329,4,08-30-23
U000004,MOV114784,5,11-19-19
U000009,MOV100006,5,11-19-15
U000001,MOV119272,3,03-28-23
U000050,MOV119272,4,05-28-21
U000001,MOV118556,5,07-18-24
U000002,MOV119272,3,06-27-21
U000002,MOV108886,5,03-05-22
U000335,MOV117128,3,03-06-20
U000001,MOV118556,3,08-21-24
U000021,MOV109291,3,08-11-22
U000001,MOV118447,4,05-14-15
U000003,MOV100006,4,06-10-16
U000004,MOV105077,4,10-26-21
U000043,MOV116181,4,11-25-16
U000071,MOV102801,3,02-26-19
U000001,MOV100006,3,05-14-23
U000263,MOV110475,5,06-09-25
U000082,MOV106165,5,12-19-23
U000096,MOV105644,3,02-22-25
U000049,MOV119635,3,03-15-22
U000172,MOV103952,4,07-08-23
U000007,MOV118556,3,03-10-21
U000001,MOV119635,3,12-30-21
U000061,MOV100006,2,12-25-23
U000005,MOV100006,4,06-05-25
U000014,MOV101661,2,11-06-23
U000021,MOV117948,3,07-08-24
U000001,MOV112085,3,12-09-16
U000017,MOV103643,4,04-17-22
U001395,MOV115311,4,10-01-23
U000377,MOV105990,3,05-21-22
U000022,MOV114855,5,08-14-21
U000004,MOV109129,4,07-31-23
U001497,MOV118556,5,10-24-25
U000035,MOV114993,3,08-31-22
U000002,MOV115823,4,05-16-19
U003590,MOV100006,2,
U000001,MOV100006,2,09-25-21
U000138,MOV109288,4,08-24-20
U000182,MOV106594,5,08-15-24
U000002,MOV119635,4,10-06-24
U000001,MOV114626,5,02-28-21
U000002,MOV119635,3,02-21-23
U000004,MOV100199,4,04-02-24
U003508,MOV115199,4,06-13-18
U000003,MOV101011,2,05-13-23
U000450,MOV105990,4,04-15-23
U000002,MOV111217,5,11-10-23
U000001,MOV119635,4,09-18-16
U000003,MOV100006,3,05-10-22
U000005,MOV119272,5,09-20-20
U000001,MOV114993,1,09-21-24
U000213,MOV100006,5,03-22-18
U000225,MOV111245,5,08-04-25
U000003,MOV100713,4,12-19-24
U000131,MOV108062,1,09-18-19
U000046,MOV103334,4,11-05-18
U000007,MOV118049,4,11-27-25
U000003,MOV111925,4,03-09-25
U000281,MOV109422,5,12-08-21
U000003,MOV100006,2,05-14-18
U000002,MOV113692,5,09-13-24
U000009,MOV106850,5,08-19-20
U000010,MOV119635,3,04-02-21
U000007,MOV103328,4,07-06-25
U000006,MOV118556,4,06-03-22
U000106,MOV119635,3,06-22-24
U000005,MOV106850,4,04-12-20
U000001,MOV109221,2,02-10-24
U000003,MOV119204,1,07-03-21
U000126,MOV100006,3,01-28-24
U000001,MOV100839,3,01-24-21
U000005,MOV108419,4,10-26-19
U000266,MOV101718,1,11-30-24
U000001,MOV105764,4,10-18-25
U000307,MOV111159,3,06-18-24
U000002,MOV105364,2,02-13-22
U000003,MOV114626,4,11-03-21
U000002,MOV112660,5,08-01-22
U000004,MOV113876,3,01-02-25
U000001,MOV118556,5,09-09-22
U000023,MOV108912,2,06-26-22
U000006,MOV105832,4,02-05-24
U000001,MOV105340,4,01-24-19
U000057,MOV119635,5,07-11-25
U000004,MOV100006,2,06-27-22
U000333,MOV108361,3,10-26-19
U000004,MOV100557,5,12-01-17
U000035,MOV105990,3,09-11-24
U000001,MOV103969,3,12-28-25
U000138,MOV109602,4,10-29-20
U000004,MOV105990,3,06-21-19
U000013,MOV119272,3,11-08-17
U000002,MOV118120,4,10-25-21
U000001,MOV108217,5,08-25-24
U000032,MOV104215,4,04-11-22
U000012,MOV117348,4,05-22-23
U000004,MOV109221,3,11-21-24
U003525,MOV104768,4,03-22-20
U000578,MOV116336,3,08-05-25
U000009,MOV100951,4,10-02-25
U000001,MOV100006,2,11-14-25
U000003,MOV105422,4,10-28-25
U000050,MOV100006,4,01-08-24
U001200,MOV100006,3,12-06-25
U000039,MOV114626,,02-09-24
U000001,MOV108026,5,03-14-20
U000084,MOV111692,1,09-21-23
U000001,MOV104975,3,03-13-21
U000003,MOV100006,4,12-15-25
U000235,MOV100006,3,09-08-24
U000003,MOV105990,5,08-11-25
U000093,MOV105990,4,02-11-18
U000002,MOV112024,2,04-21-22
U000098,MOV119738,4,10-23-19
U000001,MOV100006,4,05-17-23
U000199,MOV111271,5,05-11-16
U000435,MOV112232,1,03-26-20
U000002,MOV103718,4,06-27-25
U000003,MOV110026,5,12-24-25
U000644,MOV114017,5,05-24-25
U000003,MOV100006,4,06-04-23
U000010,MOV110262,2,09-21-16
U000008,MOV108691,5,09-19-22
U000006,MOV105644,5,04-26-25
U000360,MOV119714,5,09-13-22
U000167,MOV108832,4,09-04-20
U000006,MOV117364,3,09-18-25
U000006,MOV113223,4,01-25-18
U000053,MOV114780,1,11-17-25
U000413,MOV112579,5,07-20-21
U000004,MOV100006,4,05-17-23
U000008,MOV117793,2,06-15-24
U000011,MOV105702,2,01-30-23
U000006,MOV110262,3,01-02-24
U000001,MOV100006,4,12-05-25
U000006,MOV110262,3,11-14-20
U000003,MOV105644,2,02-12-25
U000005,MOV100006,4,11-09-24
U000008,MOV109221,3,01-04-16
U000004,MOV119272,4,07-23-19
U000005,MOV113815,4,02-16-21
U000027,MOV113768,3,09-24-25
U000002,MOV115537,4,10-27-20
U000001,MOV116564,4,04-15-21
U000019,MOV104321,4,12-26-24
U000004,MOV114993,2,12-02-23
U000013,MOV104967,2,02-22-23
U000018,MOV100006,4,06-02-19
U000299,MOV119635,3,03-22-17
U000057,MOV109221,4,12-18-18
U000001,MOV117948,2,03-08-18
U000005,MOV100006,4,01-09-18
U000002,MOV110475,3,04-02-15
U000145,MOV119635,5,04-30-16
U000038,MOV116505,4,07-06-16
U000001,MOV119272,2,12-25-25
U000006,MOV109166,2,10-28-17
U000057,MOV105174,4,02-22-23
U000011,MOV111271,4,11-24-25
U000001,MOV103334,2,02-07-19
U000147,MOV119635,2,12-18-25
U000002,MOV114993,1,07-19-23
U000089,MOV109652,5,04-26-24
U000003,MOV109340,5,10-12-21
U002204,MOV112425,4,09-18-19
U000001,MOV109658,3,10-30-25
U000044,MOV100006,4,03-03-25
U000001,MOV119667,5,01-21-23
U000001,MOV105896,4,03-04-25
U000256,MOV119204,4,07-14-19
U000331,MOV106701,4,07-05-24
U002869,MOV101202,5,08-22-21
U000964,MOV100006,1,07-13-20
U000489,MOV112058,1,03-07-24
U001913,MOV106916,4,07-17-23
U000142,MOV105990,3,12-12-21
U000001,MOV100006,3,11-05-17
U000008,MOV111271,5,10-17-16
U000008,MOV104768,3,12-20-19
U000785,MOV114626,3,01-01-24
U000003,MOV103336,3,05-08-25
U000035,MOV104147,4,12-10-25
U000547,MOV103145,3,12-28-19
U000006,MOV119030,5,06-12-23
U000006,MOV102095,3,06-09-23
U000120,MOV110026,4,02-08-17
U000021,MOV115811,4,05-02-21
U000061,MOV119635,4,03-07-23
U000003,MOV110304,5,07-25-18
U000071,MOV101108,1,03-12-17
U001243,MOV110026,4,11-12-19
U003286,MOV117851,3,04-28-20
U000010,MOV103438,4,06-13-25
U000022,MOV116254,3,05-17-24
U000001,MOV116235,5,05-09-23
U000004,MOV104663,5,06-26-21
U000005,MOV117741,3,05-16-25
U000013,MOV110026,4,10-16-25
U000004,MOV113766,5,12-28-24
U000031,MOV119272,2,05-11-22
U000004,MOV113976,5,08-14-22
U000007,MOV119578,4,07-30-22
U000001,MOV105896,4,
U000010,MOV106941,4,08-12-20
U000001,MOV119272,4,07-16-21
U000009,MOV100006,4,01-28-23
U000001,MOV113737,4,05-29-25
U003063,MOV104975,4,12-12-25
U000006,MOV100362,3,06-08-25
U000028,MOV118608,4,04-10-25
U000001,MOV105636,4,06-12-24
U000003,MOV100006,4,02-08-20
U000003,MOV107585,5,01-31-24
U000001,MOV101108,3,01-16-23
U001769,MOV100557,1,06-22-20
U000049,MOV111338,4,08-21-21
U000009,MOV114626,5,10-05-22
U000071,MOV108108,4,06-03-21
U000001,MOV105612,3,07-21-23
U000214,MOV111029,4,11-11-17
U000030,MOV105896,3,08-10-15
U002771,MOV105644,3,12-25-19
U000084,MOV119635,2,10-09-20
U004474,MOV103334,5,08-31-19
U000142,MOV102023,1,07-19-22
U000338,MOV103995,1,08-31-22
U000001,MOV100006,1,03-21-24
U001083,MOV103248,3,11-01-21
U000017,MOV114626,4,01-31-23
U000001,MOV117948,3,03-14-24
U000189,MOV110026,5,04-30-22
U000002,MOV118556,2,
U000234,MOV114993,4,03-10-20
U000061,MOV119590,3,04-15-24
U000007,MOV113615,3,01-10-25
U000022,MOV118556,1,06-01-18
U000001,MOV118089,4,07-30-17
U000006,MOV112232,3,02-26-24
U003208,MOV119635,5,06-10-15
U001450,MOV105987,4,10-20-16
U000013,MOV101922,4,06-07-23
U000009,MOV105185,3,05-03-21
U000006,MOV110790,4,03-10-21
U000006,MOV108506,5,11-23-24
U000006,MOV105402,1,05-28-17
U000018,MOV101108,2,12-24-25
U001745,MOV110026,5,12-21-25
U000041,MOV104027,4,07-24-22
U000001,MOV100006,3,05-15-25
U000001,MOV100006,3,02-07-18
U000002,MOV110939,5,04-22-24
U000001,MOV116470,,07-12-21
U000001,MOV119272,3,01-25-22
U000030,MOV103153,1,01-07-22
U000048,MOV109315,1,07-13-22
U000002,MOV100006,4,04-24-18
U000179,MOV119841,5,09-14-23
U000001,MOV109795,4,12-09-24
U000684,MOV100006,4,08-08-21
U000048,MOV119635,5,06-23-22
U000003,MOV119635,1,03-06-23
U000001,MOV111866,5,10-24-24
U000017,MOV119204,3,01-30-22
U000001,MOV105480,4,06-24-23
U000013,MOV110262,5,03-27-23
U000172,MOV114626,5,06-14-22
U000001,MOV104333,4,05-28-25
U000342,MOV113048,4,10-01-18
U000044,MOV114811,2,04-03-24
U000017,MOV116580,5,12-05-16
U000517,MOV109221,4,12-21-25
U000011,MOV119272,4,09-28-19
U000043,MOV100006,3,01-17-25
U000011,MOV102534,3,11-29-24
U000234,MOV119635,3,06-06-22
U000815,MOV105990,4,12-31-23
U000011,MOV113766,3,11-02-25
U000001,MOV113048,3,05-09-20
U000001,MOV100487,4,09-14-18
U000112,MOV109873,3,10-31-22
U000078,MOV119204,1,
U000068,MOV119635,4,04-24-20
U000001,MOV113048,3,08-10-22
U000007,MOV108791,1,05-14-17
U000006,MOV100006,4,
U000001,MOV105222,2,06-13-25
U000001,MOV116710,3,07-06-25
U000005,MOV100006,3,08-07-20
U000011,MOV119491,5,08-10-15
U000300,MOV119635,4,09-05-17
U000004,MOV114473,3,03-16-25
U000001,MOV105606,4,03-13-17
U000001,MOV100006,4,04-26-18
U000401,MOV100006,4,05-07-23
U000073,MOV109993,4,01-21-25
U002938,MOV117940,3,11-06-22
U000001,MOV103334,3,07-27-20
U000015,MOV111924,2,09-25-17
U000031,MOV101681,3,10-20-25
U000017,MOV113048,3,12-19-21
U000235,MOV119754,4,09-25-18
U000001,MOV119272,2,12-06-23
U000003,MOV108904,4,12-05-17
,MOV105595,4,03-09-25
U000001,MOV116203,3,09-03-25
U000207,MOV118556,3,08-18-15
U000014,MOV105990,2,01-25-22
U000001,MOV112981,4,04-04-25
U000516,MOV100006,3,08-12-19
U000064,MOV107732,5,11-12-24
U000006,MOV116536,3,05-21-24
U000003,MOV101202,3,05-17-15
U001315,MOV112763,5,05-02-25
U001282,MOV118556,5,02-11-25
U000034,MOV107386,3,12-03-25
U000006,MOV106834,4,02-02-19
U000001,MOV104697,4,08-29-23
U000001,MOV101265,5,06-03-20
U000009,MOV113160,3,06-03-19
U000012,MOV112903,4,12-22-20
U000001,MOV119635,4,07-04-25
U000001,MOV100006,4,06-17-25
U000571,MOV102303,3,12-12-25
U000034,MOV119544,3,01-08-21
U000003,MOV119635,4,08-03-24
U000018,MOV100006,4,10-11-25
U001536,MOV100006,3,12-01-21
U000002,MOV119635,4,04-04-24
U000011,MOV113043,4,11-01-25
U000048,MOV105990,1,07-08-25
U001124,MOV116956,3,02-16-24
U000055,MOV110026,5,03-25-19
U000001,MOV114409,2,11-16-25
U000808,MOV118510,5,08-21-25
U000057,MOV105880,4,06-24-20
U000258,MOV100006,4,08-13-24
U000005,MOV114790,4,10-14-25
U000007,MOV112232,3,05-01-17
U000085,MOV116556,2,03-04-19
U000002,MOV100006,4,07-30-17
U000001,MOV114993,2,04-07-20
U000001,MOV113048,4,09-28-21
U004446,MOV112533,4,07-27-21
U000008,MOV100006,4,03-20-24
U000013,MOV114896,3,08-31-22
U000001,MOV110026,3,09-15-23
U000001,MOV105482,3,08-11-17
U000216,MOV119635,3,01-23-19
U000036,MOV113959,3,01-21-24
U000023,MOV100006,5,04-01-19
U000002,MOV119129,5,09-10-25
U000125,MOV113766,2,01-07-25
U000020,MOV105990,2,04-01-20
U000006,MOV115413,3,07-07-17
U000001,MOV100006,5,03-18-21
U000003,MOV100006,4,03-20-25
U000005,MOV118561,1,04-25-20
U000021,MOV100006,3,04-30-24
U000013,MOV101108,3,11-05-21
U000003,MOV114784,3,01-21-24
U000023,MOV119272,5,05-23-21
U000070,MOV100006,4,04-28-22
U000008,MOV114155,4,02-18-23
U001154,MOV118042,2,07-23-18
U002285,MOV114832,3,10-28-20
U000068,MOV113985,3,08-10-24
U000001,MOV100839,2,05-26-23
U000145,MOV100557,4,08-03-21
U001832,MOV109221,3,03-06-22
U000039,MOV119272,3,10-01-25
U000225,MOV100006,4,09-11-20
U000002,MOV118125,5,12-02-23
U000014,MOV112855,4,02-17-21
U000001,MOV119635,4,04-06-25
U000146,MOV103728,3,03-15-25
U000012,MOV100006,1,03-01-20
U000021,MOV110182,4,08-10-24
U000016,MOV101108,4,03-06-22
U000001,MOV119635,2,01-25-21
U001573,MOV113060,4,05-28-24
U000072,MOV113223,1,01-14-22
U000005,MOV112232,2,06-15-25
U000011,MOV105448,2,09-16-15
U000021,MOV114993,4,01-11-25
U000265,MOV113048,3,07-25-25
U000010,MOV104683,1,11-19-18
U000728,MOV118728,3,09-27-19
U000002,MOV104098,1,12-07-25
U000459,MOV107579,4,08-05-21
U000019,MOV119635,2,03-01-24
U000023,MOV119635,5,08-27-19
U000022,MOV103496,4,04-29-25
U000015,MOV109221,5,01-22-21
U000047,MOV117251,4,01-01-20
U000948,MOV100208,4,11-29-16
U000530,MOV116154,2,02-19-23
U000003,MOV100006,5,06-04-25
U000047,MOV102166,3,01-21-25
U000001,MOV106037,3,10-23-21
U000003,MOV100006,2,02-24-20
U000002,MOV106764,4,09-20-23
U000031,MOV107464,4,09-04-23
U000003,MOV113048,4,09-03-25
U000006,MOV118753,4,05-11-25
U000055,MOV109221,5,08-20-21
U000001,MOV104579,3,
U000001,MOV100006,2,02-10-23
U000013,MOV105833,5,07-18-21
U000003,MOV104697,1,09-24-21
U000005,MOV113795,4,04-16-21
U002849,MOV118145,3,10-01-20
U000001,MOV118753,3,10-19-25
U000006,MOV107070,2,07-28-17
U000006,MOV118556,2,07-28-25
U000058,MOV114909,4,02-14-25
U000002,MOV109776,2,02-14-23
U002036,MOV114755,4,10-21-25
U000020,MOV114896,3,12-28-21
U000262,MOV114360,4,07-24-20
U000101,MOV116710,5,08-05-24
U000434,MOV100006,4,10-08-18
U000764,MOV104474,5,03-28-21
U000004,MOV111270,5,09-05-23
U000001,MOV103841,2,01-25-19
U000022,MOV119272,4,07-14-19
U000002,MOV106063,4,11-28-17
U000037,MOV111029,3,12-25-23
U000005,MOV112306,3,12-31-18
U000001,MOV119635,3,09-11-21
U000005,MOV110828,3,05-29-25
U000001,MOV105990,4,07-14-25
U000001,MOV105009,3,11-16-25
U001455,MOV100733,4,11-13-22
U000165,MOV102994,4,05-27-21
U000001,MOV115604,2,12-02-19
U000004,MOV101202,4,10-16-25
U000074,MOV119635,2,05-23-24
U000002,MOV105650,3,10-17-18
U000028,MOV100006,4,10-03-25
U000002,MOV111434,2,10-17-23
U000015,MOV106498,3,05-24-22
U000005,MOV101108,4,11-22-22
U000021,MOV117914,3,06-25-24
U000022,MOV109221,1,12-16-24
U000002,MOV103138,5,09-25-24
U000001,MOV100006,3,08-05-20
U000011,MOV105990,4,07-26-17
U000032,MOV118492,4,04-20-24
U000001,MOV110262,4,06-22-25
U000056,MOV110995,4,06-30-19
U000038,MOV116181,2,08-21-24
U000001,MOV113359,2,09-12-21
U000008,MOV100006,3,11-17-22
U000001,MOV105990,4,01-17-18
U000178,MOV109340,4,11-25-25
U000001,MOV116741,4,10-18-25
U000019,MOV101202,3,03-24-20
U000002,MOV100006,2,04-07-20
U000903,MOV111326,3,03-17-25
U000528,MOV101136,3,04-15-20
U000001,MOV100831,3,04-22-20
U000328,MOV117729,2,10-16-20
U000009,MOV101336,4,05-27-21
U000001,MOV117287,5,08-08-25
U000001,MOV119635,3,11-18-24
U000022,MOV101108,5,02-14-19
U000021,MOV100006,5,01-09-24
U000001,MOV105990,2,01-06-24
U000011,MOV116956,4,03-17-19
U000018,MOV115960,4,01-20-23
U000551,MOV111271,4,07-07-24
U000109,MOV100006,5,06-05-16
U000004,MOV107554,4,11-16-24
U000175,MOV103577,3,10-07-22
U000001,MOV118984,5,05-26-24
U002472,MOV100006,1,03-20-24
U000001,MOV117851,3,05-05-23
U000003,MOV119204,4,01-31-25
U000249,MOV102362,4,02-16-22
U000854,MOV100006,4,09-21-23
U001454,MOV119660,5,03-27-19
U000011,MOV100751,2,04-29-22
U000015,MOV100006,5,08-20-23
U000002,MOV116536,4,08-14-24
U000001,MOV100117,1,02-06-20
U000048,MOV102610,3,08-07-21
U000019,MOV100006,4,03-28-21
U000007,MOV100006,3,05-05-17
U000013,MOV105077,4,06-24-25
U000043,MOV113223,3,04-17-15
U000002,MOV118899,4,05-08-21
U000355,MOV107392,3,
U000192,MOV113800,3,11-20-23
U000001,MOV110790,5,10-21-19
U000002,MOV108895,4,06-26-22
U001806,MOV119635,3,04-07-23
U000319,MOV106906,4,05-27-21
U001798,MOV101947,5,07-02-25
U000001,MOV117029,4,06-22-23
U004486,MOV100006,1,09-24-17
U000001,MOV103549,3,11-21-21
U000009,MOV102058,1,12-26-21
U000003,MOV119635,3,08-15-25
U000001,MOV117349,2,10-03-17
U000055,MOV119635,4,09-10-23
U000018,MOV119660,4,10-18-22
U000101,MOV100783,3,09-03-20
U000016,MOV119635,3,04-30-21
U000002,MOV108547,5,04-04-24
U000068,MOV100006,4,04-26-20
U000496,MOV101108,4,09-29-25
U000005,MOV111986,5,11-28-20
U000005,MOV105990,5,03-28-23
U000290,MOV100783,3,11-09-23
U000421,MOV117251,4,05-16-18
U000002,MOV101463,4,11-29-23
U000001,MOV101237,3,12-17-25
U003280,MOV100006,3,03-12-24
U000074,MOV119802,2,11-29-19
U000012,MOV106689,4,03-13-23
U000001,MOV114454,1,07-24-16
U000001,MOV105896,5,06-05-20
U000017,MOV118556,4,09-06-24
U000119,MOV119272,3,04-09-20
U000003,MOV115268,3,09-01-19
U000087,MOV100006,4,05-25-22
U000007,MOV111095,3,09-17-18
U000378,MOV109221,4,10-08-25
U000044,MOV116580,5,03-28-24
U000016,MOV100006,4,04-11-20
U000005,MOV112085,5,07-02-24
U000001,MOV119450,5,02-02-25
U001037,MOV105990,5,03-06-22
U000002,MOV112097,4,02-14-25
U000002,MOV107210,4,05-26-25
U001037,MOV109913,5,09-06-23
U000002,MOV113401,3,11-18-24
U000001,MOV100006,4,12-19-19
U000050,MOV119272,2,02-08-18
U000001,MOV105990,5,10-12-22
U000018,MOV109602,1,12-23-25
U000001,MOV111407,4,04-01-22
U001072,MOV105990,1,04-14-23
U000004,MOV119468,4,06-03-22
U000006,MOV105990,4,02-18-18
U000001,MOV101108,3,08-03-18
U000107,MOV105990,5,05-10-19
U000728,MOV108836,5,06-02-23
U000003,MOV118753,5,03-10-24
U000001,MOV101108,3,04-29-25
U000029,MOV105422,4,08-09-25
U000001,MOV100006,3,08-11-24
U000002,MOV118556,4,04-23-25
U000272,MOV119204,4,11-09-24
U000005,MOV107209,4,03-08-25
U000028,MOV105990,3,11-30-25
U000052,MOV101108,4,07-19-25
U000001,MOV106240,5,02-26-21
U000001,MOV100006,4,08-10-21
U000015,MOV104425,4,05-23-25
U000007,MOV113223,4,11-22-22
U000004,MOV105644,3,01-17-25
U000001,MOV107772,5,01-18-25
U000001,MOV110790,1,07-12-25
U001549,MOV115843,4,06-02-21
U000001,MOV113048,4,09-05-25
U000004,MOV100006,3,12-12-24
U000023,MOV119106,4,02-08-24
U000140,MOV119635,4,04-11-25
U000076,MOV119635,4,09-07-25
U000481,MOV101108,1,05-25-21
U000001,MOV100006,3,06-13-25
U000016,MOV119204,4,03-05-18
U000089,MOV106689,5,07-11-23
U000003,MOV119660,4,04-15-22
U000002,MOV111648,4,02-11-25
U000001,MOV109554,4,09-26-23
U000007,MOV100006,3,10-08-20
U000448,MOV106452,4,04-23-21
U000003,MOV105482,4,06-01-19
U001247,MOV119635,,07-26-25
U000003,MOV115445,4,12-19-25
U000014,MOV112513,5,02-15-24
U000001,MOV111159,4,11-05-25
U000027,MOV101108,1,09-25-24
U000642,MOV100987,3,06-29-15
U000004,MOV100006,4,10-20-19
U000003,MOV100006,4,10-21-17
U000002,MOV117251,4,05-26-25
U000001,MOV117447,4,09-29-23
U000032,MOV110790,3,
U000099,MOV113766,4,05-24-23
U000007,MOV103605,4,10-02-20
U000001,MOV105644,5,03-12-25
U000022,MOV109221,3,12-15-25
U000010,MOV101840,4,02-25-24
U000002,MOV105990,4,04-18-25
U000003,MOV103063,3,02-17-25
U000001,MOV119635,5,05-05-18
U000052,MOV105990,3,10-22-25
U000025,MOV119635,3,09-06-19
U000038,MOV100006,2,06-22-20
U000090,MOV106780,4,11-21-17
U000004,MOV119272,3,09-19-20
U000014,MOV119635,4,04-12-20
U000001,MOV103605,5,03-27-19
U000002,MOV100006,1,02-04-20
U000005,MOV113737,5,07-01-23
U000003,MOV100006,3,02-16-21
U000001,MOV111172,4,04-30-25
U000059,MOV100006,3,05-15-23
U001087,MOV104553,5,03-23-20
U000086,MOV119204,4,05-18-16
U000001,MOV101539,2,06-25-24
U000001,MOV119635,4,11-14-23
U000001,MOV104366,3,06-17-22
U000226,MOV100006,3,11-22-22
U000001,MOV105990,5,11-25-24
U000013,MOV108524,3,09-12-25
U000006,MOV119635,5,12-28-25
U000002,MOV105990,2,07-28-25
U000021,MOV100006,4,09-24-20
U001079,MOV119660,4,10-10-22
U000001,MOV100006,4,02-26-25
U000058,MOV119272,3,09-24-24
U000085,MOV101108,3,04-25-23
U000002,MOV118556,5,04-12-25
U000345,MOV118259,4,06-17-21
U000004,MOV105546,2,11-20-21
U001093,MOV100006,3,08-13-18
U001176,MOV101061,4,12-11-24
U000009,MOV103610,4,05-10-16
U001233,MOV111366,5,03-11-25
U000026,MOV100303,3,12-27-22
U000127,MOV100107,3,11-18-20
U000065,MOV104768,3,01-24-19
U002757,MOV105644,2,03-19-20
U000251,MOV100557,5,01-31-21
U000437,MOV111434,2,09-14-20
U000005,MOV104346,4,11-15-22
U000002,MOV119635,5,05-22-23
U000003,MOV119272,3,01-31-23
U003567,MOV118556,1,12-05-25
U000011,MOV116956,2,10-17-25
U000020,MOV105746,4,05-20-18
U001326,MOV100831,4,04-23-25
U000018,MOV103906,3,
U000045,MOV105864,4,07-11-23
U000016,MOV118556,2,04-03-18
U000083,MOV116064,5,08-26-20
U002454,MOV113418,2,05-12-23
U003967,MOV108506,4,11-16-24
U000003,MOV106689,4,08-14-24
U004077,MOV113048,2,11-16-18
U000010,MOV104975,4,09-13-20
U001052,MOV100006,2,12-20-20
U000001,MOV109657,5,12-18-24
U000043,MOV101108,4,08-02-21
U000003,MOV119206,3,04-19-24
U000185,MOV103605,5,05-28-19
U000001,MOV101061,5,09-03-22
U000001,MOV105549,4,11-07-24
U000097,MOV118510,5,10-14-17
U000103,MOV119635,5,06-05-19
U000010,MOV107097,3,03-13-24
U000005,MOV103929,4,01-02-19
U000007,MOV100006,4,11-11-23
U000001,MOV101501,3,01-30-22
U000001,MOV109221,4,11-19-21
U000017,MOV119635,4,10-29-25
U000007,MOV110968,5,09-04-25
U000012,MOV105990,4,10-28-24
U000019,MOV100006,1,02-22-24
U002897,MOV104768,4,12-22-17
U000371,MOV100006,5,07-11-22
U000177,MOV117648,4,10-31-24
U000004,MOV116741,4,07-24-25
U000295,MOV106080,4,01-02-24
U000001,MOV109891,4,02-25-23
U000059,MOV105644,4,02-13-22
U000009,MOV118159,3,06-23-19
U001000,MOV119272,5,10-16-17
U000100,MOV107414,4,08-02-19
U000201,MOV108656,3,08-13-23
U000001,MOV101681,4,10-20-19
U000009,MOV105990,4,03-02-21
U000228,MOV114869,5,10-06-19
U000045,MOV111282,3,03-12-20
U000001,MOV105896,4,10-06-18
U000008,MOV106293,3,08-04-25
U000001,MOV108377,4,11-26-18
U000031,MOV103670,4,12-15-23
U000001,MOV108973,4,10-31-22
U000001,MOV109221,5,02-10-17
U000280,MOV102552,1,10-11-23
U000001,MOV105990,1,11-26-25
U000019,MOV119635,4,11-20-25
U001183,MOV104752,3,11-29-17
U000154,MOV119272,,07-24-23
U002198,MOV119635,2,11-08-22
U000090,MOV107070,3,06-15-15
U000089,MOV119635,3,02-15-20
U000002,MOV100557,2,10-12-17
U000001,MOV116470,4,05-22-25
U000157,MOV110790,5,05-15-22
U000020,MOV105530,3,03-17-19
U000010,MOV119635,4,08-09-20
U000007,MOV104683,3,07-07-17
U000001,MOV100006,3,06-11-25
U000009,MOV109107,4,02-11-21
U000001,MOV119225,1,08-21-23
U000001,MOV112232,3,04-30-23
U000001,MOV111279,3,11-21-17
U000002,MOV106689,2,03-18-24
U000181,MOV111103,5,04-22-23
U000005,MOV101202,3,07-22-18
U000001,MOV117851,4,12-25-19
U000695,MOV119272,4,01-19-20
U000007,MOV114896,4,11-20-25
U001149,MOV119204,4,09-05-22
U000173,MOV101202,5,10-24-19
U001746,MOV108836,5,03-30-24
U000043,MOV118556,3,05-28-18
U000360,MOV118556,4,
U000004,MOV114313,3,06-15-15
U000001,MOV110141,2,06-21-25
U004027,MOV111924,4,05-17-25
U000076,MOV100006,4,03-29-24
U000175,MOV114993,3,06-29-22
U000023,MOV114784,4,07-31-20
U000004,MOV106476,3,10-11-25
U000001,MOV106287,4,05-28-23
U000004,MOV119635,3,09-16-23
U000002,MOV118185,3,02-17-20
U000027,MOV100006,4,09-05-22
U000046,MOV106333,5,01-08-23
U000615,MOV100006,3,11-04-19
U000002,MOV109913,4,07-18-24
U000007,MOV115317,5,06-11-24
U000007,MOV118556,5,02-04-16
U000018,MOV110828,5,02-06-24
U000802,MOV116993,3,08-27-24
U000100,MOV100006,5,03-08-21
U000025,MOV118859,3,04-17-20
U000001,MOV118089,5,09-20-24
U000004,MOV104633,3,11-01-25
U000006,MOV117643,1,04-22-25
U000054,MOV105990,1,12-03-25
U000007,MOV100006,4,09-25-20
U000001,MOV112903,4,03-18-23
U000002,MOV107070,3,02-19-21
U000006,MOV102141,2,01-01-18
U000043,MOV100006,3,08-07-25
U000001,MOV104768,4,12-29-21
U000005,MOV100931,1,04-09-23
U000015,MOV115151,4,09-28-24
U000002,MOV111159,4,05-13-23
U000005,MOV102396,4,11-29-19
U000001,MOV108811,2,05-12-18
U000119,MOV100557,2,11-23-21
U000567,MOV109602,4,02-21-24
U000002,MOV104979,5,11-22-18
U000062,MOV101108,2,10-12-25
U000101,MOV119635,5,02-17-18
U000001,MOV106639,5,05-02-19
U000007,MOV119635,5,03-11-25
U002178,MOV101995,4,04-28-25
U000003,MOV101108,5,07-15-22
U000034,MOV100006,5,10-16-17
U000002,MOV110163,1,06-20-25
U000004,MOV103327,2,05-25-23
U003175,MOV116579,4,11-08-22
U000008,MOV117919,4,02-22-18
U000439,MOV112232,4,08-23-19
U000356,MOV100006,3,08-14-21
U000001,MOV119272,4,10-28-25
U000001,MOV107762,4,02-25-16
U000016,MOV119186,5,11-22-23
U000002,MOV108508,3,07-19-25
U000001,MOV109221,5,07-11-17
U000002,MOV114626,5,01-11-16
U000004,MOV110262,4,05-13-22
U001796,MOV100006,4,11-11-22
U000035,MOV101965,1,09-04-23
U001259,MOV110995,4,06-05-25
U000022,MOV119753,2,10-12-25
U000002,MOV117066,3,07-15-21
U000011,MOV101575,5,05-14-25
U000045,MOV107732,5,06-26-18
U000004,MOV110262,4,03-04-22
U000001,MOV118474,3,03-13-21
U000002,MOV116144,3,12-14-19
U000005,MOV105896,4,07-29-23
U000001,MOV118556,4,01-23-21
U000008,MOV105644,5,08-28-25
U000010,MOV100006,3,04-07-23
U000021,MOV117948,5,05-17-24
U000019,MOV103446,3,08-15-23
U000012,MOV100006,4,04-04-24
U000002,MOV104032,5,11-16-21
U000386,MOV112893,5,07-24-21
U000001,MOV119186,5,10-18-25
U001417,MOV108256,4,01-18-20
U000446,MOV119635,4,07-03-20
U000011,MOV105482,3,02-03-23
U000268,MOV112100,3,08-30-24
U000024,MOV114131,4,05-30-24
U000003,MOV101108,4,09-28-16
U000275,MOV101108,1,06-09-21
U000105,MOV105990,3,02-17-21
U000002,MOV111574,1,04-14-20
U000004,MOV110828,3,02-13-23
U000004,MOV100006,3,03-11-21
U000329,MOV108506,3,05-21-25
U000007,MOV105990,4,10-10-20
U000009,MOV103147,4,08-29-21
U000001,MOV101202,4,06-19-21
U000004,MOV114896,3,08-13-24
U000007,MOV100006,5,09-07-17
U000010,MOV101530,4,09-24-20
U000486,MOV109221,5,07-03-20
U000713,MOV101108,4,11-06-19
U000024,MOV114626,5,12-26-21
U000001,MOV113048,4,11-29-25
U000027,MOV117873,4,07-22-17
U000068,MOV100006,4,12-11-18
U000003,MOV119635,4,06-20-24
U000150,MOV105077,4,11-24-23
U000179,MOV100006,2,05-29-21
U003057,MOV118374,2,01-21-20
U000003,MOV118492,5,11-25-24
U000001,MOV100006,5,10-31-22
U000356,MOV108775,3,09-29-25
U000006,MOV110026,3,02-19-24
U000026,MOV111434,4,11-12-20
U000005,MOV110026,4,04-23-22
U000001,MOV102285,4,06-05-22
U000001,MOV103402,3,02-03-20
U000027,MOV100006,3,08-04-23
U000017,MOV100006,4,10-27-24
U000016,MOV103946,5,06-15-18
U000007,MOV108091,4,07-08-25
U000001,MOV100006,3,05-27-22
U002102,MOV101268,5,06-20-24
U000058,MOV105990,3,06-19-21
U000004,MOV118556,4,03-23-25
U000012,MOV101108,3,11-04-17
U000087,MOV119635,4,01-31-25
U000048,MOV117793,1,06-03-19
U000083,MOV105990,5,05-03-24
U000001,MOV100006,5,10-13-19
U000001,MOV100006,4,05-26-18
U000660,MOV100006,2,10-26-25
U000007,MOV117066,4,12-26-20
U000089,MOV100006,3,10-23-24
U000001,MOV109221,2,07-06-20
U000001,MOV100006,4,03-28-23
U000847,MOV113418,2,11-07-25
U000002,MOV113048,5,12-10-25
U000002,MOV105720,5,10-20-25
U000002,MOV110363,1,08-22-22
U000425,MOV109221,1,03-03-24
U001972,MOV112088,5,01-26-21
U000015,MOV102801,3,
U000003,MOV119272,4,06-04-25
U000016,MOV119272,4,11-13-19
U000003,MOV110026,4,10-28-22
U000001,MOV100006,5,03-01-17
U000130,MOV119272,4,03-22-22
U000055,MOV116233,5,04-25-19
U001251,MOV114970,5,06-12-24
U000039,MOV109600,4,09-13-25
U000001,MOV103334,3,05-27-23
U000095,MOV103178,2,05-14-24
U000170,MOV101501,3,04-14-22
U000301,MOV109221,4,06-29-24
U000020,MOV119272,3,07-26-22
U000017,MOV105896,3,09-02-16
U000296,MOV119109,3,10-30-25
U000010,MOV113656,4,02-19-17
U000012,MOV113048,4,03-22-23
U000005,MOV104436,4,04-09-15
U000001,MOV108419,5,09-13-20
U000397,MOV103334,1,03-27-21
U000001,MOV104768,4,04-05-18
U000005,MOV100006,3,11-29-24
U002761,MOV107774,3,
U000004,MOV105004,4,09-24-20
U000002,MOV106289,5,11-26-19
U000005,MOV104436,5,10-21-24
U000002,MOV101908,4,08-14-24
U001275,MOV100006,4,09-08-23
U000015,MOV119272,4,08-16-22
U000002,MOV102040,2,09-14-20
U000002,MOV102826,3,10-15-25
U000002,MOV100006,3,03-25-19
U000096,MOV118543,4,09-11-20
U000001,MOV101237,5,09-14-21
U000001,MOV112876,5,10-13-16
U000017,MOV116878,5,12-13-24
U000129,MOV113800,4,12-24-20
U000004,MOV119635,4,05-25-23
U000002,MOV106333,2,10-23-22
U000001,MOV114626,4,05-31-24
U000034,MOV103577,2,03-03-23
U000001,MOV103122,2,06-05-23
U000011,MOV108506,5,08-19-25
U000373,MOV100006,4,05-15-25
U000007,MOV100831,1,05-10-25
U000003,MOV105990,3,12-10-23
U004209,MOV107386,3,06-25-25
U000045,MOV119272,1,10-19-25
U000012,MOV119635,2,05-09-25
U000001,MOV101202,4,03-08-15
U000002,MOV109536,2,01-07-24
U000001,MOV110790,3,08-14-20
U000002,MOV117851,4,11-10-21
U000011,MOV104375,5,04-07-18
U000020,MOV111159,5,10-05-25
U001000,MOV105990,3,06-04-25
U000001,MOV119592,2,02-27-21
U000001,MOV103605,4,09-17-22
U000003,MOV103125,3,09-11-17
U000002,MOV100006,4,09-30-20
U000163,MOV113766,4,10-27-24
U000356,MOV110026,3,03-12-22
U000118,MOV119097,1,11-01-20
U002989,MOV113048,5,11-03-20
U000001,MOV112513,4,10-26-22
U000397,MOV103542,3,01-30-21
U000002,MOV116536,3,12-13-24
U000087,MOV116536,1,12-23-25
U000012,MOV105990,5,11-11-25
U000011,MOV119578,4,03-07-24
U000008,MOV100006,2,10-23-25
U000023,MOV114626,4,11-10-25
U000010,MOV108506,5,05-05-21
U000001,MOV113020,5,10-05-21
U000002,MOV110869,3,02-03-20
U000018,MOV111029,4,05-08-20
U000002,MOV100006,4,03-18-25
U000013,MOV100006,4,09-29-24
U000003,MOV119635,3,02-23-23
U000001,MOV100006,5,05-18-21
U000339,MOV118556,4,02-19-22
U000440,MOV113048,3,02-19-25
U000010,MOV117851,2,05-13-20
U000037,MOV116505,5,04-04-22
U000001,MOV101108,3,06-19-25
U000035,MOV119635,4,05-21-20
U000229,MOV100006,4,10-26-25
U000106,MOV101108,4,10-01-25
U000354,MOV101388,4,09-17-15
U000001,MOV117694,4,02-05-21
U000001,MOV100006,3,02-08-18
U000003,MOV100006,3,08-24-24
U000069,MOV107605,4,05-30-20
U000108,MOV119272,1,03-11-17
U000009,MOV109223,2,12-02-25
U000003,MOV113048,4,01-18-21
U000004,MOV112688,3,10-02-22
U000001,MOV111029,3,10-24-25
U000024,MOV100006,2,09-25-23
U000002,MOV119373,4,07-24-23
U000001,MOV113048,1,03-21-22
U000237,MOV112699,4,11-01-25
U000003,MOV117931,5,06-01-19
U003020,MOV101108,4,02-12-24
U000001,MOV103605,5,04-10-25
U001930,MOV109219,4,03-04-23
U000006,MOV103577,4,07-11-24
U000001,MOV119272,3,04-18-18
U000078,MOV110026,3,09-14-20
U000002,MOV118556,3,01-10-23
U000733,MOV100006,3,09-14-23
U000006,MOV108026,5,12-14-23
U000005,MOV108377,3,08-05-22
U000001,MOV104697,5,05-13-24
U000003,MOV116121,5,02-21-24
U000170,MOV110128,5,11-17-24
U000003,MOV114626,4,10-05-21
U000002,MOV104695,5,09-10-19
U000118,MOV110608,3,07-13-24
U003297,MOV116203,1,04-07-16
U000025,MOV104319,4,06-24-23
U000302,MOV107772,1,05-18-25
U000054,MOV110014,4,09-14-25
U000001,MOV102733,4,05-05-22
U000497,MOV118828,3,04-15-25
U000005,MOV101108,4,07-27-17
U000019,MOV119853,2,11-27-19
U000128,MOV119491,4,08-26-16
U000020,MOV115268,4,10-23-25
U000003,MOV119186,4,08-16-25
U000001,MOV116481,4,01-12-22
U000351,MOV109632,2,09-02-19
U000003,MOV105990,2,11-07-22
U000014,MOV100006,4,11-05-18
U000017,MOV105234,4,06-25-25
U000004,MOV119635,5,11-04-21
U000027,MOV100006,4,02-18-24
U000006,MOV119635,2,04-23-25
U000001,MOV117412,3,11-29-24
U000229,MOV111888,3,07-23-21
U000025,MOV111443,4,
U000009,MOV106458,4,02-16-25
U000579,MOV105990,3,06-26-23
U000005,MOV116707,3,12-04-25
U000005,MOV110578,2,09-24-25
U000016,MOV103643,3,02-27-25
U000039,MOV117119,4,11-09-18
U000003,MOV108844,4,04-19-18
U000001,MOV105644,5,05-27-23
U000299,MOV119272,2,07-13-25
U000002,MOV117287,4,09-21-19
U000001,MOV119097,3,07-29-25
U000060,MOV115642,5,03-19-17
U000001,MOV107912,2,01-03-18
U000002,MOV100006,5,06-24-23
U000355,MOV109759,3,07-21-24
U000081,MOV113766,2,04-09-18
U000003,MOV119635,4,09-26-20
U000090,MOV113611,4,09-20-22
U000003,MOV113048,3,02-21-22
U000001,MOV113421,2,09-26-24
U000001,MOV100006,4,01-20-20
U001475,MOV109221,2,06-16-19
U000001,MOV101756,5,07-13-17
U000005,MOV119635,1,04-21-25
U000304,MOV115573,4,09-27-21
U002121,MOV113160,3,08-30-17
U000002,MOV100006,3,07-24-18
U000001,MOV117029,4,07-16-17
U000346,MOV101108,4,09-18-25
U000002,MOV113048,2,05-24-24
U000001,MOV103605,3,01-20-25
U000002,MOV100006,5,02-21-25
U000002,MOV101120,5,03-22-21
U000003,MOV110783,4,08-09-19
U000023,MOV119635,5,03-26-22
U000071,MOV100006,5,06-25-24
U000251,MOV100292,5,05-26-23
U000003,MOV110026,4,02-11-24
U000043,MOV112130,3,09-10-24
U002214,MOV105644,1,04-06-21
U000016,MOV114601,3,07-08-17
U000001,MOV100006,2,04-25-25
U000001,MOV103605,4,10-24-20
U000004,MOV103643,4,11-15-21
U000010,MOV111153,3,04-17-15
U001641,MOV103323,5,04-17-25
U000005,MOV103125,4,06-01-18
U000006,MOV114424,2,10-02-25
U000536,MOV100006,4,05-17-20
U000003,MOV114626,4,12-02-23
U000004,MOV101108,4,02-24-21
U000053,MOV100557,4,01-28-21
U000093,MOV109221,3,10-17-19
U000552,MOV103096,4,07-13-20
U000004,MOV104291,3,04-29-25
U000077,MOV107772,1,02-20-19
U000002,MOV100271,2,03-02-16
U000001,MOV112085,4,01-24-23
U000077,MOV119204,4,04-05-25
U000001,MOV110026,2,03-02-25
U001312,MOV108092,4,04-07-24
U000001,MOV119635,5,06-30-25
U000016,MOV100006,4,01-29-19
U000003,MOV113972,4,05-24-24
U000003,MOV106874,3,03-11-24
U000004,MOV105162,5,12-22-25
,MOV100006,2,04-23-22
U000010,MOV100557,3,02-07-24
U000394,MOV119635,3,08-18-21
U000338,MOV105022,4,01-28-25
U000006,MOV100392,3,11-03-22
U000023,MOV110828,1,11-21-25
U000001,MOV100006,5,05-03-24
U000001,MOV117946,5,10-20-23
U000001,MOV100006,4,09-16-23
U000001,MOV100006,4,03-10-23
U000002,MOV119635,4,02-15-24
U000001,MOV100006,5,06-27-17
U000004,MOV119635,2,06-23-20
U000001,MOV109329,3,12-12-18
U000186,MOV101202,5,03-17-24
U000002,MOV107386,4,10-16-23
U000001,MOV105990,3,08-17-20
U000040,MOV119150,3,06-28-25
U000152,MOV113195,4,03-28-18
U000002,MOV102026,2,08-31-18
U001057,MOV107262,2,06-21-19
U000275,MOV113766,3,01-04-25
U000001,MOV118828,5,03-19-22
U000001,MOV100006,4,04-22-25
U000003,MOV103017,5,11-25-16
U000106,MOV107210,4,04-11-22
U000018,MOV109167,3,04-07-23
U000029,MOV114993,4,02-18-22
U000003,MOV108419,4,02-02-24
U004017,MOV111029,3,02-07-20
U001108,MOV108588,4,01-06-25
U000001,MOV119272,3,03-28-21
U000001,MOV106689,4,05-12-24
U000009,MOV116913,4,12-24-18
U000001,MOV114993,3,10-02-19
U002236,MOV109748,5,04-27-25
U000008,MOV104354,4,03-19-24
U000026,MOV101257,5,07-18-21
U000022,MOV100006,2,10-14-25
U002488,MOV100006,4,10-24-24
U000776,MOV119635,5,10-16-16
U001534,MOV112232,4,05-13-23
U000175,MOV119635,3,04-08-25
U000002,MOV100006,4,01-27-20
U000006,MOV100006,5,06-03-23
U000143,MOV108419,3,03-08-24
U000330,MOV110790,5,02-15-21
U000012,MOV102338,3,11-07-21
U000002,MOV111217,5,05-06-23
U000001,MOV107224,5,12-19-25
U000315,MOV105990,5,06-08-23
U000001,MOV105234,5,03-31-20
U000005,MOV119635,4,06-05-17
U000001,MOV117066,2,07-22-22
U000240,MOV101539,1,01-14-22
U000191,MOV101380,3,09-25-23
U000019,MOV107429,4,07-01-23
U000016,MOV105990,5,06-09-19
U000005,MOV101108,2,03-02-24
U000001,MOV119635,3,03-18-25
U002510,MOV104557,1,01-04-23
U000012,MOV110790,3,04-15-19
U000532,MOV103912,4,06-05-22
U000033,MOV103210,4,11-25-19
U000002,MOV119635,4,03-24-22
U000062,MOV119450,5,12-11-24
U000009,MOV113384,5,
U000001,MOV102023,5,07-09-19
U000685,MOV111332,3,08-17-25
U000061,MOV113768,3,07-22-22
U000004,MOV100006,2,12-17-15
U001066,MOV105022,4,11-14-19
U000009,MOV103125,5,05-24-25
U000001,MOV100006,5,04-06-24
U000102,MOV101108,5,09-04-19
U001842,MOV105990,5,05-11-25
U000002,MOV119186,1,03-22-21
U000003,MOV119204,3,05-24-19
U000640,MOV105764,1,06-17-19
U000011,MOV100006,5,04-27-23
U000007,MOV113388,4,12-19-24
U000001,MOV117251,4,11-28-22
U000003,MOV119635,2,11-15-20
U000005,MOV110828,3,01-31-19
U000092,MOV114424,4,10-24-15
U000003,MOV105990,3,08-12-25
U000261,MOV100006,2,04-04-21
U000011,MOV105990,3,12-03-23
U000126,MOV105990,3,07-12-25
U000002,MOV119635,4,08-14-24
U000001,MOV114993,1,12-08-20
U000030,MOV119575,3,02-06-24
U000001,MOV109843,4,07-12-22
U000001,MOV105896,4,08-30-20
U000003,MOV100006,3,12-03-18
U000003,MOV101268,4,11-06-16
U001933,MOV111029,2,06-09-22
U000002,MOV100006,3,02-17-19
U000001,MOV117633,1,12-25-22
U000006,MOV119204,3,07-15-25
U000003,MOV113048,4,12-28-24
U000246,MOV114993,3,08-08-25
U000082,MOV100006,4,10-07-25
U000036,MOV119159,3,07-07-24
U000056,MOV117820,2,11-09-20
U000006,MOV102474,5,11-15-19
U000002,MOV114205,4,11-24-23
U000001,MOV108973,3,09-17-20
U000002,MOV100199,5,10-12-22
U001338,MOV100006,3,08-11-21
U000003,MOV105990,2,10-15-23
U000421,MOV107575,5,12-01-25
U000341,MOV105896,4,06-08-23
U000001,MOV107452,4,10-31-23
U000001,MOV113048,4,07-27-24
U000033,MOV119272,2,10-21-24
U000036,MOV119204,3,10-22-18
U000023,MOV105990,5,10-31-25
U000325,MOV100006,1,10-22-16
U000051,MOV100006,1,07-21-25
U000040,MOV100006,5,06-02-25
U000003,MOV105990,4,10-24-24
U000003,MOV109759,5,07-10-22
U000006,MOV118556,3,12-24-25
U002430,MOV115434,4,10-27-21
U000044,MOV101871,1,04-11-25
U000001,MOV115500,3,09-13-17
U000016,MOV100006,2,02-16-25
U000001,MOV116769,3,06-24-19
U001377,MOV100006,3,09-19-25
U000151,MOV100006,3,08-29-15
U000062,MOV109166,5,12-23-24
U003860,MOV119635,3,07-13-25
U001509,MOV100006,4,10-23-19
U000012,MOV114427,3,06-23-23
U000005,MOV100006,5,09-27-22
U000309,MOV101832,4,11-25-23
U000002,MOV112165,1,08-21-22
U000001,MOV101188,1,03-11-25
U000001,MOV119030,4,08-13-20
U000031,MOV118044,4,06-28-21
U000152,MOV114790,3,11-07-23
U002375,MOV106380,5,05-29-24
U001213,MOV119164,4,04-07-15
U000001,MOV100557,5,06-25-18
U000007,MOV113048,4,06-09-24
U000010,MOV119635,4,11-23-22
U000152,MOV105896,3,01-22-19
U000008,MOV100006,4,10-23-21
U000188,MOV114626,5,08-14-18
U000822,MOV100006,5,02-24-23
U000003,MOV114626,5,01-25-25
U000041,MOV101328,3,09-30-23
U000035,MOV114626,2,04-14-25
U000013,MOV100006,4,10-30-20
U000002,MOV106067,5,10-14-18
U000458,MOV100006,5,01-28-17
U000002,MOV103502,4,03-13-25
U000003,MOV100006,3,08-17-19
U000001,MOV100006,2,03-15-25
U000004,MOV108858,3,04-15-19
U004226,MOV117953,3,04-30-23
U000025,MOV100006,4,08-03-18
U000001,MOV100303,5,05-03-25
U000001,MOV107772,2,02-06-22
U000007,MOV119272,2,08-23-24
U000001,MOV119635,1,03-07-25
U002892,MOV101108,4,02-10-21
U000002,MOV119635,5,11-22-24
U000375,MOV119204,3,03-10-25
U000014,MOV114046,4,04-29-24
U000412,MOV100006,1,01-28-24
U000001,MOV117066,4,06-10-24
U000001,MOV105928,1,08-01-25
U000005,MOV119635,4,07-28-18
U000001,MOV115642,5,03-03-25
U000053,MOV103610,2,09-05-17
U000036,MOV113048,4,06-07-22
U000026,MOV109340,4,07-19-25
U000066,MOV114896,3,07-11-22
U002345,MOV100006,2,06-04-19
U000012,MOV113048,3,02-02-25
U000004,MOV110026,3,11-29-25
U000001,MOV117718,4,10-17-25
U000002,MOV103818,1,10-26-25
U000230,MOV109221,5,09-07-19
U001201,MOV108419,2,08-23-16
U000177,MOV106689,3,01-01-23
U000018,MOV101414,4,11-05-20
U000001,MOV105990,2,03-22-16
U000003,MOV103125,5,07-18-22
U000071,MOV102341,3,05-19-25
U000004,MOV114626,4,11-04-21
U001558,MOV112903,4,07-05-18
U001343,MOV100220,1,01-20-24
U001399,MOV103502,4,05-03-23
U000035,MOV100006,4,04-24-17
U000052,MOV111034,4,05-31-17
U002210,MOV100006,4,03-19-24
U000313,MOV113048,4,06-12-18
U000003,MOV101689,3,03-24-24
U000224,MOV110790,1,07-30-17
U001477,MOV103921,2,06-17-23
U000094,MOV118746,2,02-03-25
U000001,MOV114601,5,01-15-25
U000002,MOV114626,3,07-15-25
U000097,MOV102511,4,07-13-22
U000021,MOV119272,2,04-18-23
U000001,MOV109221,5,01-09-16
U000001,MOV104683,3,10-03-24
U000009,MOV110790,1,09-22-24
U000002,MOV119204,4,11-16-22
U000956,MOV103003,3,03-29-23
U000019,MOV103197,3,01-08-25
U000001,MOV105990,4,09-24-19
U000003,MOV105990,4,02-14-20
U000052,MOV113048,4,01-25-25
U000020,MOV119635,5,04-21-18
U003538,MOV110790,4,05-19-22
U000004,MOV119692,3,03-24-24
U000580,MOV107386,3,10-21-17
U000001,MOV106662,5,12-08-21
U000401,MOV110905,5,04-17-20
U000002,MOV100006,4,01-13-21
U000001,MOV118374,2,08-15-23
U000002,MOV117828,3,11-03-17
U000043,MOV110304,5,12-14-24
U000005,MOV101108,4,02-01-19
U000001,MOV100006,4,03-07-20
U000002,MOV119635,3,01-18-16
U000670,MOV100006,3,12-11-22
U000016,MOV106380,3,10-28-19
U000036,MOV100839,1,09-22-20
U000033,MOV100831,4,11-29-19
U000002,MOV119635,4,01-09-18
U000003,MOV110304,4,01-07-23
U000001,MOV107688,3,03-04-19
U000078,MOV100491,5,12-21-17
U000002,MOV119635,3,10-15-19
U000037,MOV103423,5,02-08-21
U001090,MOV119635,3,06-25-19
U000006,MOV107224,4,03-03-20
U000044,MOV103651,3,12-02-24
U000003,MOV100006,3,09-12-18
U000183,MOV100006,4,07-26-22
U000004,MOV100006,3,09-11-21
U000004,MOV119272,5,11-25-16
U000003,MOV100006,4,04-11-23
U000006,MOV101108,5,05-14-19
U001396,MOV105644,3,12-15-16
U000017,MOV119635,1,06-29-22
U000126,MOV117031,3,10-21-25
U000008,MOV102413,2,06-25-17
U000008,MOV115097,4,10-02-22
U000673,MOV107772,4,11-03-25
U000001,MOV101694,4,10-25-16
U000001,MOV119635,5,02-21-23
U000001,MOV110381,3,02-22-24
U000074,MOV112545,5,11-01-19
U000085,MOV102094,4,06-27-23
U000013,MOV115858,3,05-14-25
U000001,MOV110026,5,
U000116,MOV106037,4,10-08-24
U000017,MOV119635,3,
U000023,MOV113048,5,06-07-19
U000002,MOV100006,5,11-09-21
U000002,MOV100006,2,02-16-19
U001545,MOV110122,4,08-10-19
U000004,MOV101202,2,12-09-19
U000194,MOV108283,4,09-17-21
U000033,MOV113048,5,08-29-22
U000007,MOV110828,3,09-10-17
U000027,MOV101108,4,03-19-25
U002298,MOV110026,4,08-11-21
U000003,MOV102989,3,01-22-21
U000004,MOV108980,5,07-03-16
U000794,MOV104768,5,12-17-24
U000001,MOV101840,3,06-30-18
U000003,MOV103605,4,03-03-25
U000004,MOV100006,4,06-14-18
U000002,MOV114626,4,08-19-24
U000037,MOV113155,5,11-24-23
U000003,MOV114658,4,01-08-16
U000002,MOV110262,1,03-16-25
U000021,MOV100831,5,03-02-20
U000006,MOV101353,4,11-21-25
U000113,MOV119635,2,06-27-25
U000002,MOV100006,4,11-06-25
U000029,MOV101524,5,06-18-22
U000001,MOV101108,4,10-03-25
U000004,MOV104816,3,01-07-22
U000002,MOV103087,4,03-12-24
U003387,MOV119635,5,07-24-17
U000002,MOV110790,3,11-29-22
U000577,MOV101061,5,04-02-21
U000001,MOV112167,5,06-26-25
U000003,MOV115826,5,06-09-22
U000002,MOV116470,2,12-19-24
U000007,MOV119525,3,11-25-18
U000132,MOV111823,3,04-04-23
U000041,MOV100006,3,07-11-17
U000051,MOV119272,2,04-23-25
U000002,MOV118474,4,04-25-25
U000002,MOV101202,5,01-23-17
U000015,MOV100006,4,05-29-23
U000009,MOV105990,5,07-24-21
U000001,MOV114710,2,11-24-25
U000001,MOV100429,4,06-01-25
U000001,MOV100006,4,05-28-24
U000001,MOV100006,4,04-09-25
U000002,MOV110441,4,09-03-16
U000012,MOV101108,4,03-09-20
U000002,MOV106689,2,04-13-17
U000002,MOV112045,3,03-29-24
U000008,MOV111034,4,07-08-21
U000338,MOV105896,4,09-07-25
U000001,MOV100006,4,09-14-25
U000001,MOV105990,4,05-30-21
U000004,MOV114626,4,04-16-18
U000353,MOV113233,4,11-17-19
U000010,MOV117251,3,10-29-25
U000365,MOV107017,3,05-22-17
U003386,MOV119635,3,06-25-25
U000006,MOV107912,1,09-27-19
U000016,MOV119272,5,10-29-22
U000003,MOV117447,5,05-20-25
U000112,MOV103610,4,10-10-21
U000012,MOV105896,5,01-02-19
U000001,MOV119635,3,04-10-25
U000001,MOV114896,4,07-24-24
U000009,MOV119635,3,04-14-24
U000127,MOV101108,4,12-10-23
U000450,MOV112303,5,07-20-18
U000034,MOV119272,4,12-24-23
U000007,MOV106204,4,01-29-24
U001404,MOV103643,2,05-31-25
U000093,MOV103147,2,03-23-20
U000019,MOV116787,4,09-22-25
U000001,MOV112168,4,04-15-23
U000002,MOV106850,4,09-25-23
U000002,MOV118159,4,09-16-23
U000002,MOV100006,4,09-01-25
U003007,MOV114066,4,06-17-22
U000562,MOV105896,3,10-23-25
U000060,MOV119635,4,04-24-17
U000001,MOV100006,3,12-04-16
U000001,MOV103125,5,07-27-25
U000001,MOV116126,5,08-27-25
U000226,MOV119635,5,02-24-24
U000001,MOV118556,3,02-27-25
U000020,MOV107375,3,02-23-22
U000002,MOV118772,5,04-18-24
U000001,MOV115409,4,01-31-25
U000265,MOV118089,4,10-13-24
U000005,MOV101487,2,04-25-19
U000008,MOV111885,4,03-12-25
U000005,MOV105990,5,01-10-25
U000002,MOV103948,3,02-10-24
U000044,MOV118811,3,10-24-19
U000012,MOV111029,3,03-18-21
U000001,MOV113766,4,01-10-25
U000001,MOV119635,5,07-01-22
U000005,MOV105990,1,11-15-25
U000019,MOV102448,4,06-13-18
U000001,MOV113800,2,08-18-19
U000166,MOV119635,5,05-10-24
U000003,MOV118811,4,10-11-23
U000001,MOV119635,4,06-13-19
U000014,MOV112513,1,07-03-22
U000056,MOV114993,4,05-19-17
U000002,MOV114909,4,11-07-25
U000210,MOV100006,1,03-07-23
U000002,MOV113048,4,11-29-24
U000001,MOV116879,3,08-09-25
U000369,MOV116579,5,01-01-25
U003412,MOV119635,4,05-02-20
U000743,MOV105833,3,02-10-20
U000002,MOV100006,3,11-17-19
U000009,MOV100880,3,07-03-25
U002129,MOV111506,5,12-18-22
U000016,MOV114360,4,11-13-25
U000001,MOV101108,4,11-29-25
U000044,MOV119272,4,02-21-25
U000004,MOV103014,4,02-19-21
U000016,MOV105482,5,09-22-25
U000027,MOV119272,3,12-16-23
U000512,MOV114708,1,03-09-18
U000049,MOV101108,5,07-03-24
U000011,MOV113766,3,06-06-16
U000004,MOV118556,4,07-12-21
U000013,MOV113048,3,07-27-25
U000006,MOV105644,5,07-15-24
U000399,MOV119635,3,11-18-25
U000003,MOV113766,4,10-19-17
U000011,MOV102672,4,09-12-21
U000001,MOV115608,1,04-25-23
U000003,MOV101108,5,03-04-21
U000005,MOV102865,2,02-06-19
U000032,MOV106477,5,04-04-25
U000020,MOV111626,5,09-03-25
U000341,MOV101108,3,09-27-20
U000002,MOV101202,4,06-21-23
U000188,MOV119272,3,01-12-18
U000489,MOV112058,1,03-07-24
U000003,MOV114626,5,09-29-24
U000289,MOV103142,2,10-15-22
U001155,MOV100006,3,08-25-25
U000217,MOV119635,4,07-09-21
U000007,MOV118556,,10-29-18
U000370,MOV101339,3,02-07-25
U000001,MOV114993,5,06-18-24
U000002,MOV109140,3,07-28-21
U000007,MOV119635,2,12-31-22
U000001,MOV105355,3,05-03-19
U000004,MOV117251,1,07-03-20
U000001,MOV100006,3,07-28-22
U000001,MOV113615,1,05-27-19
U000002,MOV119635,2,11-02-22
U000001,MOV114626,5,06-15-20
U000007,MOV100006,3,06-03-23
U000205,MOV103147,5,12-22-24
U000002,MOV100006,3,09-20-22
U000001,MOV100006,4,03-22-20
U000467,MOV105990,4,12-22-17
U000007,MOV107603,5,11-22-21
U000001,MOV105896,4,09-18-19
U000005,MOV100006,5,10-29-17
U000002,MOV103610,1,11-24-22
U002098,MOV105990,3,07-15-20
U000002,MOV117695,4,02-25-24
U002918,MOV119178,3,11-01-20
U000011,MOV102173,4,01-18-23
U000002,MOV100006,4,08-27-25
U000007,MOV101727,3,02-16-25
U000022,MOV101282,4,03-29-23
U000001,MOV112456,5,09-07-20
U000003,MOV111774,3,09-26-22
U000001,MOV115037,3,03-23-19
U000025,MOV119635,2,04-13-21
U000001,MOV103643,4,12-15-25
U000054,MOV109221,4,10-27-20
U000001,MOV103759,5,11-03-22
U000019,MOV100006,3,11-29-24
U001846,MOV107481,4,10-19-25
U000004,MOV105896,4,05-28-18
U000797,MOV100006,3,04-18-24
U000490,MOV101039,4,09-16-21
U000361,MOV100751,1,04-26-21
U000020,MOV100006,4,
U000010,MOV100006,4,07-19-23
U000016,MOV100006,3,09-26-25
U000588,MOV119635,2,08-18-22
U002604,MOV107104,4,04-03-24
U003240,MOV105990,5,10-13-21
U000123,MOV104949,3,06-19-25
U000362,MOV100006,4,04-18-24
U000003,MOV104866,5,09-09-24
U003366,MOV100006,5,06-27-22
U000013,MOV100831,2,12-01-22
U000001,MOV118556,5,08-08-21
U000002,MOV100006,3,10-06-23
U000026,MOV101108,5,10-05-25
U000005,MOV113223,4,10-26-24
U000005,MOV100006,1,05-24-25
U000069,MOV119272,3,02-11-21
U000012,MOV105990,3,12-05-23
U000002,MOV107913,5,11-10-25
U000067,MOV112128,3,12-23-24
U001515,MOV108974,3,04-16-23
U000085,MOV113648,3,06-14-25
U000002,MOV106333,4,11-08-25
U000027,MOV100006,4,02-12-22
U000669,MOV100006,3,10-18-19
U001188,MOV109748,3,03-08-21
U000004,MOV114626,5,11-11-25
U000015,MOV119635,2,03-16-18
U002410,MOV114510,5,03-25-23
U000028,MOV113797,4,10-13-22
U000001,MOV114896,4,01-31-24
U000018,MOV113876,1,05-11-22
U000004,MOV101391,4,11-24-19
U000102,MOV114360,1,05-30-23
U000003,MOV119272,2,07-18-22
U000230,MOV105644,1,04-09-19
U000001,MOV107257,2,12-24-22
U000001,MOV117097,4,08-26-25
U000563,MOV109221,3,06-11-25
U002434,MOV119635,2,02-05-16
U000004,MOV119272,4,07-19-17
U000001,MOV119635,4,11-10-23
U003685,MOV114993,5,10-18-25
U000059,MOV112232,4,08-20-17
U000013,MOV117885,5,02-27-23
U000010,MOV105487,5,05-02-25
U000496,MOV100006,1,09-16-15
U000030,MOV111029,1,05-31-20
U000005,MOV100006,4,09-11-15
U000262,MOV111434,2,07-04-22
U000001,MOV114042,1,07-11-25
U000009,MOV114293,5,08-06-25
U000486,MOV114626,2,
U000004,MOV114993,4,12-04-15
U000006,MOV107386,,02-18-25
U000015,MOV113048,3,10-11-19
U001759,MOV118556,4,11-30-20
U000080,MOV119272,5,04-16-24
U000005,MOV106957,4,07-06-25
U000013,MOV114626,4,09-21-18
U000001,MOV100006,2,11-20-18
U000002,MOV100491,4,04-16-19
U002304,MOV100006,4,04-23-25
U000004,MOV106037,4,11-17-20
U000333,MOV116536,4,10-15-21
U000010,MOV115413,5,11-28-15
U000278,MOV100006,4,11-12-24
U000039,MOV119041,5,01-01-23
U000063,MOV105399,4,03-19-20
U000185,MOV114626,5,03-24-24
U000005,MOV114626,1,10-23-21
U001207,MOV101539,3,08-25-19
U000038,MOV100734,5,12-22-16
U000847,MOV102713,,12-23-25
U003096,MOV104138,4,09-19-23
U000015,MOV110026,5,11-01-21
U000001,MOV113341,3,05-17-18
U001972,MOV100557,3,05-10-22
U000010,MOV115746,4,07-22-20
U000018,MOV114563,3,10-07-19
U000003,MOV119272,3,11-28-21
U000058,MOV107452,5,07-26-19
U000001,MOV106458,2,06-07-23
U000015,MOV115559,5,10-12-25
U000004,MOV119195,5,08-12-22
U000001,MOV101909,4,08-04-18
U000001,MOV103605,5,11-16-21
U000002,MOV111472,4,09-29-24
U001230,MOV112276,5,08-26-17
U000310,MOV119635,5,03-07-21
U000003,MOV117066,1,09-05-20
U000001,MOV114896,2,07-19-22
U000006,MOV106333,2,11-26-25
U000006,MOV118828,5,06-12-20
U000008,MOV111551,4,03-04-25
U000135,MOV116591,4,01-17-17
U000001,MOV105644,4,11-05-23
U001949,MOV102151,4,06-14-21
U000035,MOV100006,4,05-16-24
U000302,MOV119217,1,01-30-23
U000001,MOV105644,4,10-02-25
U000002,MOV111034,5,10-05-22
U000001,MOV100006,4,02-02-25
U000029,MOV106689,5,11-13-24
U000019,MOV109874,3,03-09-25
U000101,MOV110026,2,08-28-23
U000036,MOV106107,1,11-20-25
U000003,MOV100006,4,12-17-25
U000039,MOV119635,3,09-20-23
U000001,MOV114896,2,05-04-25
U000176,MOV101192,4,03-07-19
U000165,MOV105990,3,07-07-20
U000011,MOV104873,4,01-17-24
U000006,MOV107480,4,06-08-24
U000003,MOV102303,5,05-01-24
U000038,MOV119635,5,03-17-24
U000005,MOV113065,2,05-21-18
U000003,MOV100006,4,03-08-19
U000001,MOV114626,2,08-21-19
U000029,MOV100006,4,01-29-22
U000010,MOV106037,5,07-23-22
U000015,MOV100006,2,11-03-16
U000001,MOV100006,4,05-11-20
U000020,MOV105496,5,07-24-25
U000006,MOV116741,3,09-09-22
U000624,MOV109874,3,08-26-21
U000006,MOV108416,4,04-29-23
U000006,MOV100006,4,10-20-22
U000001,MOV106316,3,01-26-25
U000119,MOV105990,3,09-17-18
U000004,MOV111159,4,09-18-15
U000082,MOV114626,2,12-17-20
U000018,MOV109762,4,09-21-25
U002620,MOV101202,3,09-13-22
U000241,MOV100006,5,01-08-20
U000004,MOV118986,4,11-17-25
U000747,MOV109166,3,08-23-17
U000004,MOV112179,3,10-15-25
U000003,MOV100006,5,10-16-19
U000028,MOV119204,5,06-18-15
U000371,MOV119635,3,04-20-18
U000020,MOV119204,4,01-26-20
U000094,MOV103091,5,08-18-24
U000014,MOV115413,4,11-15-25
U000133,MOV113766,2,10-15-18
U001426,MOV101108,4,02-01-23
U000002,MOV106689,4,04-10-22
U000696,MOV115163,5,02-03-23
U000006,MOV119204,5,07-10-24
U000005,MOV100323,4,12-20-25
U000003,MOV115198,3,10-26-25
U000006,MOV114993,1,12-07-20
U000999,MOV102870,2,04-09-15
U000059,MOV100938,5,08-03-25
U000002,MOV116710,4,02-07-20
U001311,MOV100006,5,01-08-23
U001367,MOV106104,5,05-14-17
U000077,MOV114896,4,07-04-21
U000184,MOV112232,4,11-25-25
U000010,MOV118120,3,04-05-23
U000017,MOV100006,3,10-06-15
U000003,MOV104436,3,05-01-19
U000048,MOV106710,4,07-30-25
U000396,MOV109221,2,04-14-20
U000001,MOV102903,3,07-04-24
U000046,MOV104060,5,08-11-20
U000005,MOV106021,4,03-04-21
U000066,MOV100006,4,07-17-22
U000008,MOV100713,5,07-14-22
U000001,MOV100006,5,04-25-24
U000001,MOV109041,2,02-10-21
U000001,MOV116707,4,11-24-18
U000009,MOV100006,3,01-29-22
U001421,MOV116622,4,01-21-23
U000007,MOV107326,3,11-04-22
U000002,MOV119225,5,10-18-21
U000001,MOV100006,4,05-28-25
U001261,MOV108506,4,04-26-19
U000017,MOV114993,1,
U000006,MOV101061,4,10-19-22
U000023,MOV119272,3,04-30-19
U000020,MOV119204,4,07-29-22
U000025,MOV101840,4,08-15-24
U000001,MOV101447,5,03-22-18
U000008,MOV105644,1,08-02-19
U000006,MOV109221,5,01-20-24
U000020,MOV103091,4,08-22-23
U000002,MOV119204,4,05-10-25
U000076,MOV108053,4,04-12-15
U000213,MOV100006,5,09-15-25
U000159,MOV119635,5,08-01-19
U000894,MOV114909,1,07-30-20
U000001,MOV114626,1,08-17-21
U000017,MOV112114,3,06-16-24
U000036,MOV107257,3,05-12-25
U000007,MOV116956,4,12-23-24
U000002,MOV118474,4,10-22-22
U000182,MOV101715,3,04-26-24
U000011,MOV100006,5,09-18-23
U000005,MOV114432,4,07-15-19
U000005,MOV100006,2,11-09-25
U000003,MOV110790,5,11-25-25
U000017,MOV119204,3,11-27-18
U000006,MOV100006,5,08-17-24
U000001,MOV100006,5,08-02-20
U000002,MOV117605,4,10-14-19
,MOV102068,3,11-15-25
U000244,MOV110026,5,05-25-24
U000001,MOV111025,2,03-15-19
U000286,MOV100006,1,09-17-25
U000052,MOV109759,5,02-16-25
U002010,MOV105911,3,11-14-24
U000037,MOV119222,4,03-19-24
U001010,MOV119635,1,11-29-21
U000005,MOV112903,4,04-07-20
U000011,MOV112212,5,03-12-19
U000403,MOV107386,4,02-13-22
U000042,MOV115957,2,11-25-20
U000064,MOV105990,1,12-16-19
U000005,MOV105340,3,06-30-23
U000001,MOV119021,4,08-31-22
U000017,MOV114909,2,12-17-21
U000031,MOV109554,5,01-23-25
U001519,MOV118347,4,09-16-18
U000011,MOV106834,4,07-29-19
U000001,MOV119109,3,10-14-21
U000001,MOV119810,4,11-25-21
U000155,MOV107551,4,03-09-25
U000001,MOV101539,3,01-12-21
U000001,MOV110026,3,07-30-21
U000003,MOV119186,4,05-02-23
U000314,MOV100006,3,03-03-23
U000036,MOV102552,3,
U000010,MOV100557,4,05-13-22
U000165,MOV100006,4,09-29-20
U000001,MOV119195,3,04-10-18
U000082,MOV119635,3,12-21-22
U000518,MOV100006,4,03-05-19
U000399,MOV110345,4,04-10-25
U000043,MOV106834,5,10-29-19
U000498,MOV104768,4,05-08-25
U000239,MOV105990,5,10-02-20
U000001,MOV102475,3,10-31-15
U000001,MOV109166,2,10-13-20
U000257,MOV100006,3,06-07-19
U000001,MOV101577,2,08-19-22
U000002,MOV119204,3,09-29-15
U000003,MOV119073,2,07-24-24
U000004,MOV113048,3,04-19-25
U000002,MOV105990,4,06-11-22
U000014,MOV103502,4,07-17-23
U000648,MOV119635,5,08-21-17
U000311,MOV110828,4,11-14-19
U000002,MOV114626,5,02-06-15
U000124,MOV108957,2,08-01-23
U000006,MOV100006,2,12-23-21
U000023,MOV104768,4,
U000003,MOV107386,4,06-06-25
U000006,MOV106168,4,06-21-22
U000001,MOV118974,3,02-27-25
U000005,MOV111885,5,10-24-22
U000004,MOV108844,4,01-09-20
U000019,MOV105990,4,08-17-23
U000003,MOV100006,3,07-31-20
U001366,MOV113048,4,09-24-25
U000065,MOV100006,3,05-14-24
U000001,MOV115671,1,08-07-23
U000001,MOV110488,4,03-15-17
U000248,MOV119635,4,11-27-25
U000005,MOV106660,5,08-19-18
U000003,MOV110026,3,10-21-21
U001105,MOV100006,4,11-03-25
U000490,MOV119635,5,07-15-22
U000172,MOV118556,4,12-22-21
U000033,MOV118280,5,09-18-20
U000004,MOV101448,4,10-14-21
U000008,MOV116470,4,11-21-20
U000002,MOV100006,4,
U000005,MOV105162,3,02-18-25
U000001,MOV114909,5,04-07-25
U000003,MOV105224,4,08-23-24
U000083,MOV103334,4,11-04-24
U000059,MOV106710,5,06-13-16
U000001,MOV103773,3,08-09-25
U000258,MOV102616,1,08-08-23
U000001,MOV100006,4,05-24-24
U000001,MOV119272,5,09-19-25
U001564,MOV103975,5,02-06-17
U000006,MOV107772,2,04-08-24
U000003,MOV119204,5,08-16-18
U000003,MOV100192,2,07-06-25
U000003,MOV113766,4,06-05-21
U000001,MOV104272,5,03-24-22
U000003,MOV102357,4,03-08-17
U000871,MOV119635,5,01-23-19
U000001,MOV111034,5,10-28-21
U000001,MOV105990,4,06-15-25
U000019,MOV105912,2,11-20-24
U000001,MOV114993,2,08-07-24
U001625,MOV106458,4,07-04-22
U000054,MOV104069,1,04-13-18
U000006,MOV110026,4,06-25-23
U000001,MOV101878,3,12-16-15
U000002,MOV112906,3,03-18-24
U000032,MOV113987,4,07-22-18
U000001,MOV104697,4,10-16-19
U000002,MOV106037,4,12-17-16
U000004,MOV111524,4,01-20-23
U000021,MOV115671,3,12-15-18
U000010,MOV118072,4,06-27-24
U000003,MOV118813,3,03-13-22
U000098,MOV100006,4,04-24-22
U000019,MOV103605,4,08-20-24
U000040,MOV110501,5,02-25-21
U000006,MOV114993,4,04-15-24
U000023,MOV119635,3,02-24-22
U000001,MOV106458,1,10-21-21
U000030,MOV100006,5,03-20-23
U000419,MOV101108,2,09-04-20
U000099,MOV100006,3,09-14-23
U000067,MOV106004,5,04-01-19
U000005,MOV117601,5,11-25-24
U000003,MOV103605,3,11-04-23
U000034,MOV102166,3,10-17-17
U001511,MOV119635,3,09-01-25
U000587,MOV110026,3,10-13-25
U000001,MOV119855,1,01-28-22
U000004,MOV111451,4,01-08-24
U000043,MOV100557,4,01-18-21
U000018,MOV100006,5,12-24-19
U000159,MOV100006,5,10-03-25
U002005,MOV113000,5,06-27-20
U000057,MOV116154,4,10-03-20
U000001,MOV109221,4,04-26-23
U000002,MOV100557,4,09-07-20
U000009,MOV110997,4,09-03-19
U000001,MOV101108,4,12-28-18
U000001,MOV110809,5,12-19-23
U000001,MOV100016,4,12-29-18
U000017,MOV100006,5,02-09-25
U000025,MOV109221,3,06-17-22
U000091,MOV105990,,10-04-24
U000003,MOV108791,4,02-23-20
U000044,MOV106651,3,11-03-20
U000004,MOV118556,4,08-01-25
U000005,MOV101108,4,06-20-23
U000123,MOV107014,4,04-17-17
U000640,MOV100373,4,01-26-18
U000231,MOV117072,2,11-13-20
U000001,MOV119272,4,02-01-19
U000037,MOV100006,1,01-31-19
U000131,MOV103643,3,04-19-22
U000006,MOV119635,4,12-23-19
U000123,MOV100006,1,10-26-22
U000011,MOV104946,5,06-05-17
U000001,MOV118510,4,03-12-19
U000044,MOV104768,4,09-28-19
U000034,MOV109748,3,07-08-25
U000018,MOV104395,3,10-30-25
U000037,MOV103032,4,03-24-25
U000011,MOV100006,4,07-18-21
U000009,MOV119635,4,01-04-22
U000050,MOV119635,4,11-09-24
U000079,MOV103125,4,05-25-20
U000005,MOV100052,4,06-11-16
U000001,MOV119635,3,03-22-24
U000002,MOV109221,4,11-04-23
U000462,MOV119272,5,01-11-23
U000002,MOV111745,5,02-03-15
U000532,MOV110790,4,06-21-25
U000001,MOV100006,5,09-01-25
U000008,MOV101108,5,10-03-25
U000001,MOV117941,2,04-29-17
U000001,MOV100006,3,03-07-23
U000001,MOV104768,2,06-26-20
U000001,MOV109426,1,05-13-24
U000021,MOV108775,4,
U000002,MOV105990,4,08-08-19
U000001,MOV100006,5,04-25-23
U000043,MOV110397,3,10-25-23
U000001,MOV119635,4,09-30-16
U002655,MOV105990,4,04-08-25
U000020,MOV100006,5,06-01-18
U000010,MOV116622,3,07-01-22
U000966,MOV111159,3,09-18-24
U000001,MOV119635,1,04-05-22
U001549,MOV105990,4,10-24-18
U000002,MOV112586,2,11-02-25
U000030,MOV119204,4,05-19-23
U000003,MOV116131,4,09-07-25
U000094,MOV102141,5,04-18-20
U000330,MOV112232,3,01-10-22
U000112,MOV106540,5,07-25-17
U000026,MOV113048,4,04-12-25
U000001,MOV117251,3,07-17-19
U001863,MOV100006,4,03-03-24
U000001,MOV114896,4,02-16-20
U000115,MOV119272,4,09-19-23
U000004,MOV114993,1,11-07-24
U000004,MOV114993,2,05-20-25
U000001,MOV110538,5,01-11-18
U000058,MOV100006,4,07-01-16
U000014,MOV103017,3,12-04-24
U001791,MOV119272,5,12-06-16
U000037,MOV105896,4,03-22-24
U000001,MOV119635,3,09-20-21
U000001,MOV100006,5,05-26-23
U000004,MOV109221,2,04-27-23
U000067,MOV101061,5,12-10-24
U000001,MOV117034,2,06-29-25
U000072,MOV119635,4,10-02-24
U000161,MOV111885,5,03-21-23
U000002,MOV103605,4,11-06-24
U000187,MOV103605,3,11-07-23
U000010,MOV119635,3,03-22-24
U000048,MOV112114,4,11-04-18
U000007,MOV119272,5,10-25-24
U000019,MOV100006,3,10-10-23
U000169,MOV110202,4,02-01-15
U000511,MOV113066,5,06-15-25
U000004,MOV100006,4,02-08-25
U000465,MOV108474,1,12-16-22
U000018,MOV117948,5,07-17-21
U000003,MOV119272,1,05-22-23
U000002,MOV105355,4,02-15-20
U000026,MOV114993,4,09-26-25
U000001,MOV105990,3,11-15-23
U000114,MOV105990,5,06-25-23
U000197,MOV100006,4,03-04-25
U000001,MOV113627,4,04-30-15
U000004,MOV100006,4,05-11-24
U000042,MOV112462,2,02-16-24
U000014,MOV116813,4,12-26-22
U000003,MOV100006,3,11-23-15
U003093,MOV103605,1,01-29-19
U000001,MOV101681,5,01-21-21
U000547,MOV110790,1,08-13-17
U000026,MOV108474,4,07-04-19
U000003,MOV101108,4,10-14-22
U000002,MOV100751,5,08-09-20
U001153,MOV118556,4,03-28-22
U000001,MOV103122,4,05-03-22
U000001,MOV115671,5,07-09-19
U000001,MOV118556,4,02-09-24
U000008,MOV119635,3,09-28-18
U000002,MOV109221,4,05-19-25
U000023,MOV119272,3,10-24-25
U000020,MOV105990,4,08-03-22
U000004,MOV117851,4,10-16-17
U000040,MOV119635,3,07-27-24
U000344,MOV109484,5,06-23-22
U000003,MOV113223,4,09-19-25
U000011,MOV119635,2,02-18-25
U000008,MOV118028,4,11-13-21
U000012,MOV113766,4,12-05-23
U000003,MOV110759,4,05-22-22
U000050,MOV104683,3,05-06-24
U000050,MOV100006,5,01-13-21
U002449,MOV109329,4,10-25-18
U000058,MOV119635,4,11-15-24
U000001,MOV110304,5,03-14-22
U000001,MOV118492,5,05-30-24
U000004,MOV100006,4,10-14-18
U000001,MOV111263,4,07-25-25
U000009,MOV118450,5,04-27-20
U000026,MOV109313,4,10-22-21
U000006,MOV106866,1,12-08-23
U000051,MOV100006,4,07-07-24
U000014,MOV110144,4,01-22-23
U000001,MOV117698,4,06-14-19
U000003,MOV119635,4,01-21-23
U000001,MOV114992,4,01-13-20
U000001,MOV119204,4,04-07-22
U000001,MOV114812,4,12-28-18
U000001,MOV100557,4,01-22-20
U000001,MOV119635,4,03-03-21
U000001,MOV115122,2,04-06-16
U000001,MOV119635,4,08-19-23
U000044,MOV100006,5,04-07-20
U000001,MOV119272,4,10-29-16
U000002,MOV119272,4,
U000010,MOV117029,4,03-22-22
U000001,MOV119272,5,02-16-21
U000022,MOV103125,4,04-12-21
U000056,MOV114199,1,01-19-25
U000009,MOV119635,3,
U000001,MOV105947,2,03-23-21
U000728,MOV117072,4,10-22-25
U000617,MOV112232,3,04-01-25
U000001,MOV100006,3,10-10-23
U000112,MOV119635,5,08-08-18
U000003,MOV119204,4,06-04-25
U000009,MOV105077,4,07-29-23
U000001,MOV100713,3,05-29-25
U000003,MOV109221,3,03-13-25
U000002,MOV115006,3,04-23-23
U000001,MOV112232,4,12-29-22
U000002,MOV109483,2,06-14-20
U000007,MOV113086,4,05-06-24
U000001,MOV115039,2,05-17-23
U000001,MOV118474,1,10-10-21
U000004,MOV117851,1,05-01-17
U000005,MOV113048,3,10-25-16
U000001,MOV118343,4,08-27-20
U000001,MOV112232,3,02-07-22
U000002,MOV106333,4,04-16-19
U002532,MOV101242,,05-16-20
U000002,MOV119272,5,07-06-22
U000796,MOV117055,3,12-24-23
U000030,MOV108419,4,07-09-24
U000024,MOV119272,3,10-07-20
U000001,MOV100006,2,04-20-19
,MOV100557,4,06-04-24
U000012,MOV100006,2,03-27-19
U000128,MOV106710,4,12-09-24
U000023,MOV103354,5,10-06-17
U000001,MOV100006,4,05-23-16
U001697,MOV110304,4,05-19-17
U000002,MOV100006,4,04-02-23
U000121,MOV119635,5,01-04-22
U000001,MOV100478,4,02-13-21
U000010,MOV111370,5,11-15-25
U000027,MOV114626,3,02-02-23
U000017,MOV118556,4,05-10-20
U000031,MOV101108,3,10-02-25
U000007,MOV119635,5,04-13-24
U000036,MOV107386,2,01-26-21
U000137,MOV117698,3,12-05-20
U000001,MOV100006,5,08-26-23
U000038,MOV100006,1,09-14-22
U000028,MOV117793,3,05-17-24
U000720,MOV113048,2,11-14-23
U000002,MOV114784,4,06-12-23
U000003,MOV105990,5,11-20-24
U001294,MOV100006,4,04-04-22
U000019,MOV106590,1,09-22-25
U000002,MOV109101,3,02-04-19
U000016,MOV111724,5,03-23-20
U000010,MOV117101,5,09-16-22
U000001,MOV104768,2,03-27-25
U000010,MOV101202,5,09-09-23
U002657,MOV110262,2,03-28-24
U000001,MOV114161,4,02-24-17
U000002,MOV101501,1,12-28-17
U000009,MOV109602,3,06-29-22
U000005,MOV110262,4,12-12-25
U000002,MOV113048,4,06-10-25
U000046,MOV110790,3,09-28-19
U000001,MOV118537,5,03-02-25
U000002,MOV117316,4,04-01-25
U000005,MOV102023,4,10-29-21
U000001,MOV114042,3,02-07-23
U000001,MOV119272,4,05-25-25
U000157,MOV119635,4,02-21-16
U000007,MOV116580,3,11-22-25
U000002,MOV119635,3,09-27-18
U000001,MOV105990,3,08-25-23
U000401,MOV108387,5,09-22-15
U000003,MOV116313,5,01-31-20
U000240,MOV114670,5,07-16-20
U000008,MOV100006,3,08-20-20
U001097,MOV119272,2,02-01-19
U000051,MOV102370,3,03-29-25
U000002,MOV105990,3,10-17-23
U000157,MOV119722,4,03-02-19
U000004,MOV118556,4,05-15-22
U000002,MOV106986,3,09-15-25
U000034,MOV100006,5,10-21-25
U000178,MOV100006,4,03-03-15
U000005,MOV103125,5,10-23-25
U000007,MOV108506,4,11-23-25
U003908,MOV104683,1,12-29-20
U000004,MOV103605,3,03-16-22
U000001,MOV100006,2,01-10-18
U000611,MOV116312,3,04-05-23
U000001,MOV114993,4,10-12-25
U000056,MOV111434,1,11-30-25
U000001,MOV105990,4,07-25-21
U000079,MOV113048,3,09-07-25
U000015,MOV103606,5,06-11-23
U000006,MOV118074,2,08-02-25
U000022,MOV100006,5,02-12-23
U000475,MOV115501,5,05-18-22
U000016,MOV110262,4,06-10-24
U000042,MOV104436,3,06-24-20
U000003,MOV100880,4,11-23-22
U000036,MOV118145,3,12-09-19
U000001,MOV114993,4,10-14-25
U000003,MOV110294,3,08-13-23
U000229,MOV100557,3,06-26-19
U000546,MOV100006,3,09-30-20
U000011,MOV109748,3,09-21-21
U000147,MOV109221,5,06-16-21
U000015,MOV100006,4,09-22-18
U000059,MOV119204,1,10-14-24
U000001,MOV118556,1,03-30-18
U000006,MOV108419,5,07-24-16
U000001,MOV114182,5,03-17-23
U000001,MOV105905,3,02-09-25
U000048,MOV117251,5,02-19-21
U000005,MOV100006,4,06-05-15
U000040,MOV113448,4,01-19-22
U000013,MOV119635,4,11-14-25
U000001,MOV111526,3,02-19-25
U000001,MOV116580,2,06-06-18
U002674,MOV119204,5,07-03-16
U001859,MOV118556,3,11-06-25
U000013,MOV110790,4,03-30-20
U000226,MOV101108,2,08-10-25
U000004,MOV105144,3,09-21-17
U000001,MOV114706,3,10-24-25
U000001,MOV106037,4,06-13-25
U000019,MOV117728,4,08-30-25
U000001,MOV107772,5,08-19-23
U000021,MOV111223,3,04-10-25
U000065,MOV114626,3,03-25-22
U000001,MOV106462,4,10-05-25
U000271,MOV119272,2,12-15-18
U000027,MOV119635,3,02-12-21
U000001,MOV119635,4,12-10-25
U000006,MOV100006,,08-27-23
U000022,MOV110026,4,04-04-24
U000002,MOV118492,3,
U000002,MOV100006,2,10-07-24
U000093,MOV119635,5,06-21-25
U000003,MOV107452,4,04-28-21
U000001,MOV118925,3,04-01-20
U000516,MOV105990,4,05-05-25
U000001,MOV110919,4,10-29-24
U000001,MOV114896,4,04-11-22
U000002,MOV118159,5,08-09-22
U000001,MOV105990,5,11-10-22
U000498,MOV118763,4,07-13-23
U000034,MOV114109,3,01-29-21
U000001,MOV105764,1,05-16-23
U000005,MOV119635,3,09-17-15
U000049,MOV100557,3,11-06-24
U000044,MOV112232,2,03-31-25
U000004,MOV105540,,10-09-20
U000010,MOV110790,4,04-20-20
U000009,MOV110262,2,05-14-25
U000002,MOV100006,3,01-29-24
U000082,MOV105990,3,05-14-25
U000025,MOV119495,2,10-21-25
U000003,MOV100006,3,12-29-19
U000001,MOV100006,4,09-24-22
U000003,MOV100006,4,03-03-25
U000002,MOV111876,2,08-01-23
U000002,MOV100006,3,10-13-22
U000131,MOV119272,2,05-09-18
U000002,MOV106940,4,03-05-24
U000884,MOV112114,4,11-05-25
U000002,MOV117066,3,04-01-17
U000015,MOV105896,5,08-18-17
U000001,MOV110956,3,12-14-24
U000184,MOV117035,3,11-15-22
U000002,MOV109602,4,12-23-21
U000012,MOV104280,5,02-23-24
U000062,MOV101536,1,11-10-23
U000005,MOV116203,5,04-18-23
U001892,MOV102429,4,07-21-25
U000080,MOV102379,2,08-20-25
U000091,MOV100006,4,07-25-25
U000006,MOV100006,4,07-26-24
U000007,MOV116179,5,02-17-24
U000013,MOV106037,5,07-31-25
U000010,MOV113048,3,07-05-24
U000002,MOV113899,5,06-22-25
U000001,MOV119672,2,05-29-19
U000510,MOV105270,4,03-25-22
U000002,MOV101202,4,07-12-20
U001242,MOV118556,4,01-24-23
U000001,MOV105990,2,05-23-25
U000044,MOV114896,3,07-30-25
U000002,MOV100006,3,08-24-24
U000040,MOV100006,4,12-08-24
U000628,MOV107070,4,05-24-19
U000476,MOV103605,5,09-08-25
U000057,MOV101534,3,11-17-22
U000026,MOV100006,4,12-22-21
U000001,MOV117962,3,01-12-21
U000002,MOV114976,3,07-18-25
U000006,MOV106525,5,03-17-20
U000001,MOV103610,4,03-14-23
U000004,MOV114710,3,02-17-15
U000001,MOV103759,4,06-04-25
U000002,MOV100006,4,12-03-21
U000004,MOV114635,4,02-27-20
U000001,MOV109340,4,04-30-15
U000001,MOV101840,3,05-26-18
U000002,MOV100006,2,09-22-21
U000347,MOV105990,5,03-30-23
U000019,MOV113048,2,02-17-20
U000008,MOV109759,5,02-07-25
U000008,MOV104244,4,08-10-23
U000557,MOV100006,5,09-21-24
U000031,MOV118556,5,10-28-19
U002448,MOV105896,4,05-18-23
U000003,MOV110026,3,08-27-23
U000836,MOV104697,4,06-14-24
U000001,MOV116972,2,01-21-15
U004104,MOV112876,5,07-26-24
U000495,MOV108527,3,11-27-25
U000034,MOV100006,5,10-25-22
U000003,MOV109221,2,10-27-22
U002277,MOV102141,4,08-27-20
U000002,MOV100006,1,03-02-19
U000001,MOV108506,5,01-05-25
U000003,MOV100831,5,03-02-24
U000599,MOV104768,4,01-24-24
U000011,MOV106689,4,05-17-20
U000005,MOV114626,2,02-13-25
U000079,MOV109221,1,06-26-19
U000004,MOV100006,4,10-02-21
U000180,MOV116956,4,11-03-16
U000017,MOV119595,4,10-05-23
U000820,MOV112903,4,08-26-24
U000132,MOV105990,4,12-14-18
U000001,MOV113048,2,04-17-24
U000010,MOV105077,3,12-04-25
U000064,MOV109340,4,
U000003,MOV105990,3,09-10-25
U000001,MOV101108,4,12-29-24
U000001,MOV100557,4,02-05-23
U000031,MOV100006,4,12-29-18
U000005,MOV117066,5,07-02-18
U000001,MOV119635,5,09-26-25
U000002,MOV117948,2,08-16-20
U000002,MOV104746,5,02-26-20
U000055,MOV100006,4,03-29-19
U000007,MOV119660,5,06-19-17
U000002,MOV119272,4,10-23-19
U000363,MOV119272,3,05-27-21
U000005,MOV100831,5,09-14-25
U000001,MOV104475,5,05-11-24
U000441,MOV110790,4,12-23-16
U000001,MOV100006,2,05-08-21
U000023,MOV105990,1,12-16-20
U000001,MOV100006,4,02-13-25
U000434,MOV118556,4,01-14-23
U000002,MOV106380,4,04-25-21
U000001,MOV101108,2,06-12-21
U000008,MOV111034,5,05-04-23
U000330,MOV119635,2,09-12-22
U000001,MOV109340,3,12-01-25
U000001,MOV110828,4,02-09-25
U000008,MOV113304,3,03-12-24
U000001,MOV106027,2,11-29-23
U000019,MOV104979,2,01-16-16
U004418,MOV105990,3,06-09-25
U000059,MOV119635,4,04-13-20
U003638,MOV104768,1,05-25-19
U000075,MOV112489,4,09-21-24
U000010,MOV114710,4,02-25-15
U000007,MOV112232,5,12-08-20
U000007,MOV101202,4,05-19-19
U000001,MOV109648,4,07-12-24
U000042,MOV105896,3,05-16-25
U000001,MOV114153,4,06-23-25
U000004,MOV103931,2,04-08-21
U000415,MOV106110,3,03-06-20
U000001,MOV111159,4,08-23-25
U000009,MOV104757,5,05-06-19
U000067,MOV105990,5,03-17-24
U000787,MOV111134,1,03-21-20
U000005,MOV102542,1,03-26-24
U000003,MOV113048,4,07-30-24
U001402,MOV100006,3,06-24-16
U003456,MOV100006,5,08-09-22
U000002,MOV105962,3,06-26-25
U000001,MOV114626,4,04-16-19
U000002,MOV100410,2,03-30-19
U000003,MOV109166,4,06-02-25
U000006,MOV108057,1,06-24-25
U000064,MOV114801,4,12-24-25
U000115,MOV100006,4,09-30-24
U000005,MOV119635,1,03-31-25
U000004,MOV101871,4,01-05-20
U000109,MOV100388,5,10-13-20
U000945,MOV100006,5,09-07-24
U000207,MOV109919,4,03-06-24
U000019,MOV116201,2,07-02-17
U000023,MOV100006,4,03-13-23
U000278,MOV100006,1,05-30-24
U000002,MOV100006,1,06-08-15
U000160,MOV100006,4,04-09-25
U000001,MOV100006,5,03-17-25
U000083,MOV100006,4,10-18-22
U000001,MOV118492,3,10-21-25
U000005,MOV103147,4,02-27-21
U000065,MOV119635,5,10-01-22
U000021,MOV111275,3,05-30-24
U000001,MOV111029,4,04-27-25
U000002,MOV101874,3,09-24-20
U000086,MOV100006,1,08-24-18
U000006,MOV103147,3,10-28-18
U000042,MOV105990,4,08-09-25
U000200,MOV108348,2,04-24-17
U000083,MOV119579,5,02-06-18
U000180,MOV107700,2,01-28-25
U000304,MOV119635,2,05-28-24
U001696,MOV100006,2,05-10-20
U000009,MOV119635,3,03-28-25
U000145,MOV119635,5,08-13-16
U000002,MOV100006,5,09-08-16
U000069,MOV100904,3,10-13-24
U000013,MOV110790,5,09-28-24
U001760,MOV119778,4,10-18-20
U000002,MOV112855,4,01-04-19
U000002,MOV112114,4,08-31-16
U000006,MOV101840,2,09-30-21
U000125,MOV101571,3,12-18-22
U000001,MOV113893,4,06-15-19
U003146,MOV107386,2,10-21-19
U000002,MOV119635,3,03-17-17
U002013,MOV111673,2,02-17-24
U000001,MOV119813,3,02-06-24
U000001,MOV110475,3,09-03-18
U000068,MOV101623,5,09-04-23
U000007,MOV103328,4,07-06-25
U000002,MOV118145,2,03-28-24
U000008,MOV100006,5,04-09-23
U000001,MOV100006,4,04-11-24
U000002,MOV113359,1,05-22-19
U000013,MOV107309,4,12-29-16
U000013,MOV103605,2,08-10-20
U000101,MOV119272,5,09-19-25
U000002,MOV107700,1,02-08-21
U000336,MOV116741,5,09-24-25
U003473,MOV106380,4,07-09-19
U000035,MOV103605,4,11-26-21
U000049,MOV114326,4,12-24-25
U000030,MOV107014,3,04-18-22
U000316,MOV113095,2,04-29-20
U000004,MOV100006,1,03-05-25
U000225,MOV100006,1,04-17-25
U000001,MOV114784,4,04-11-22
U000001,MOV104604,4,02-17-24
U000001,MOV100006,4,03-06-16
U000028,MOV119204,3,10-08-24
U000005,MOV119635,1,05-05-17
U000021,MOV100006,3,11-30-23
U001335,MOV109221,5,03-04-17
U002565,MOV104768,3,01-11-22
U000004,MOV105990,4,12-06-23
U000003,MOV102047,3,05-13-21
U000229,MOV114626,5,05-18-24
U000001,MOV100006,4,11-22-17
U000001,MOV107048,5,10-24-16
U000002,MOV110790,2,09-07-24
U000167,MOV101108,4,07-29-23
U000001,MOV114896,4,11-19-19
U000020,MOV117066,4,01-11-25
U000201,MOV112106,4,08-09-20
U000001,MOV105990,5,03-22-23
U000070,MOV114626,3,06-15-25
U000003,MOV106850,2,02-13-25
U000001,MOV113223,4,01-29-20
U000062,MOV105783,4,03-16-22
U000002,MOV107813,4,03-26-23
U000364,MOV119635,5,10-28-25
U000001,MOV105634,4,07-19-19
U000431,MOV119635,3,09-21-25
U000002,MOV119320,5,02-13-25
U000005,MOV118556,4,02-19-20
U000003,MOV110869,3,02-27-23
U000008,MOV112207,4,11-26-20
U000058,MOV119635,4,06-26-15
U000047,MOV119272,3,07-28-25
U000001,MOV105990,5,04-28-18
U000005,MOV114993,4,03-29-21
U000001,MOV111434,4,09-08-23
U000230,MOV114993,4,01-16-25
U000008,MOV112232,3,02-05-21
U000003,MOV104854,4,07-07-24
U000001,MOV108506,4,08-20-17
U000070,MOV105896,5,08-21-19
U000564,MOV106458,5,04-03-25
U000001,MOV114784,4,03-09-23
U000149,MOV114626,3,04-29-25
U000002,MOV101108,5,09-23-25
U000416,MOV119000,4,07-08-15
U000088,MOV101682,3,11-19-19
U000798,MOV100006,,10-03-25
U000004,MOV105990,4,05-18-18
U000007,MOV114153,4,03-18-21
U000001,MOV102405,3,11-21-25
U000216,MOV100006,5,06-15-20
U000003,MOV105329,4,07-17-20
U000002,MOV113048,5,10-19-23
U000302,MOV118537,4,12-24-21
U000166,MOV111034,5,09-17-23
U000028,MOV105896,4,02-13-19
U000001,MOV114993,3,03-18-25
U001044,MOV110026,4,09-13-25
U000040,MOV117042,2,11-11-18
U003121,MOV115420,2,09-11-24
U000001,MOV102189,5,09-28-23
U000007,MOV113048,4,04-24-22
U000292,MOV100006,4,05-21-19
U000001,MOV119635,3,01-19-23
U000003,MOV101061,5,01-04-23
U000914,MOV110262,4,06-29-24
U001302,MOV117066,5,06-06-25
U000440,MOV117599,5,04-07-24
U000130,MOV108973,3,01-01-25
U002277,MOV105896,2,10-19-21
U000001,MOV105990,4,12-03-22
U001178,MOV112114,,12-27-20
U000039,MOV100006,4,02-04-21
U000002,MOV100006,4,11-16-17
U000012,MOV114289,,02-28-19
U000672,MOV111340,5,06-25-25
U000023,MOV112272,1,08-12-25
U000203,MOV114993,3,06-22-19
U000125,MOV103091,5,04-12-21
U000003,MOV119635,3,01-03-24
U000007,MOV107386,2,12-02-20
U000001,MOV113766,3,05-04-20
U000002,MOV100006,5,10-24-23
U000084,MOV119635,5,04-16-25
U000003,MOV102254,4,12-25-25
U000005,MOV100006,4,09-26-22
U000120,MOV114993,,11-15-24
U000048,MOV119272,2,12-25-19
U000015,MOV115423,4,10-12-22
U001189,MOV107386,2,05-25-24
U000003,MOV100006,2,06-11-25
U000001,MOV103339,3,08-31-17
U002983,MOV114997,5,
U000631,MOV106037,4,07-27-25
U000310,MOV105764,4,10-18-24
U000119,MOV101108,4,03-11-20
U000005,MOV101108,4,01-19-25
U000001,MOV119186,4,06-18-24
U000307,MOV111156,2,01-10-24
U000006,MOV102996,5,03-25-25
U000469,MOV100006,4,07-08-19
U000005,MOV106037,1,04-26-23
U000004,MOV119635,3,09-08-25
U000001,MOV100006,4,02-04-24
U000001,MOV100006,4,03-22-17
U000040,MOV109397,3,02-16-24
U000007,MOV105731,3,10-07-16
U000022,MOV113715,4,05-03-23
U000012,MOV100006,4,09-12-23
U000358,MOV107609,5,10-25-20
U001508,MOV113766,3,05-03-24
U000013,MOV113229,4,11-16-25
U000001,MOV110026,4,02-12-18
U002099,MOV112689,3,07-16-25
U000033,MOV111885,4,11-25-21
U000001,MOV119272,2,10-27-22
U000289,MOV109221,3,06-14-20
U001331,MOV119635,4,12-06-15
U000003,MOV110475,4,03-24-20
U001789,MOV119635,3,04-15-24
U003480,MOV102292,5,05-01-25
U000003,MOV107370,5,11-17-25
U000098,MOV109221,2,04-30-22
U000001,MOV113367,5,06-25-24
U000016,MOV116536,3,11-21-16
U000009,MOV100783,4,05-31-24
U000004,MOV109221,4,11-08-25
U000002,MOV110790,4,10-15-23
U000001,MOV100006,3,09-30-18
U000001,MOV100573,3,10-30-23
U000006,MOV119635,4,11-07-25
U000003,MOV109221,5,12-20-22
U000002,MOV116050,5,11-18-24
U000013,MOV104656,1,02-18-24
U000028,MOV104159,5,11-28-21
U000001,MOV106336,3,11-22-25
U003041,MOV119272,3,04-05-25
U000002,MOV119635,4,02-04-23
U000063,MOV105896,3,05-16-25
U000005,MOV106230,4,12-15-24
U002051,MOV109200,4,05-25-23
U000055,MOV111034,5,04-01-22
U000391,MOV105990,4,11-27-23
U000002,MOV100006,5,12-07-20
U000003,MOV109536,4,03-17-18
U000003,MOV119635,3,02-14-20
U000002,MOV113257,4,03-15-19
U001451,MOV100006,5,07-13-24
U000485,MOV104958,5,11-12-17
U000021,MOV100557,3,07-29-18
U000005,MOV100754,4,06-30-19
U000004,MOV117421,4,03-16-25
U000160,MOV113132,3,10-25-15
U000005,MOV101108,3,04-07-20
U000007,MOV119204,5,06-02-24
U000698,MOV104201,4,09-02-23
U000281,MOV109280,5,05-04-24
U000002,MOV100372,5,11-13-25
U000001,MOV100006,4,04-29-25
U000103,MOV107262,3,10-03-18
U000001,MOV103122,2,02-25-20
U000005,MOV113048,3,05-13-25
U000362,MOV118556,2,08-06-19
U000068,MOV100006,5,09-10-25
U000001,MOV112229,4,12-13-22
U000020,MOV100006,5,06-22-23
U000001,MOV103605,1,05-10-25
U000009,MOV119635,1,10-01-23
U000001,MOV114706,2,10-09-25
U000008,MOV117147,4,01-21-24
U001239,MOV109002,4,07-22-25
U000476,MOV105990,,06-09-25
U003198,MOV110097,3,10-06-24
U000002,MOV110144,1,12-28-21
U000004,MOV105990,4,02-14-25
U000001,MOV101108,4,10-25-23
U000001,MOV100006,3,06-13-23
U001226,MOV107386,4,11-10-19
,MOV113048,5,09-29-25
U000132,MOV114626,4,05-17-18
U000095,MOV105990,3,08-11-25
U000454,MOV100006,5,02-13-25
U000412,MOV116131,4,09-17-20
U000022,MOV119272,4,04-05-22
U000001,MOV113717,3,10-01-19
U000091,MOV105990,3,05-04-22
U000059,MOV101517,5,01-12-22
U000001,MOV101681,4,04-27-21
U001227,MOV106336,3,05-10-25
U000017,MOV106037,5,08-12-20
U000004,MOV118556,4,12-19-20
U000021,MOV110026,1,07-05-18
U000001,MOV104429,3,08-27-15
U000014,MOV114215,4,11-20-25
U000002,MOV108091,4,10-08-23
U000484,MOV106869,4,03-16-23
U002068,MOV118753,3,04-21-25
U000011,MOV106458,4,09-20-22
U000005,MOV119159,1,02-05-24
U000001,MOV119635,4,03-01-21
U000017,MOV106037,3,01-02-22
U000592,MOV117251,3,12-18-25
U000068,MOV100006,5,04-12-25
U000015,MOV100006,4,07-08-21
U000007,MOV101539,4,07-25-17
U000001,MOV105990,3,10-23-20
U000777,MOV100006,1,07-27-23
U000001,MOV100006,5,08-28-21
U000001,MOV105990,5,07-22-21
U000001,MOV109524,3,07-11-25
U000002,MOV114626,4,11-02-22
U000017,MOV111179,4,09-10-23
U000005,MOV110790,4,03-15-25
U000007,MOV111434,4,09-11-18
U000033,MOV114993,3,12-20-20
U000001,MOV100458,3,11-04-21
U000001,MOV101108,4,03-11-19
U000101,MOV100006,2,11-18-19
U000001,MOV100557,4,06-23-15
U000002,MOV106333,3,01-15-22
U000471,MOV103047,3,07-24-21
U000085,MOV100006,3,08-11-21
U004193,MOV115223,2,10-06-24
U000409,MOV110020,4,12-28-17
U000001,MOV110790,2,03-16-15
U000002,MOV105444,4,07-14-25
U000005,MOV101034,4,12-11-17
U000001,MOV114806,4,07-07-25
U000202,MOV117665,4,10-08-20
U000002,MOV100006,4,02-22-25
U000005,MOV104141,5,11-27-19
U000002,MOV101108,4,11-28-23
U000152,MOV101202,4,10-01-21
U000001,MOV100006,4,02-25-25
U000361,MOV103402,3,02-15-20
U000002,MOV100006,4,11-15-21
U000027,MOV105990,4,01-17-17
U000152,MOV104060,4,10-30-15
U000007,MOV100006,5,06-07-22
U000021,MOV113800,4,12-09-24
U001105,MOV100016,3,03-16-25
U000016,MOV111434,3,07-22-17
U000010,MOV113917,3,09-22-19
U001881,MOV103444,3,03-11-16
U000008,MOV100006,3,11-26-25
U000034,MOV106222,5,09-23-25
U000005,MOV108081,4,06-26-22
U000003,MOV118374,4,12-17-24
U000001,MOV101306,5,10-14-25
U000037,MOV100006,4,11-28-25
U000062,MOV116921,4,05-27-22
U000017,MOV118430,5,08-20-23
U000009,MOV100373,4,09-08-23
U000003,MOV119272,3,04-27-22
U000002,MOV101328,3,06-03-22
U000308,MOV119272,5,09-30-20
U000029,MOV114392,4,11-29-19
U000002,MOV114950,5,08-13-16
U000001,MOV100006,4,07-09-18
U000006,MOV119635,3,03-23-24
U000002,MOV114626,5,02-07-25
U000140,MOV111542,2,01-07-17
U000010,MOV117287,4,04-22-21
U000005,MOV114626,3,02-28-18
U000005,MOV101108,4,03-24-23
U000811,MOV106345,2,07-23-21
U000190,MOV117851,,07-13-22
U000001,MOV111451,3,10-14-23
U000001,MOV109748,5,04-07-25
U000001,MOV117128,4,07-06-25
U000004,MOV105644,3,03-11-21
U000656,MOV113800,3,10-23-25
U001022,MOV109759,3,02-27-24
U000003,MOV100006,5,07-10-19
U000006,MOV109759,5,07-25-25
U000002,MOV112687,3,10-24-15
U000005,MOV100734,5,04-21-23
U000001,MOV105764,2,05-19-24
U000001,MOV109221,5,03-06-24
U000020,MOV115790,5,04-24-25
U002928,MOV114601,5,09-10-25
U000003,MOV100342,5,07-16-23
U001575,MOV100006,2,09-15-19
U000001,MOV119419,3,03-19-25
U000005,MOV100006,2,05-03-21
U001435,MOV105990,4,09-05-25
U000019,MOV114626,3,10-07-19
U000059,MOV101803,5,09-24-23
U000011,MOV114626,3,06-26-25
U000004,MOV103393,5,01-12-20
U000001,MOV110026,4,10-21-20
U000001,MOV105077,3,04-13-25
U000001,MOV100262,4,07-01-23
U000001,MOV108832,3,08-18-22
U000437,MOV100006,2,09-01-22
U001868,MOV118427,4,02-12-18
U000005,MOV100006,1,07-05-22
U000325,MOV100006,4,04-30-25
U000001,MOV105990,5,10-09-23
U000982,MOV100976,4,06-11-18
U000001,MOV117153,4,01-19-19
U000001,MOV114601,5,10-15-17
U000001,MOV116203,3,12-06-23
U000004,MOV109221,3,09-26-17
U000023,MOV108419,2,05-29-19
U000002,MOV105764,1,11-18-24
U000003,MOV106333,2,02-15-23
U000006,MOV110026,4,02-04-24
U000001,MOV113551,5,09-25-25
U000005,MOV110467,5,11-11-20
U000002,MOV119660,5,03-29-19
U000003,MOV100006,4,09-02-25
U000014,MOV112718,4,05-19-20
U000001,MOV101390,5,05-19-21
U000001,MOV100006,3,12-04-21
U000001,MOV106834,5,
U000025,MOV101803,4,12-27-20
U000028,MOV100006,4,08-05-15
U000004,MOV118474,5,08-06-20
U000003,MOV100006,4,10-14-25
U000306,MOV109913,5,11-04-25
U000001,MOV117251,1,01-03-25
U000154,MOV109221,4,09-12-24
U000036,MOV119635,4,09-07-20
U000002,MOV116837,5,11-20-18
U002065,MOV100557,2,11-07-25
U000001,MOV119145,4,
U000181,MOV115439,3,09-28-17
U000020,MOV106546,5,01-16-24
U000004,MOV106063,3,07-06-23
U000041,MOV106458,4,07-14-21
U001001,MOV106834,4,09-15-16
U000005,MOV113048,3,08-13-23
U000001,MOV114896,4,01-24-18
U002446,MOV104768,3,06-17-18
U000001,MOV113048,2,03-06-21
U000010,MOV113619,3,09-06-24
U000030,MOV114710,2,08-17-23
U000003,MOV100006,4,04-14-25
U000612,MOV100006,3,12-06-22
U000001,MOV109221,5,09-28-25
U000001,MOV119106,5,03-23-25
U000164,MOV112547,4,11-04-19
U000016,MOV100006,4,11-08-23
U003226,MOV105990,5,01-24-22
U000010,MOV100006,5,09-01-18
U000003,MOV109554,2,07-13-24
U000004,MOV119635,2,05-25-23
U000955,MOV109826,5,10-02-24
U000002,MOV104018,2,11-15-18
U000001,MOV100006,2,11-12-22
U000001,MOV117851,5,05-23-24
U000426,MOV111434,4,11-02-19
U000002,MOV111740,5,09-04-23
U000036,MOV108035,4,11-19-20
U000014,MOV110294,4,06-16-22
U000001,MOV100006,5,10-15-24
U000266,MOV103494,4,12-16-15
U002494,MOV100006,4,10-13-23
U002783,MOV114906,5,02-04-25
U000004,MOV103605,4,01-21-19
U000001,MOV104104,4,04-16-24
U000237,MOV100006,4,01-02-15
U000095,MOV105438,4,01-01-25
U000035,MOV113418,4,09-23-22
U000001,MOV115344,4,01-06-25
U000295,MOV104270,4,10-01-23
U000159,MOV119635,5,08-06-23
U000784,MOV115553,2,09-08-24
U000003,MOV100006,2,06-13-23
U000044,MOV119408,4,03-08-18
U000018,MOV106774,4,10-14-25
U000506,MOV105764,3,09-06-20
U000013,MOV119272,1,08-13-16
U000001,MOV110790,4,05-06-25
U000007,MOV107266,4,08-25-25
U000196,MOV105990,1,03-02-25
U000001,MOV102998,4,07-08-15
U000001,MOV119272,4,01-10-22
U000023,MOV101242,5,11-27-20
U000133,MOV100006,3,03-30-21
U003725,MOV100006,5,05-21-21
U000385,MOV119856,4,09-20-19
U000023,MOV113048,5,01-22-25
U000007,MOV119635,4,10-15-19
U000003,MOV119635,2,11-10-23
U000331,MOV102767,5,04-26-24
U000019,MOV114626,4,06-07-23
U001084,MOV100006,3,08-03-23
U000268,MOV119635,2,01-11-16
U001639,MOV112936,3,02-20-16
U000665,MOV116956,2,06-17-20
U000001,MOV108624,3,10-05-25
U000109,MOV106037,4,11-14-16
U000143,MOV100713,3,06-23-18
U000008,MOV114626,3,07-13-22
U000001,MOV110762,3,03-20-17
U000005,MOV116813,2,11-24-18
U000245,MOV101108,5,05-13-25
U000002,MOV105896,3,06-04-25
U000002,MOV118072,5,06-11-17
U000094,MOV115972,4,09-29-22
U000093,MOV101108,2,05-06-25
U000004,MOV115480,4,06-19-16
U000048,MOV103605,4,12-05-20
U001633,MOV100006,3,11-04-20
U000010,MOV111029,3,11-11-23
U000192,MOV106168,4,01-14-22
U000001,MOV105990,3,11-22-20
U000440,MOV107605,5,07-06-22
U000025,MOV102151,3,09-19-25
U000058,MOV105990,4,04-27-15
U000004,MOV114993,3,07-19-25
U000002,MOV114784,5,03-18-25
U000208,MOV119272,3,07-16-25
U000007,MOV105896,3,09-10-18
U000002,MOV119635,5,05-20-17
U003330,MOV116956,4,07-30-19
U000001,MOV105990,3,10-27-23
U000015,MOV100006,1,01-18-19
U000015,MOV119272,3,09-21-20
U000001,MOV114755,3,07-28-24
U000313,MOV118828,4,03-03-19
U000006,MOV118556,2,10-10-22
U002527,MOV119635,4,12-24-19
U000001,MOV114784,4,07-02-25
U000001,MOV116056,5,09-25-25
U000108,MOV110144,3,09-19-18
U000599,MOV101840,4,02-19-21
U000244,MOV101108,2,10-07-18
U000002,MOV101108,4,03-04-21
U000001,MOV113048,4,08-02-25
U000005,MOV114896,4,10-17-19
U000001,MOV108419,5,10-20-21
U000001,MOV116203,2,04-23-25
U000015,MOV108419,4,07-29-25
U000001,MOV109653,5,06-08-25
U000003,MOV102767,3,01-27-24
U000313,MOV118035,5,04-22-24
U001043,MOV101202,3,01-17-25
U000001,MOV109229,4,08-17-21
U000132,MOV100006,3,11-30-19
U000589,MOV119635,5,10-27-24
U000001,MOV113048,3,04-02-19
U000001,MOV114626,4,11-24-23
U000006,MOV114993,2,04-25-22
U000061,MOV101859,5,07-19-16
U000015,MOV102303,5,04-26-19
U000123,MOV119635,3,03-19-19
U000001,MOV118607,5,03-28-23
U000147,MOV114626,4,10-26-24
U000001,MOV110790,4,02-27-23
U000013,MOV112868,5,10-31-25
U000040,MOV100006,3,10-30-23
U000001,MOV109270,4,07-01-21
U000026,MOV111783,3,02-25-24
U000002,MOV101108,4,09-01-20
U000001,MOV101108,1,06-01-23
U000014,MOV101840,3,03-02-24
U002199,MOV119021,4,05-31-25
U000004,MOV114118,4,11-04-23
U000001,MOV114755,5,07-01-15
U000040,MOV114424,4,02-07-18
U003628,MOV117959,5,11-22-23
U000011,MOV110776,4,12-27-20
U000048,MOV100427,4,04-10-17
U000001,MOV119204,3,05-12-18
U000014,MOV113048,2,10-23-24
U000001,MOV101108,4,07-27-19
U000010,MOV110790,4,05-06-20
U000005,MOV103841,5,08-30-25
U000113,MOV100006,4,05-24-20
U000002,MOV119272,4,10-11-25
U000782,MOV100006,4,07-01-25
U000005,MOV100006,3,01-30-24
U000240,MOV100006,4,01-02-20
U000008,MOV118588,4,12-12-25
U000009,MOV114626,2,
U003558,MOV107503,3,07-07-17
U002447,MOV101108,1,06-07-20
U000004,MOV119635,2,07-08-21
U000003,MOV119635,3,02-10-24
U000004,MOV117352,5,08-21-24
U000406,MOV100006,1,09-17-19
U000006,MOV109993,5,05-23-24
U000014,MOV100006,5,03-08-17
U000001,MOV105990,3,12-03-22
U000001,MOV118840,3,06-05-21
U002691,MOV119272,2,10-18-23
U000004,MOV119635,2,03-08-21
U000204,MOV119635,2,10-11-22
U000027,MOV110960,5,04-16-20
U000004,MOV105077,5,09-21-21
U000003,MOV100006,5,03-31-22
U000145,MOV116496,4,02-04-19
U000001,MOV107226,4,07-08-24
U000047,MOV117385,4,02-04-23
U000018,MOV118988,3,11-24-22
U000005,MOV119635,5,04-16-21
U000019,MOV102303,3,04-21-24
U000553,MOV104596,4,10-09-24
U000003,MOV100006,5,09-23-21
U000001,MOV110026,5,12-14-24
U000001,MOV109913,3,05-24-25
U001176,MOV107386,5,11-21-17
U000005,MOV108400,3,07-21-24
U000011,MOV118556,5,06-08-24
U000004,MOV114424,3,08-05-24
U000352,MOV112903,1,01-09-24
U000001,MOV116580,2,04-20-16
U000001,MOV109107,4,11-02-23
U000004,MOV112114,5,05-28-18
U000004,MOV104975,4,07-03-25
U000001,MOV119272,1,08-28-21
U003171,MOV113048,4,04-30-21
U000010,MOV109221,5,06-07-23
U000006,MOV114424,2,05-22-24
U001507,MOV101202,4,02-10-20
U000001,MOV119635,1,08-04-15
U000001,MOV100557,5,09-25-21
U000032,MOV119635,4,12-30-23
U000001,MOV100783,1,07-01-23
U000301,MOV113048,5,07-23-22
U000479,MOV105990,3,03-06-23
U000001,MOV114626,2,09-21-25
U000081,MOV107901,5,06-20-23
U003437,MOV106037,1,07-22-20
U000001,MOV114993,1,05-13-24
U001314,MOV118988,4,09-25-25
U000041,MOV109100,3,03-22-23
U000083,MOV118955,4,12-29-23
U000002,MOV112341,4,06-21-25
U000001,MOV118492,2,09-06-17
U000001,MOV103125,4,04-12-17
U000003,MOV114896,3,08-06-21
U000086,MOV119195,1,04-19-25
U000017,MOV110026,4,11-03-24
U000937,MOV111029,4,02-25-24
U000014,MOV114903,3,10-26-19
U001813,MOV119635,2,07-26-25
U000012,MOV105132,3,11-02-18
U000001,MOV119635,1,01-12-18
U000001,MOV113048,4,05-24-17
U000027,MOV100557,3,12-21-25
U000483,MOV102286,2,01-19-24
U000072,MOV115150,4,05-26-22
U000495,MOV118556,4,03-10-25
U000026,MOV108984,3,12-20-17
U000002,MOV110828,4,08-30-24
U000001,MOV100006,4,05-03-19
U000001,MOV118159,5,07-22-16
U000129,MOV103328,4,06-10-24
U000008,MOV103605,4,03-16-21
U001952,MOV114896,5,11-25-20
U000406,MOV115251,5,11-21-21
U000006,MOV108369,4,06-30-18
U002291,MOV117438,3,03-07-23
U000045,MOV107070,4,09-02-23
U000033,MOV117663,4,07-15-23
U000002,MOV105990,2,09-09-20
U001164,MOV119272,4,09-16-24
U000003,MOV107772,2,07-26-22
U000001,MOV100006,4,03-06-25
U000010,MOV117158,5,10-02-23
U000001,MOV119419,4,03-22-16
U000001,MOV111029,4,10-31-19
U000005,MOV100557,4,10-03-22
U000212,MOV112232,4,09-28-23
U000002,MOV119635,4,09-13-24
U000922,MOV109221,2,04-22-24
U000001,MOV107668,3,01-12-22
U000001,MOV106689,3,10-16-21
U001934,MOV117851,4,07-19-23
U000051,MOV119635,3,02-04-21
U000052,MOV101202,5,12-05-24
U000022,MOV114784,4,12-08-15
U000001,MOV119635,4,07-13-19
U000023,MOV109816,4,04-09-25
U000002,MOV119635,3,10-17-25
U000005,MOV109166,3,01-24-25
U000045,MOV106030,5,02-24-25
U000014,MOV100006,3,12-30-24
U000001,MOV109193,4,03-21-25
U000139,MOV100006,5,11-18-22
U000003,MOV119186,4,09-03-23
U000006,MOV105990,2,11-17-20
U000019,MOV104946,4,02-12-25
U002068,MOV118828,3,11-20-23
U000027,MOV111451,4,12-15-19
U000001,MOV118974,4,12-01-23
U000369,MOV108414,4,05-04-15
U000001,MOV106289,5,09-17-25
U000001,MOV105990,4,03-01-19
U000003,MOV106562,5,11-05-20
U000007,MOV109140,,08-12-24
U000001,MOV105990,5,05-22-25
U001312,MOV107203,4,03-13-18
U000001,MOV101108,5,03-21-25
U000024,MOV118710,3,02-03-21
U000031,MOV109984,4,06-09-20
U000001,MOV102082,2,12-12-25
U000001,MOV100006,4,02-06-25
U000018,MOV104697,3,
U000018,MOV101108,5,06-22-25
U000010,MOV113223,4,07-16-20
U000010,MOV115557,5,04-27-25
U000010,MOV105990,4,12-28-24
U000017,MOV117251,3,09-29-23
U000001,MOV105707,2,09-09-16
U000001,MOV105990,5,03-12-18
U000018,MOV100006,5,06-10-19
U000002,MOV100006,3,02-11-17
U000023,MOV100006,3,04-25-18
U000004,MOV105896,3,12-11-25
U000025,MOV100373,5,05-02-23
U000002,MOV105265,5,08-15-15
U000003,MOV109993,3,03-17-22
U001572,MOV100006,4,09-04-25
U000609,MOV105990,4,04-12-23
U000007,MOV100006,2,11-13-24
U003517,MOV100535,2,05-25-24
U000004,MOV115251,4,12-16-24
U000004,MOV116219,5,10-11-23
U000107,MOV101539,4,07-25-25
U000081,MOV117633,1,07-11-18
U000244,MOV119635,5,10-23-19
U000003,MOV117349,3,07-04-25
U001177,MOV119272,3,05-15-16
U000156,MOV116415,5,07-21-25
U000032,MOV114626,5,02-20-24
U000003,MOV109107,4,05-20-21
U001232,MOV114626,5,11-06-23
U001047,MOV114161,3,03-06-22
U001723,MOV100542,2,12-30-22
U000003,MOV113048,4,04-18-21
U000127,MOV110023,4,01-23-18
U000003,MOV110828,5,08-26-24
U000006,MOV114993,3,11-17-15
U000001,MOV117948,4,09-19-25
U000002,MOV100006,4,11-17-25
U000194,MOV109221,2,07-09-23
U000001,MOV105644,4,06-15-24
U001148,MOV110828,4,05-25-16
U000026,MOV117601,5,09-27-23
U000003,MOV107339,4,11-28-24
U000082,MOV100006,4,06-25-20
U000157,MOV111451,2,03-27-22
U000002,MOV113418,4,03-16-22
U003600,MOV119272,4,06-30-25
U000008,MOV114993,3,11-17-21
U000016,MOV114626,4,05-22-20
U000332,MOV119204,2,11-10-25
U000019,MOV103605,2,05-23-19
U000002,MOV118556,3,
U002512,MOV100006,2,10-31-24
U000004,MOV119635,5,01-25-19
U000122,MOV110702,4,05-15-25
U000005,MOV119272,3,09-23-24
U000001,MOV113048,4,09-01-20
U000001,MOV100006,4,11-28-23
U000155,MOV114896,5,05-16-17
U000213,MOV118159,3,07-15-25
U001759,MOV106710,4,03-25-22
U000002,MOV100006,4,07-08-24
U000019,MOV101108,4,11-23-22
U000001,MOV119635,4,01-16-23
U000016,MOV113048,4,08-05-15
U000008,MOV100006,4,04-30-24
U000001,MOV119635,4,10-31-25
U000033,MOV114335,3,03-07-23
U000169,MOV113790,5,02-09-23
U000883,MOV104663,5,04-23-24
U000001,MOV101108,4,12-02-23
U000011,MOV111213,3,05-06-24
U000107,MOV103027,1,06-11-21
U000001,MOV104395,4,02-22-18
U000002,MOV109653,5,01-15-20
U002075,MOV119272,1,08-11-25
U000002,MOV105990,3,10-28-24
U000016,MOV103894,3,02-07-25
U000001,MOV119635,4,01-24-23
U000009,MOV117057,2,04-17-22
U000008,MOV115152,3,09-06-23
U000004,MOV109719,5,06-29-21
U000002,MOV103278,5,07-15-24
U000001,MOV100817,4,10-18-25
U000036,MOV105990,3,05-31-24
U001825,MOV101108,2,05-09-22
U000002,MOV114993,4,03-09-25
U000001,MOV119722,5,10-27-21
U000082,MOV106689,3,03-23-23
U000055,MOV102589,1,04-11-19
U001311,MOV113048,4,01-07-24
U000048,MOV104002,2,04-10-19
U000003,MOV102989,3,01-22-21
U000014,MOV100006,3,01-17-22
U000334,MOV111058,4,11-21-25
U000015,MOV117885,4,03-20-24
U000507,MOV111058,3,03-30-20
U000288,MOV105990,3,04-04-20
U000004,MOV101108,4,10-01-24
U000010,MOV104472,4,04-12-23
U000002,MOV115897,4,09-03-24
U000001,MOV110460,5,05-21-16
U000001,MOV117851,4,04-18-25
U000001,MOV114784,4,07-25-23
U000683,MOV100006,4,07-02-24
U000036,MOV108419,3,06-25-25
U000008,MOV116181,3,10-27-21
U000002,MOV105990,5,09-22-21
U000018,MOV100006,2,10-11-22
U000050,MOV100557,3,10-06-25
U000868,MOV104857,3,07-23-19
U000209,MOV107778,4,04-25-24
U001060,MOV118556,2,05-07-19
U000002,MOV109660,2,09-16-21
U000057,MOV113766,4,10-02-25
U000002,MOV107327,1,08-13-18
U004483,MOV100718,1,04-24-24
U000002,MOV119635,2,10-13-25
U000001,MOV107070,1,04-17-24
U000001,MOV100006,4,10-24-25
U000008,MOV106330,2,06-15-23
U000001,MOV118556,,05-14-22
U000129,MOV103334,3,09-03-23
U000001,MOV114784,4,11-10-18
U000138,MOV109221,5,01-31-21
U002484,MOV114626,4,10-16-25
U000001,MOV111058,1,05-18-21
U000008,MOV105990,4,12-15-23
U000304,MOV106380,5,03-05-21
U000017,MOV113865,4,10-02-22
U000001,MOV101108,1,02-19-19
U000005,MOV114626,1,12-29-24
U000002,MOV115268,5,11-24-25
U000027,MOV101448,3,04-18-19
U000001,MOV119272,4,08-09-21
U000004,MOV114635,3,08-24-23
U000002,MOV101202,3,05-05-25
U000001,MOV117316,5,12-19-22
U000255,MOV101202,4,04-24-18
U000034,MOV109221,5,12-07-17
U000067,MOV119186,5,12-17-22
U000001,MOV119272,3,07-17-19
U000721,MOV114626,2,12-21-24
U000284,MOV119204,4,03-03-25
U000001,MOV117501,4,12-06-25
U000001,MOV104055,5,12-28-22
U000280,MOV100006,3,10-25-23
U000039,MOV100006,5,08-29-20
U000006,MOV104975,4,06-15-22
U000001,MOV115515,5,05-25-23
U000013,MOV113048,3,10-10-15
U000004,MOV113595,3,12-08-25
U000077,MOV105990,3,06-24-24
U000002,MOV117837,2,02-15-18
U004017,MOV119635,5,04-07-25
U000821,MOV113048,4,09-26-16
U000007,MOV105990,4,07-27-16
U000010,MOV119635,2,06-06-24
U000002,MOV109342,4,11-13-21
U000365,MOV119635,4,02-05-19
U001442,MOV118968,5,11-19-17
U000771,MOV100006,3,
U000006,MOV119635,5,08-26-20
U000103,MOV110828,5,11-21-19
U000006,MOV105900,2,04-08-20
U001072,MOV118374,2,09-01-19
U000003,MOV112097,2,05-07-25
U000001,MOV118328,2,01-18-20
U000001,MOV113503,4,
U000226,MOV115409,3,02-17-25
U000003,MOV100006,4,08-11-24
U000001,MOV113766,2,06-01-24
U000001,MOV102058,2,03-22-25
U000005,MOV113048,4,02-07-21
U000263,MOV101108,5,03-08-22
U001271,MOV111159,3,10-02-23
U000001,MOV116859,4,02-08-21
U000002,MOV117948,2,11-23-23
U000001,MOV109166,4,02-20-23
U000757,MOV101202,2,02-14-25
U000034,MOV105990,4,09-11-20
U000645,MOV118556,3,01-15-15
U000003,MOV110475,3,03-09-24
U000098,MOV114626,5,05-02-21
U000007,MOV100006,1,07-16-18
U000220,MOV111058,4,09-07-25
U000002,MOV119635,3,02-21-21
U000216,MOV112232,3,01-17-19
U000154,MOV110790,4,07-15-25
U000034,MOV118975,5,06-04-17
U000378,MOV117251,3,12-10-21
U000194,MOV119272,2,09-28-21
U000001,MOV112458,4,02-14-17
U000014,MOV100713,5,09-22-18
U000018,MOV111814,4,10-25-25
U000002,MOV105990,5,05-25-18
U000004,MOV108066,4,07-08-25
U000014,MOV104447,3,12-02-20
U000084,MOV119635,4,11-02-25
U000006,MOV100006,1,01-05-25
U000466,MOV114042,3,07-17-25
U000027,MOV110193,4,06-30-23
U000250,MOV100006,3,03-09-25
U000315,MOV105990,5,06-08-23
U000012,MOV100006,3,06-12-23
U000001,MOV117954,3,04-30-18
U000001,MOV119635,5,04-13-25
U000006,MOV113048,4,04-16-23
U000037,MOV103707,4,06-11-20
U000001,MOV103605,5,01-11-20
U000012,MOV100006,3,09-06-15
U000008,MOV106430,5,06-27-25
U001387,MOV110790,4,01-11-25
U000002,MOV110790,3,06-27-18
U000005,MOV118374,4,11-22-23
U000005,MOV104768,3,04-10-24
U000013,MOV101237,4,11-06-24
U000095,MOV100006,4,05-21-24
U000002,MOV101438,3,07-15-21
U000001,MOV110790,4,11-03-23
U000003,MOV119635,3,01-26-23
U000004,MOV119272,4,01-10-25
U000007,MOV119635,3,11-18-17
U000021,MOV116170,3,07-04-18
U000001,MOV111390,4,12-21-25
U000637,MOV111058,4,12-09-20
U003895,MOV117665,4,10-27-24
U000019,MOV114896,3,08-29-24
U000001,MOV100006,5,04-14-18
U000310,MOV107745,2,10-02-23
U000047,MOV110262,4,10-26-24
U000012,MOV101691,3,09-22-22
U000002,MOV118126,4,07-21-23
U000206,MOV106252,3,02-25-25
U000001,MOV119635,4,08-05-24
U000025,MOV100006,4,11-19-25
U000001,MOV105999,4,12-10-25
U000002,MOV100006,5,12-16-21
U000001,MOV114784,1,11-18-23
U000016,MOV106638,2,06-27-23
U000411,MOV102971,5,05-25-20
U000001,MOV104770,3,11-22-20
U000003,MOV100006,4,12-03-22
U000002,MOV103681,3,05-19-24
U000030,MOV119204,2,06-14-19
U000002,MOV105990,3,10-22-25
U000003,MOV106380,4,04-06-20
U000004,MOV100831,3,12-18-15
U000001,MOV105990,4,05-24-20
U000012,MOV100006,4,07-18-21
U000004,MOV114993,2,02-20-25
U000272,MOV100006,4,07-02-24
U000005,MOV119635,5,04-22-22
U000013,MOV103327,4,01-14-18
U000762,MOV114790,3,03-04-22
U000001,MOV113157,4,06-26-23
U000012,MOV114993,4,10-21-18
U000001,MOV119635,4,02-24-20
U000004,MOV119660,5,04-14-23
U000065,MOV108836,4,
U000018,MOV105546,4,10-02-19
U000001,MOV105990,4,12-24-24
U000005,MOV119272,3,08-11-25
U000001,MOV108026,5,09-11-15
U000015,MOV109221,2,07-13-23
U000003,MOV108836,4,04-24-20
U003946,MOV114626,3,07-25-20
U000069,MOV104635,1,09-03-25
U002465,MOV116131,3,06-22-25
U000275,MOV102994,4,02-07-24
U000002,MOV119635,4,01-18-18
U003517,MOV114510,5,10-14-16
U000002,MOV114896,5,04-22-25
U000007,,4,02-04-18
U000048,MOV116580,3,10-30-15
U001304,MOV109826,5,03-05-16
U000001,MOV103024,3,07-02-25
U000002,MOV108455,1,06-03-21
U000011,MOV100006,4,09-05-25
U000041,MOV110711,4,08-22-20
U000089,MOV108689,4,07-15-20
U000303,MOV109776,1,04-12-21
U000776,MOV100006,3,05-27-24
U000002,MOV111159,4,12-30-18
U000002,MOV119635,2,05-11-24
U000024,MOV105990,4,11-23-24
U000199,MOV111434,5,10-01-23
U000011,MOV101108,5,10-12-22
U000014,MOV105990,4,02-21-24
U000566,MOV106321,3,04-16-25
U000003,MOV109221,,05-19-21
U000011,MOV100006,3,05-11-25
U000001,MOV103647,2,09-19-24
U000014,MOV101456,3,12-17-23
U000002,MOV101083,5,06-13-20
U000124,MOV105990,4,08-01-21
U000934,MOV101681,4,10-02-25
U000014,MOV119272,4,03-18-24
U000001,MOV119272,2,05-04-18
U000198,MOV113838,4,02-13-24
U000004,MOV107070,3,02-12-25
U000002,MOV100006,3,04-27-23
U000050,MOV110828,4,07-16-24
U000001,MOV119202,1,02-11-21
U000004,MOV106511,3,04-27-19
U000386,MOV119635,5,07-31-18
U001196,MOV117725,3,03-02-25
U000002,MOV119272,4,02-26-20
U000001,MOV100006,4,07-09-18
U000026,MOV119635,4,11-11-23
U000107,MOV111159,4,07-01-19
U000002,MOV101083,5,10-06-16
U000436,MOV109223,4,02-07-21
U000151,MOV111333,4,09-14-18
U000001,MOV106336,4,05-06-23
U000140,MOV118753,2,09-20-25
U000601,MOV100713,3,09-29-25
U000001,MOV113048,4,07-05-20
U000270,MOV101108,1,09-12-19
U000009,MOV114993,5,05-02-18
U000001,MOV117251,2,01-10-23
U000786,MOV106689,4,04-30-23
U000008,MOV106954,3,02-25-18
U000003,MOV104768,1,05-08-20
U000001,MOV100016,4,10-08-16
U000002,MOV103242,3,06-18-21
U000006,MOV114993,3,10-14-22
U003589,MOV109221,3,09-11-20
U000002,MOV106380,3,09-23-25
U000001,MOV100006,4,01-25-23
U000001,MOV108419,3,05-31-22
U000003,MOV110351,5,09-09-23
U000001,MOV100006,4,12-19-25
U000342,MOV100262,4,03-15-23
U000065,MOV119176,5,11-30-24
U000001,MOV100006,4,06-12-23
U000042,MOV119635,2,05-30-22
U000047,MOV105896,3,04-07-25
U000228,MOV109140,2,03-24-23
U000001,MOV119204,3,02-12-24
U000740,MOV110149,4,04-10-24
U000006,MOV119204,5,04-05-24
U000001,MOV103224,4,03-28-25
U000007,MOV119635,3,09-28-18
U000023,MOV100006,4,05-08-19
U000088,MOV105990,3,05-29-19
U000032,MOV104138,3,01-24-25
U000001,MOV119272,3,05-30-23
U000002,MOV117300,1,04-19-25
U000002,MOV118988,3,10-08-18
U000902,MOV104879,4,03-02-20
U000221,MOV116710,4,06-09-25
U000008,MOV115266,4,05-31-15
U001361,MOV116308,1,12-01-22
U000361,MOV106850,5,03-15-24
U000024,MOV109515,2,09-11-25
U000048,MOV108301,4,09-05-20
U000001,MOV100006,3,04-21-25
U000001,MOV119635,3,08-07-21
U000687,MOV105990,4,01-31-17
U000021,MOV100006,4,03-16-20
U000016,MOV101202,5,03-30-25
U000001,MOV105990,4,08-29-24
U000688,MOV105698,4,04-17-16
U000014,MOV116050,4,03-29-22
U000012,MOV113048,4,10-09-20
U000003,MOV113867,1,05-11-17
U000185,MOV107912,2,
U000002,MOV113048,4,10-18-18
U000017,MOV110828,3,11-28-19
U000188,MOV100006,4,05-08-20
U000030,MOV119635,4,02-04-24
U000002,MOV101108,4,10-09-25
U000011,MOV100006,4,10-05-25
U000086,MOV100006,3,12-05-24
U000040,MOV100225,3,08-28-23
U000091,MOV114909,4,07-11-22
U000537,MOV117406,4,06-04-18
U000003,MOV101108,3,09-19-19
U000075,MOV119635,5,04-26-23
U000206,MOV109776,4,10-30-25
,MOV119272,5,04-06-21
U000086,MOV117610,3,01-02-22
U000001,MOV113048,4,11-25-22
U000100,MOV106333,1,08-27-23
U000014,MOV111034,4,01-20-19
,MOV109682,3,
U000105,MOV101108,1,05-05-23
U000004,MOV106037,1,11-24-20
U000007,MOV105990,3,08-06-25
U001148,MOV118556,5,05-31-21
U000010,MOV114155,2,12-26-23
U002023,MOV106336,3,09-12-17
U000322,MOV113768,4,11-20-16
U000004,MOV110390,4,12-29-22
U000011,MOV112981,3,11-10-25
U000926,MOV100006,4,06-04-21
U002747,MOV114784,4,11-01-19
U000002,MOV114909,4,08-23-19
U000001,MOV101108,1,06-25-22
U000120,MOV101108,4,07-01-22
U000144,MOV101202,2,07-20-24
U000003,MOV114993,5,12-31-21
U001818,MOV108508,2,09-10-23
U000001,MOV106080,5,09-28-18
U000010,MOV113048,2,10-17-18
U000219,MOV116542,2,09-09-24
U000004,MOV103785,3,10-11-24
U000009,MOV103468,5,02-10-23
U000043,MOV119535,5,06-06-16
U000002,MOV107609,5,08-27-20
U000001,MOV119635,4,09-05-25
U000683,MOV107436,4,03-10-19
U000078,MOV113247,2,04-01-25
U000006,MOV110026,4,11-19-16
U003073,MOV103950,3,08-15-25
U000001,MOV109221,5,11-09-19
U000008,MOV116431,1,02-22-23
U000004,MOV103505,3,12-29-18
U001745,MOV113048,4,11-22-23
U000013,MOV104190,5,06-01-20
U000143,MOV103154,1,02-17-22
U000019,MOV105990,5,04-13-19
U000015,MOV100006,3,06-05-21
U000067,MOV119635,2,10-26-17
U000151,MOV103017,3,07-26-20
U000024,MOV119635,2,11-21-24
U000119,MOV108941,4,05-22-25
U000022,MOV103599,3,09-19-25
U000520,MOV119635,5,12-22-16
U000001,MOV107147,5,08-12-19
U000002,MOV119635,5,12-06-20
U000004,MOV119204,5,09-20-25
U000002,MOV109321,4,03-19-23
U000001,MOV114993,2,08-09-25
U000016,MOV119635,4,06-20-23
U000023,MOV108836,1,03-06-21
U000049,MOV106955,4,09-11-22
U000009,MOV119768,5,10-08-20
U000652,MOV119272,4,05-11-19
U000296,MOV103900,5,09-15-22
U000004,MOV105990,4,09-29-15
U000024,MOV103605,4,12-09-22
U000011,MOV119186,4,10-06-20
U000001,MOV110475,3,07-10-23
U000151,MOV100006,2,05-08-19
U000633,MOV117215,5,11-18-23
U001666,MOV106802,4,03-06-25
U000077,MOV102303,3,07-30-20
U000002,MOV119272,4,11-13-24
U000030,MOV116143,1,04-04-21
U000036,MOV100006,5,11-07-24
U000001,MOV108342,4,11-12-25
U000021,MOV100473,4,09-15-20
U000001,MOV109221,5,03-19-19
U000003,MOV100006,5,10-03-20
U000004,MOV114992,5,10-09-19
U000001,MOV114993,,01-30-19
U000040,MOV104138,2,06-19-20
U000019,MOV112114,1,05-31-21
U000179,MOV113098,4,11-13-24
U000005,MOV110026,4,06-24-22
U000004,MOV105990,2,11-12-25
U004150,MOV104391,3,10-22-22
U000003,MOV100006,5,08-30-23
U001282,MOV119272,4,05-12-24
U000008,MOV119295,2,03-13-24
U000001,MOV117770,3,08-23-21
U000009,MOV119272,3,11-06-22
U000123,MOV100006,1,10-31-22
U000006,MOV119272,5,09-09-21
U000011,MOV103047,4,03-21-25
U000001,MOV105896,3,08-15-17
U000001,MOV103681,4,10-17-24
U000102,MOV100006,4,01-09-19
U000001,MOV110026,3,06-06-25
U000001,MOV111034,4,09-16-19
U000002,MOV113530,5,12-12-25
U000008,MOV106689,4,05-27-18
U000001,MOV109602,4,05-04-25
U000308,MOV104655,5,11-17-19
U001283,MOV114626,1,05-18-24
U000002,MOV119635,2,04-09-25
U000128,MOV100006,4,11-12-22
U000162,MOV111029,4,04-29-15
U000012,MOV118556,3,10-31-21
U003971,MOV100006,3,05-11-22
U000037,MOV104579,2,07-10-24
U000002,MOV105644,4,04-21-21
U002064,MOV100831,4,04-07-18
U000005,MOV110828,1,01-05-20
U000710,MOV100006,4,05-28-24
U000040,MOV107813,3,12-07-25
U000001,MOV111954,4,10-17-22
U000002,MOV110026,4,01-18-25
U000001,MOV119403,5,04-20-23
U001096,MOV101681,2,06-29-23
U000785,MOV112903,5,09-21-23
U001676,MOV101266,2,11-30-24
U000078,MOV113999,4,11-25-25
U000049,MOV100208,3,01-08-18
U000001,MOV111179,5,10-26-16
U000001,MOV102704,5,09-01-21
U000052,MOV110548,4,12-31-21
U000073,MOV100372,5,10-12-20
U000047,MOV111884,4,11-20-21
U000070,MOV108969,4,10-21-20
U000016,MOV100006,4,10-24-17
U000017,MOV104768,5,08-08-25
U000877,MOV116858,4,12-31-21
U001510,MOV100006,4,12-20-22
U000009,MOV100006,3,05-13-25
U000001,MOV106112,2,05-29-24
U000052,MOV110790,3,12-24-24
U000017,MOV105990,4,12-18-16
U000112,MOV119635,5,05-14-23
U000055,MOV116536,4,10-03-19
U000003,MOV109140,3,01-26-19
U000001,MOV102634,3,08-15-24
U000003,MOV104098,4,04-02-21
U000003,MOV118035,4,09-03-24
U000001,MOV116399,3,01-06-22
U000066,MOV115312,3,12-03-24
U000001,MOV111440,2,11-06-25
U000310,MOV100006,4,09-10-24
U001475,MOV113368,3,08-30-20
U000059,MOV100016,4,01-08-15
U000083,MOV119635,4,05-19-22
U000002,MOV107942,3,03-12-23
U000004,MOV105990,2,
U000577,MOV100006,3,03-24-22
U000312,,2,05-19-19
U000034,MOV101737,4,04-09-23
U000001,MOV106462,2,03-28-19
U000002,MOV100006,3,01-17-24
U000003,MOV100006,3,10-16-23
U000001,MOV103610,1,06-24-17
U000001,MOV100006,4,03-03-25
U000013,MOV118429,5,11-07-25
U000144,MOV110790,3,01-09-23
U000011,MOV111029,3,07-31-21
U000008,MOV106037,3,07-10-24
U000220,MOV110026,2,04-01-24
U000018,MOV105990,4,12-23-22
U000010,MOV109602,5,10-20-25
U000892,MOV110475,3,12-16-25
U000009,MOV107885,2,08-18-23
U001117,MOV117306,4,10-22-20
U000002,MOV100006,2,02-11-16
U000001,MOV117573,4,10-05-21
U000162,MOV110026,4,07-22-17
U000005,MOV114424,4,05-01-24
U000001,MOV105956,2,11-28-23
U000001,MOV113052,3,06-01-17
U000001,MOV110790,2,12-22-25
U000054,MOV101539,2,10-30-24
U000038,MOV110304,3,02-09-24
U000022,MOV116470,,11-13-25
U000001,MOV108576,2,04-25-23
U000001,MOV100006,1,03-08-16
U000002,MOV119000,4,10-03-24
U000027,MOV118343,4,06-21-24
U000001,MOV104737,4,01-06-18
U000002,MOV103610,5,02-20-25
U000025,MOV111233,4,05-02-18
U002734,MOV110353,4,06-01-24
U000027,MOV101914,3,09-12-25
U000004,MOV119635,4,02-16-25
U000001,MOV100006,4,05-19-17
U000930,MOV101108,1,07-07-25
U000015,MOV100006,4,10-27-21
U000265,MOV108359,3,01-18-25
U000007,MOV112960,4,03-30-18
U000008,MOV108916,4,06-28-22
U000597,MOV100006,5,09-06-25
U000024,MOV110475,3,02-27-21
U000002,MOV105990,4,05-21-25
U000079,MOV104945,2,01-11-18
U000010,MOV113223,4,07-29-25
U000032,MOV110809,3,01-28-25
U000004,MOV113766,5,08-26-23
U000012,MOV110501,3,02-22-24
U000002,MOV114707,3,12-25-25
U000002,MOV100006,4,05-24-24
U000212,MOV113048,3,10-19-20
U000002,MOV119635,5,05-16-20
U001741,MOV100006,3,02-14-20
U000001,MOV111029,4,08-26-23
U000006,MOV110851,4,08-13-21
U000018,MOV119272,3,06-07-21
U000001,MOV118231,5,08-03-22
U000006,MOV107452,2,01-03-16
U000027,MOV107508,5,05-08-24
U000035,MOV116203,4,04-12-25
U001029,MOV112486,1,05-29-23
U000662,MOV100831,4,09-26-25
U000001,MOV100006,1,11-13-21
U000012,MOV105990,4,09-24-25
U000068,MOV105702,5,01-20-23
U000001,MOV100006,3,11-02-24
U000002,MOV113350,4,12-05-20
U000496,MOV100006,4,06-17-25
U000002,MOV110828,3,12-22-23
U000003,MOV114626,5,07-25-25
U000002,MOV100104,2,07-10-21
U000005,MOV105961,5,06-27-19
U000005,MOV100006,5,11-16-22
U000003,MOV105990,3,03-21-20
U001668,MOV105444,3,11-19-22
U000503,MOV119272,4,02-17-24
U000448,MOV108278,3,01-04-17
U000530,MOV101108,3,03-30-25
U000001,MOV110790,4,01-20-22
U000015,MOV110262,2,02-09-18
U000001,MOV110020,4,10-03-18
U000061,MOV111800,3,12-03-24
U000036,MOV105990,4,11-25-22
U000043,MOV105077,4,11-12-23
U000136,MOV117948,5,06-27-15
U001101,MOV104697,5,06-04-20
U000020,MOV109993,4,03-06-22
U000001,MOV100006,5,01-02-23
U000049,MOV110304,4,04-23-24
U000053,MOV104629,3,11-03-17
U000033,MOV109221,3,07-11-24
U000004,MOV118805,2,09-04-25
U000217,MOV118926,5,03-13-19
U003604,MOV119635,3,02-04-25
U000001,MOV114993,4,07-16-24
U000001,MOV111058,3,08-29-24
U000070,MOV100006,4,06-20-24
U000043,MOV105990,1,06-17-19
U000020,MOV100557,3,10-20-21
U000059,MOV119204,4,05-18-25
U000001,MOV105990,4,04-02-17
U000002,MOV109221,5,01-30-23
U000202,MOV108091,5,12-13-18
U000009,MOV104436,5,06-30-22
U000010,MOV108836,4,08-17-25
U000003,MOV101202,4,11-23-24
U004096,MOV107168,2,07-19-22
U000928,MOV111884,3,08-28-22
U000003,MOV113048,4,06-23-17
U000002,MOV102788,4,05-30-19
U001929,MOV107526,4,11-01-16
U000001,MOV112306,4,11-11-24
U000232,MOV119272,4,05-08-21
U000002,MOV114601,5,02-26-22
U000917,MOV117257,1,07-01-25
U000001,MOV116682,4,04-15-23
U000560,MOV119272,2,12-07-22
U000004,MOV106165,3,09-22-22
U000015,MOV119204,5,08-09-17
U000013,MOV119272,5,10-15-23
U000037,MOV105990,2,04-19-21
U000004,MOV104966,3,06-21-16
U000019,MOV117512,4,08-02-18
U000015,MOV109221,5,08-28-23
U000001,MOV116266,3,09-02-15
U000002,MOV119635,4,06-16-16
U000156,MOV110351,5,05-13-25
U000039,MOV106803,3,01-30-25
U000001,MOV119635,1,11-07-23
U000154,MOV119635,4,05-22-15
U001780,MOV119635,2,08-23-25
U000006,MOV114896,5,03-23-23
U000026,MOV115929,4,04-23-17
U000014,MOV114993,4,07-11-18
U000001,MOV119272,5,11-26-19
U000001,MOV113160,5,11-14-19
U000004,MOV100208,4,04-10-20
U000539,MOV105896,1,04-19-24
U000002,MOV100006,4,10-04-21
U000026,MOV100006,4,01-31-24
U000020,MOV106335,5,03-21-23
U000001,MOV119272,2,11-22-22
U000071,MOV100006,3,07-13-23
U000009,MOV106038,4,05-15-24
U000013,MOV101438,4,06-16-17
U000001,MOV110923,5,06-02-23
U000008,MOV117856,3,02-12-18
U000003,MOV100006,5,09-25-19
U000685,MOV100006,5,11-25-22
U000133,MOV117335,4,11-08-18
U000005,MOV101108,2,09-09-25
U000007,MOV103334,4,01-30-25
U000010,MOV110790,2,09-01-21
U000005,MOV101108,3,09-23-25
U000012,MOV104697,2,06-01-23
U000027,MOV101108,4,01-26-19
U000242,MOV103097,4,08-10-25
U000250,MOV115268,3,01-20-24
U000016,MOV113048,3,11-10-25
U000060,MOV100713,5,09-29-22
U000001,MOV108715,1,01-22-21
U000013,MOV119635,4,09-06-23
U000001,MOV100006,1,10-06-25
U000001,MOV114626,2,09-15-25
U000920,MOV112232,4,03-05-25
U000204,MOV110275,2,12-21-18
U000005,MOV103577,3,07-29-20
U000020,MOV108775,5,03-14-23
U000060,MOV118813,5,
U000588,MOV119635,2,12-26-17
U000001,MOV119579,2,04-22-24
U000353,MOV107497,5,12-31-22
U000390,MOV103610,4,09-08-23
U000001,MOV105141,2,03-27-17
U000003,MOV101751,4,09-21-20
U000388,MOV117124,5,
U000542,MOV119635,4,12-04-18
U000001,MOV100006,3,07-16-24
U000040,MOV109221,3,04-19-23
U000105,MOV106687,1,09-12-24
U000003,MOV105896,3,04-21-21
U000002,MOV111671,2,04-10-25
U000001,MOV103605,4,06-12-15
U000017,MOV110525,5,06-18-17
U000008,MOV102289,5,07-17-19
U000008,MOV106689,3,10-14-16
U000022,MOV119635,5,11-18-22
U000001,MOV101108,4,10-09-22
U000089,MOV103323,2,11-09-24
U000040,MOV118828,4,09-18-16
U000012,MOV119635,4,06-12-20
U000001,MOV114993,5,01-03-20
U000001,MOV105896,4,04-30-20
U000018,MOV100006,5,11-21-17
U000002,MOV105990,2,12-12-19
U000010,MOV119635,4,10-12-17
U000009,MOV117768,5,05-12-22
U000001,MOV101539,3,06-05-20
U000001,MOV114909,2,09-15-23
U000247,MOV100553,4,06-01-17
U000307,MOV100006,4,04-13-25
U000001,MOV102051,1,01-02-25
U000003,MOV107209,3,10-09-22
U000005,MOV100006,4,01-28-23
U000210,MOV104816,2,12-14-19
U000015,MOV119635,4,02-10-24
U000013,MOV114815,1,09-18-24
U000018,MOV119635,1,07-10-15
U000010,MOV113048,4,06-19-24
U000001,MOV114570,4,06-26-24
U000002,MOV100006,3,09-30-23
U000003,MOV101108,4,02-07-23
U000003,MOV118374,4,11-20-19
U000149,MOV100016,4,02-01-20
U000001,MOV112200,5,10-30-25
U000002,MOV110026,3,04-29-23
U002274,MOV111999,4,04-16-17
U000012,MOV113048,4,01-26-24
U000203,MOV114626,4,09-01-21
U000001,MOV100006,4,12-02-19
U000002,MOV111434,3,04-07-19
U000002,MOV118374,2,10-25-21
U000051,MOV100006,2,10-01-23
U000205,MOV110790,4,06-04-24
U002262,MOV116820,5,04-28-23
U000003,MOV100006,4,12-20-23
U000036,MOV105236,2,02-03-18
U000062,MOV107386,5,10-10-25
U000009,MOV111482,4,03-02-21
U000005,MOV114570,4,09-06-21
U000096,MOV100006,4,01-22-18
U000001,MOV100006,5,03-01-21
U000001,MOV119635,4,06-14-22
U000971,MOV108508,1,12-14-22
U000005,MOV119635,4,06-02-25
U000011,MOV119635,3,02-05-20
U000013,MOV105990,5,07-18-15
U000013,MOV101139,4,04-30-23
U000008,MOV119162,5,06-24-17
U000042,MOV100006,3,10-25-25
U000001,MOV119186,5,02-13-17
U000128,MOV105644,3,
U000002,MOV113835,5,01-23-21
U000201,MOV109999,2,09-12-25
U000002,MOV116247,3,03-07-25
U000002,MOV100006,5,12-22-22
U000023,MOV111134,2,11-03-21
U000005,MOV108039,4,11-19-24
U003332,MOV101718,2,02-15-19
U000001,MOV111159,4,08-19-24
U000001,MOV100006,,01-26-24
U000028,MOV115260,2,12-31-25
U000002,MOV100006,4,07-12-22
U000800,MOV114784,4,05-19-21
U000001,MOV113048,1,11-25-24
U000012,MOV119635,,07-13-19
U000006,MOV101108,4,05-16-23
U000026,MOV111352,4,02-06-25
U000002,MOV114382,2,06-09-21
U000010,MOV100006,4,08-02-21
U000031,MOV110026,4,11-26-18
U000014,MOV113483,3,06-09-22
U000022,MOV119635,4,09-05-25
U000033,MOV106165,2,01-27-25
U000953,MOV100006,4,10-06-23
U000008,MOV111029,3,01-20-19
U000004,MOV119272,3,01-21-25
U000011,MOV104697,5,10-24-16
U000001,MOV119620,3,09-26-21
U000045,MOV107304,5,12-26-25
U004183,MOV112370,4,07-21-16
U000063,MOV115151,3,09-09-24
U000001,MOV119722,1,07-10-20
U000001,MOV109892,5,07-28-25
U000297,MOV105896,5,10-13-25
U000001,MOV101681,4,09-15-25
U001740,MOV108414,3,03-23-23
U003348,MOV119272,2,09-02-19
U000002,MOV119225,4,04-04-25
U001375,MOV119272,5,06-23-16
U000008,MOV100006,3,08-31-24
U000001,MOV119635,3,11-22-23
U000001,MOV100006,3,01-09-24
U000003,MOV100006,1,08-03-16
U000006,MOV119635,4,02-08-16
U000027,MOV102058,4,05-17-25
U000163,MOV119635,2,08-29-21
U000224,MOV109221,4,03-05-24
U000471,MOV103762,5,02-25-24
U000006,MOV101468,4,08-29-19
U003277,MOV107327,4,09-27-23
U000088,MOV109602,4,07-04-17
U000002,MOV119635,4,03-09-22
U000006,MOV119204,3,04-07-24
U000115,MOV116470,4,02-21-22
U000676,MOV100006,4,12-19-21
U000002,MOV104697,4,11-08-19
U001425,MOV110828,4,10-14-20
U000421,MOV109602,3,08-28-22
U000340,MOV119722,4,01-03-25
U000018,MOV105990,4,05-10-22
U000017,MOV105773,4,07-03-22
U000014,MOV101108,5,09-08-23
U000220,MOV101492,4,11-21-23
U000007,MOV100006,5,04-23-22
U000016,MOV107861,5,12-28-23
U000002,MOV105990,4,10-09-24
U000003,MOV100941,2,08-08-15
U000156,MOV100006,5,09-19-20
U000049,MOV111527,2,08-21-20
U000014,MOV115480,5,12-29-15
U000003,MOV100006,4,08-08-23
U000144,MOV102959,3,07-30-23
U000001,MOV117990,4,01-10-15
U000004,MOV114151,5,04-02-16
U000001,MOV101108,3,03-13-22
U000003,MOV119672,2,08-29-22
U000835,MOV105990,4,06-17-18
U000150,MOV105644,3,01-06-25
U000007,MOV112643,4,05-18-22
U000002,MOV100006,5,09-28-20
U000004,MOV100527,3,12-21-22
U004366,MOV114993,2,04-06-18
U000019,MOV100006,5,08-13-25
U000014,MOV109602,4,08-19-20
U000034,MOV116580,4,11-22-19
U000269,MOV100006,5,09-12-24
U000008,MOV103502,5,01-04-19
U001250,MOV100006,4,04-11-23
U000008,MOV110026,1,12-06-16
U000731,MOV100006,3,10-03-22
U000003,MOV100006,5,04-16-21
U000537,MOV115460,2,12-03-22
U000002,MOV114161,3,11-21-24
U000289,MOV114784,1,10-14-15
U000038,MOV118492,4,07-18-25
U000031,MOV117948,4,03-01-25
U000001,MOV105990,4,10-18-23
U000009,MOV112232,5,11-16-25
U000020,MOV110691,4,09-26-25
U000004,MOV116956,4,12-18-22
U000014,MOV105990,4,05-15-23
U000017,MOV117066,4,04-14-21
U000087,MOV117251,5,04-13-19
U000001,MOV100006,4,04-17-21
U000004,MOV111134,3,07-19-21
U000045,MOV110790,2,02-01-17
U000006,MOV100644,3,11-29-25
U000551,MOV113766,4,11-06-17
U000001,MOV100006,4,04-23-25
U000077,MOV105990,3,06-21-21
U000001,MOV113048,2,06-17-24
U000004,MOV109759,2,09-10-25
U000129,MOV100006,3,02-02-22
U000028,MOV113048,3,05-01-25
U000017,MOV112667,3,05-31-22
U000002,MOV100006,3,09-06-21
U000001,MOV116131,5,11-11-25
U000002,MOV111271,4,10-29-24
U000046,MOV116254,3,01-12-18
U000004,MOV110790,3,04-14-20
U000584,MOV114549,1,08-10-24
U000013,MOV109781,3,10-17-25
U000001,MOV119635,4,03-01-21
U000041,MOV119635,5,01-30-23
U001617,MOV100374,4,06-21-23
U000004,MOV114626,4,11-12-17
U000008,MOV119635,4,10-22-17
U000007,MOV102748,4,05-19-22
U000004,MOV118208,4,04-20-24
U000098,MOV103091,4,05-28-25
U003716,MOV100006,4,09-23-22
U000001,MOV115500,3,09-11-25
U000001,MOV100006,3,12-25-22
U000008,MOV103001,5,03-03-25
U000001,MOV113164,3,11-10-20
U000001,MOV111285,5,04-17-24
U002178,MOV100689,1,06-23-25
U000006,MOV100006,4,12-25-23
U000237,MOV119186,4,
U000001,MOV119272,1,12-18-22
U000003,MOV115194,2,03-01-21
U000001,MOV106874,3,02-05-23
U000135,MOV113660,3,05-22-18
U000048,MOV119272,5,02-18-19
U000001,MOV114626,3,03-27-23
U000032,MOV103605,3,02-14-20
U000006,MOV116792,4,06-26-25
U000001,MOV119635,4,08-20-22
U000003,MOV100006,3,11-19-18
U000001,MOV100006,3,10-05-25
U000001,MOV100006,4,08-24-19
U000006,MOV100006,3,04-19-18
U000001,MOV114797,5,01-18-17
U000001,MOV116203,4,07-19-25
U000020,MOV102589,3,02-09-25
U000001,MOV112097,5,08-30-21
U000001,MOV110026,3,06-01-20
U000582,MOV119635,4,10-27-25
U000067,MOV105990,2,09-01-15
U000001,MOV105896,4,05-15-24
U000001,MOV113048,4,09-30-23
U000059,MOV109488,4,07-29-25
U000001,MOV114896,5,01-12-25
U000001,MOV117251,2,11-07-19
U000001,MOV113790,5,07-24-25
U000054,MOV116470,4,05-03-19
U000057,MOV116169,5,03-23-23
U000001,MOV106834,5,03-16-25
U000005,MOV105990,4,05-29-23
U000142,MOV114993,4,12-31-17
U000011,MOV100006,4,06-21-17
U002496,MOV100831,4,06-26-15
U000001,MOV102179,4,01-03-24
U000011,MOV103577,2,09-23-22
U000007,MOV100006,4,08-03-23
U000648,MOV110790,3,09-13-24
U000064,MOV118828,3,02-17-19
U000048,MOV107496,5,04-19-19
U000005,MOV103323,4,03-23-18
U000014,MOV108065,3,02-11-19
U000054,MOV111434,4,11-10-24
U000180,MOV113492,2,06-04-22
U000067,MOV119635,4,07-16-17
U000005,MOV100487,3,10-03-18
U000040,MOV119579,4,01-29-25
U000001,MOV110072,5,11-22-20
U000010,MOV106834,5,05-08-18
U000002,MOV112531,3,09-10-24
U000066,MOV100006,4,05-20-17
U000005,MOV105990,4,11-14-23
U000004,MOV117851,3,06-18-23
U000674,MOV104768,3,09-22-23
U000004,MOV100006,4,03-14-19
U000002,MOV109684,4,07-02-25
U000018,MOV100006,3,01-27-23
U000038,MOV113257,1,09-23-25
U000616,MOV109826,,01-09-22
U000082,MOV100006,3,10-21-23
U000003,MOV105243,4,01-13-25
U000001,MOV100006,5,11-18-25
U000139,MOV100006,4,08-07-24
U000212,MOV108221,5,02-08-24
U000001,MOV100006,5,09-02-21
U000002,MOV117251,3,04-01-24
U000158,MOV103605,2,08-18-22
U000003,MOV103767,5,01-30-23
U000003,MOV105990,4,12-24-25
U000005,MOV100713,4,05-26-25
U000003,MOV100006,5,05-04-23
U002092,MOV101369,2,04-12-23
U000001,MOV101530,5,10-19-15
U000079,MOV100006,5,01-01-21
U000123,MOV100006,4,09-16-21
U000006,MOV106662,4,01-08-25
U002344,MOV117251,2,
U000001,MOV119635,3,11-26-22
U000001,MOV109221,5,05-19-16
U000215,MOV103498,1,03-10-24
U000001,MOV112232,4,07-24-18
U000053,MOV112189,3,09-02-21
U000001,MOV100006,5,01-21-20
U000004,MOV108567,4,06-13-16
U001129,MOV113048,5,12-19-19
U000018,MOV100006,5,09-18-15
U000022,MOV101027,3,05-06-20
U000131,MOV107772,3,05-03-25
U000456,MOV111034,5,10-11-23
U000001,MOV105506,3,06-22-25
U000065,MOV119635,4,11-18-18
U000004,MOV113048,4,06-07-16
U000015,MOV104247,4,02-15-21
U001083,MOV119272,3,06-30-23
U000012,MOV100006,2,02-09-23
U000001,MOV102659,5,12-05-24
U000003,MOV119635,5,01-24-18
U000012,MOV112686,1,07-13-16
U000001,MOV116707,2,10-18-17
U000013,MOV100006,1,01-25-18
U000057,MOV118556,4,11-21-21
U000002,MOV118474,5,12-26-16
U002056,MOV112225,3,11-13-25
U000193,MOV105990,1,10-11-15
U000019,MOV119272,3,11-23-16
U000001,MOV114993,5,12-26-21
U000074,MOV105644,4,08-10-25
U000041,MOV111434,4,08-21-23
U000001,MOV116181,4,12-18-23
U002750,MOV109166,4,01-30-24
U001216,MOV105990,4,01-30-23
U000036,MOV106037,3,07-16-17
U000012,MOV100006,2,08-16-21
U000050,MOV100557,2,04-09-21
U001136,MOV119202,4,02-15-19
U002534,MOV119162,5,04-28-22
U000212,MOV118828,4,03-30-23
U000002,MOV119450,4,10-08-24
U000401,MOV111029,2,10-09-18
U000001,MOV100006,5,11-01-25
U000250,MOV113800,5,11-29-25
U000179,MOV103605,4,12-15-24
U000004,MOV101136,1,06-13-17
U000182,MOV111159,3,10-21-22
U000023,MOV119635,4,03-22-15
U000490,MOV100006,5,08-02-16
U000001,MOV112097,4,05-06-21
U000562,MOV103050,4,01-16-21
U000016,MOV100006,4,01-27-20
U001039,MOV119204,4,12-26-24
U000018,MOV110182,5,03-11-25
U000077,MOV111217,3,12-21-18
U000001,MOV100006,4,04-21-20
U000001,MOV100006,3,12-22-25
U000234,MOV105234,5,03-14-24
U000013,MOV119272,5,03-19-16
U000016,MOV110026,4,03-12-23
U000001,MOV109602,4,08-29-21
U003160,MOV113048,2,07-06-19
U000056,MOV100006,2,06-13-23
U000002,MOV102311,4,04-23-16
U000038,MOV104768,4,09-25-21
U000009,MOV115110,4,09-08-25
U000264,MOV100006,4,04-05-17
U000004,MOV103744,3,03-25-25
U000037,MOV114626,5,11-06-18
U000025,MOV101108,3,10-29-24
U000125,MOV100006,3,03-26-24
U000287,MOV100006,2,05-04-25
U000035,MOV118556,5,02-04-23
U000006,MOV116337,5,
U000002,MOV109340,5,03-20-24
U000002,MOV100006,4,07-20-20
U000002,MOV100006,3,08-19-21
U000006,MOV119635,5,09-30-21
U000290,MOV104060,2,07-23-16
U001490,MOV103605,3,11-10-22
U000417,MOV110475,4,04-15-23
U000059,MOV106850,4,01-26-20
U002432,MOV107794,1,07-16-25
U000066,MOV118543,3,
U001381,MOV119272,5,04-02-22
U000647,MOV106139,4,11-08-25
U000001,MOV100006,4,11-05-23
U000004,MOV119635,2,08-18-23
U000148,MOV114784,3,11-29-25
U000348,MOV119635,4,02-17-25
U000579,MOV119635,4,01-16-24
U000005,MOV118204,3,08-24-23
U000002,MOV105990,5,02-25-24
U000003,MOV119635,3,11-02-23
U000028,MOV119272,4,04-28-25
U000008,MOV105699,2,09-26-25
U000078,MOV100006,1,11-19-22
U000005,MOV100006,5,07-26-18
U000001,MOV112696,3,08-11-21
U000009,MOV119204,5,12-13-17
U000001,MOV118035,3,04-27-19
U000003,MOV110012,3,07-03-19
U000006,MOV119635,4,09-16-25
U000001,MOV100006,3,12-12-20
U000001,MOV104238,5,08-03-24
U000005,MOV119635,3,10-07-15
U000001,MOV100006,3,05-15-23
U000014,MOV107795,4,01-14-20
U000002,MOV110828,3,08-12-23
U000016,MOV105644,1,11-16-25
U000039,MOV101202,4,08-03-24
U000006,MOV113048,4,03-05-20
U000007,MOV113048,5,10-22-24
U000050,MOV119272,4,08-23-22
U000003,MOV100006,4,03-26-24
U000001,MOV118556,3,05-05-24
U003794,MOV119272,2,04-25-15
U004224,MOV100006,4,05-23-25
U000037,MOV117135,2,02-14-22
U000004,MOV104313,4,12-29-24
U001605,MOV103605,4,01-12-19
U003565,MOV119204,4,12-19-19
U000038,MOV101108,4,02-21-24
U000005,MOV100006,4,03-11-22
U000012,MOV100006,5,09-25-21
U000033,MOV119380,5,10-19-24
,MOV101108,4,09-13-25
U000444,MOV107577,5,09-13-19
U000031,MOV100006,4,09-02-17
U000001,MOV109221,5,05-16-22
U000048,MOV105990,4,09-11-25
U000001,MOV100006,4,06-20-21
U000001,MOV100685,4,01-21-22
U000004,MOV103610,2,02-19-18
U000002,MOV100006,3,10-04-19
U000022,MOV100006,3,09-27-21
U000001,MOV103610,5,02-09-21
U000001,MOV113475,5,10-21-23
U000252,MOV119635,4,12-29-24
U000648,MOV100006,5,03-03-18
U000868,MOV100006,4,07-09-22
U000117,MOV115268,3,11-13-21
U000043,MOV119272,5,12-25-24
U000002,MOV119714,3,04-12-18
U000002,MOV114993,4,08-04-24
U000069,MOV105990,3,07-19-23
U000002,MOV119204,4,01-18-17
U000002,MOV113495,2,11-02-21
U000001,MOV118890,1,03-17-15
U000011,MOV116203,4,12-05-25
U000024,MOV114626,1,02-21-22
U000003,MOV114896,5,
U000123,MOV100006,4,09-16-19
U000001,MOV119635,5,07-30-18
U000001,MOV101812,4,06-09-20
U000004,MOV112090,4,08-19-20
U000002,MOV115268,5,08-02-25
U000001,MOV101202,3,08-04-23
U000003,MOV113800,2,02-12-22
U000001,MOV100006,4,03-06-18
U001190,MOV109320,4,
U000488,MOV110475,4,11-29-22
U000030,MOV103610,1,05-18-19
U000001,MOV117421,3,03-06-16
U000279,MOV100006,4,10-22-22
U000001,MOV118556,5,10-12-23
U000003,MOV112667,4,07-10-19
U000369,MOV100006,3,08-10-15
U000177,MOV119635,4,12-25-23
U000502,MOV101871,1,07-28-23
U000004,MOV117604,3,10-06-23
U000001,MOV119635,5,09-18-24
U000028,MOV111640,4,09-08-23
U000004,MOV100006,4,12-23-25
U000001,MOV119416,4,10-16-21
U002752,MOV107184,4,03-02-17
U000007,MOV103032,3,06-05-25
U000001,MOV104267,5,09-23-17
U000058,MOV100006,4,10-09-25
U000003,MOV101108,4,07-15-25
U000023,MOV119635,2,09-20-23
U000063,MOV100923,4,04-02-22
U000071,MOV111671,4,12-16-23
U000001,MOV119635,5,04-21-19
U000004,MOV100498,4,10-02-19
U000003,MOV100006,4,02-10-23
U000008,MOV110262,4,05-27-23
U000190,MOV100006,4,09-05-24
U001288,MOV119272,3,09-28-25
U000029,MOV100006,5,04-01-21
U000002,MOV105896,4,10-08-17
U002368,MOV118999,5,07-12-25
U000004,MOV119272,2,07-09-22
U000251,MOV109232,5,02-06-20
U000001,MOV109221,5,01-07-21
U001596,MOV110351,5,08-12-21
U000016,MOV105990,5,11-27-21
U000005,MOV114626,3,10-20-25
U000001,MOV101192,4,11-05-19
U000004,MOV100006,4,04-04-21
U000003,MOV110614,5,03-21-23
U000060,MOV119272,3,11-09-16
U000006,MOV105162,3,01-23-25
U002562,MOV105833,3,02-27-18
U000007,MOV114626,2,10-10-25
U000004,MOV106146,3,09-11-24
U003580,MOV112232,3,07-14-24
U000002,MOV106944,4,01-23-24
U000001,MOV100006,5,12-09-19
U000429,MOV103605,4,04-08-25
U000060,MOV110790,4,05-19-24
U000003,MOV119635,3,06-07-22
U000001,MOV119272,5,05-19-25
U000001,MOV119635,4,10-04-23
U000005,MOV108836,4,07-10-24
U000780,MOV101034,4,11-29-25
U002175,MOV100006,4,04-28-21
U000001,MOV100006,3,10-27-25
U000001,MOV100006,4,04-27-22
U000010,MOV109776,4,08-12-20
U000036,MOV113482,2,09-24-22
U000013,MOV119635,4,03-30-23
U000159,MOV119635,4,01-17-23
U000001,MOV106689,4,08-20-24
U000001,MOV100006,3,05-23-25
U000395,MOV100006,4,04-07-25
U000021,MOV106689,4,06-27-25
U000112,MOV100006,4,06-08-22
U000001,MOV101803,4,12-01-21
U000013,MOV119635,2,06-10-22
U000137,MOV118260,3,09-17-25
U002976,MOV100754,4,07-26-25
U000886,MOV119272,2,01-25-22
U000347,MOV114431,4,04-10-16
U000017,MOV107828,4,08-30-18
U000002,MOV100006,5,10-16-21
U000001,MOV119635,4,07-02-21
U000004,MOV117948,4,04-09-18
U000013,MOV105990,5,11-11-23
U000007,MOV117066,5,09-08-18
U000002,MOV100557,3,11-21-25
U000001,MOV105990,3,02-15-25
U000001,MOV118556,3,09-22-25
U000006,MOV109340,4,02-03-25
U000184,MOV117948,5,08-27-17
U000004,MOV100557,5,07-23-24
U000154,MOV103605,4,09-30-25
U000004,MOV119635,4,04-18-17
U000001,MOV108387,5,10-22-25
U000001,MOV117097,4,01-07-21
U000001,MOV118999,5,09-17-22
U000056,MOV110828,5,02-22-24
U000087,MOV107527,3,03-01-25
U000044,MOV118828,5,01-23-18
U000058,MOV100006,4,12-22-17
U000003,MOV110790,5,01-11-20
U000004,MOV113048,3,
U000009,MOV117349,3,
U000001,MOV110020,3,08-01-17
U000003,MOV101108,4,11-23-24
U000001,MOV101268,4,04-15-18
U001560,MOV119635,5,07-15-25
U000056,MOV109164,4,02-26-20
U000022,MOV107622,4,
U000004,MOV106710,3,04-28-16
U000010,MOV117851,4,09-09-23
U001262,MOV112097,4,06-02-15
U000174,MOV103903,3,10-16-21
U000006,MOV111692,4,03-07-22
U000002,MOV113223,4,11-13-23
U000001,MOV104436,5,03-21-22
U000001,MOV118615,3,01-12-23
U000002,MOV111724,4,01-08-23
U004008,MOV114325,2,09-03-22
U000009,MOV113048,5,08-29-23
U000001,MOV118556,4,06-05-16
U000223,MOV103605,3,03-27-25
U000016,MOV110026,3,06-21-23
U000969,MOV108419,3,04-29-24
U000381,MOV116768,1,08-07-22
U000006,MOV100006,5,12-02-24
U003847,MOV118828,5,06-20-19
U001191,MOV118556,1,08-07-19
U000002,MOV113048,2,07-08-17
U000537,MOV115460,2,12-03-22
U000331,MOV102801,5,07-05-21
U000836,MOV107297,4,06-02-25
U000226,MOV113595,2,01-06-25
U000143,MOV106773,3,01-01-23
U000001,MOV117306,4,07-20-23
U000011,MOV111888,4,07-08-20
U000006,MOV113048,5,05-15-19
U000014,MOV102996,4,10-25-23
U000146,MOV119635,4,
U000001,MOV119635,4,01-16-17
U000109,MOV119272,4,08-26-24
U000001,MOV100006,3,10-22-25
U000049,MOV100006,3,09-04-21
U000565,MOV116854,4,01-12-15
U000005,MOV104988,5,10-31-24
U000001,MOV100006,4,11-27-24
U000195,MOV100006,4,08-16-24
U000012,MOV103779,4,11-26-22
U000002,MOV114626,3,05-26-24
U000011,MOV115929,4,10-20-25
U000057,MOV115040,3,09-12-22
U000016,MOV119204,4,11-25-24
U000024,MOV107386,3,10-25-25
U000180,MOV108065,3,02-12-18
U000010,MOV113483,4,07-29-25
U000044,MOV119635,5,05-30-17
U000010,MOV100006,1,06-01-25
U000037,MOV117251,2,08-28-16
U000436,MOV117447,3,05-10-15
U002051,MOV100006,4,05-31-23
U000001,MOV100006,3,04-15-25
U000041,MOV101108,5,02-18-21
U000001,MOV102952,5,11-27-24
U000029,MOV109934,4,07-28-22
U000011,MOV117648,5,03-02-21
U000006,MOV109166,3,05-02-21
U000010,MOV100006,4,10-21-17
U000003,MOV102704,5,06-26-25
U000001,MOV119272,3,02-01-17
U000004,MOV119272,3,10-30-18
U000007,MOV119635,5,05-13-20
U000132,MOV110026,3,08-01-17
U000012,MOV100199,2,12-10-24
U000001,MOV119660,4,12-20-22
U000002,MOV114626,4,02-27-24
U000004,MOV112903,4,05-17-23
U000082,MOV119635,4,10-28-17
U000216,MOV112114,4,10-21-24
U003023,MOV100006,2,07-02-25
U003348,MOV109913,,09-30-25
U000004,MOV100006,4,11-26-20
U000349,MOV103482,4,10-20-18
U000005,MOV100006,4,10-13-22
U000001,MOV109826,4,02-16-21
U000013,MOV119635,4,03-30-20
U000107,MOV114182,2,03-01-24
U000005,MOV113683,3,11-14-22
U000002,MOV100006,5,02-06-25
U001036,MOV114992,5,06-30-20
U000865,MOV100006,2,07-15-25
U000007,MOV105990,,10-10-19
U000007,MOV110026,4,02-13-25
U000005,MOV113048,4,08-22-22
U000453,MOV114752,4,04-20-15
U000266,MOV114626,3,11-05-17
U000018,MOV119635,3,02-07-20
U000011,MOV106774,3,09-23-24
U000490,MOV110702,2,10-30-25
U000005,MOV117851,4,06-03-24
U000006,MOV104770,3,03-25-25
U000002,MOV101807,4,11-02-21
U000837,MOV116977,3,10-14-17
U000058,MOV106037,3,01-01-24
U001008,MOV115409,4,01-14-25
U000035,MOV111087,3,08-15-18
U000104,MOV119272,5,05-06-21
U000001,MOV100006,2,10-27-25
U000016,MOV100006,5,06-27-23
U000004,MOV100006,5,06-25-20
U000048,MOV113800,5,04-14-25
U000408,MOV100006,4,01-04-15
U001314,MOV103719,3,06-16-24
U000001,MOV114896,4,01-27-24
U000014,MOV119106,5,08-03-23
U000604,MOV108912,3,03-03-22
U000017,MOV111358,5,02-13-21
U000017,MOV116736,5,05-09-25
U000014,MOV100758,5,09-08-23
U000003,MOV105895,3,01-04-17
U000007,MOV119635,3,11-20-25
U000002,MOV101108,5,02-21-20
U000014,MOV113502,5,11-12-25
U000043,MOV113766,5,11-18-23
U000047,MOV113900,5,04-18-20
U000073,MOV100006,4,08-01-25
U000011,MOV107912,5,01-30-21
U000007,MOV109374,1,07-09-22
U000001,MOV119272,4,03-30-25
U000002,MOV119635,4,10-15-22
U000001,MOV100006,3,10-13-25
U000001,MOV117255,4,08-27-19
U000520,MOV103605,2,05-31-21
U000001,MOV100557,4,07-22-25
U002490,MOV118089,2,06-24-17
U000001,MOV100006,2,11-25-25
U000264,MOV101769,4,10-26-20
U000023,MOV105661,3,12-06-24
U000038,MOV103248,5,04-07-25
U000007,MOV111206,4,05-11-25
U003093,MOV118492,4,01-31-24
U000001,MOV115158,3,12-21-25
U000062,MOV102429,2,12-04-21
U002078,MOV104770,5,12-27-21
U000001,MOV114223,4,08-07-20
U003336,MOV119635,4,10-13-23
U000001,MOV100751,3,06-16-19
U000002,MOV119272,5,06-17-20
U000084,MOV105938,4,09-16-25
U000802,MOV118556,4,12-09-24
U000005,MOV107910,3,08-22-25
U000071,MOV100006,3,11-26-24
U000013,MOV114755,4,01-27-20
U000008,MOV101992,3,04-09-25
U000001,MOV102994,1,04-16-19
U000062,MOV100006,4,09-07-18
U000004,MOV101539,2,10-23-20
U000002,MOV109822,3,10-07-23
U000003,MOV100006,3,02-23-23
U003984,MOV100006,4,09-17-25
U000001,MOV103605,5,01-28-25
U000007,MOV104939,1,05-10-21
U000003,MOV105990,5,07-02-24
U000233,MOV116061,4,07-28-22
U002972,MOV115929,5,01-14-21
U000070,MOV106336,4,02-25-25
U000011,MOV114626,5,09-07-21
U000002,MOV110609,5,04-03-24
U000957,MOV100006,2,06-28-17
U000006,MOV119635,4,10-29-24
U000114,MOV105990,3,10-13-19
U000013,MOV118374,2,09-16-19
U000002,MOV118543,4,05-12-19
U000010,MOV100006,4,08-07-25
U000002,MOV100557,3,08-10-24
U003377,MOV107309,5,12-06-17
U003464,MOV109166,4,12-25-25
U000003,MOV104722,4,05-25-18
U000001,MOV117851,3,07-10-21
U000003,MOV103610,3,08-02-25
U000002,MOV118556,5,10-11-23
U000017,MOV116580,4,04-22-21
U000005,MOV109536,4,09-28-24
U000043,MOV109396,1,12-22-25
U000002,MOV105990,5,10-23-24
U000017,MOV100006,4,09-09-25
U000001,MOV114321,4,07-02-25
U000001,,4,12-18-24
U000001,MOV113982,4,01-16-20
U000007,MOV119272,3,10-21-24
U000012,MOV112513,3,02-17-21
U000086,MOV115929,2,02-14-23
U003599,MOV100006,5,11-23-24
U000012,MOV102437,3,12-01-18
,MOV109652,5,04-14-25
U000237,MOV103931,4,11-10-24
U000008,MOV119635,2,09-23-17
U000001,MOV117395,4,06-16-18
U000047,MOV114909,1,09-06-21
U001882,MOV100006,2,05-13-22
U000350,MOV114896,3,07-14-18
U000005,MOV100006,4,11-18-25
U000002,MOV107386,3,05-17-25
U000001,MOV100006,5,04-20-25
U000001,MOV100006,5,11-03-24
U003369,MOV103605,3,07-11-20
U000001,MOV113657,4,03-10-25
U001562,MOV112097,4,10-10-25
U000323,MOV105990,5,04-10-23
U000001,MOV105990,3,11-03-23
U000040,MOV116234,1,12-20-25
U000002,MOV111034,4,06-08-24
U000004,MOV100558,2,10-10-23
U003803,MOV112232,3,01-17-18
U003205,MOV118668,3,01-19-25
U000026,MOV101084,3,07-05-22
U000004,MOV114993,1,07-07-25
U000447,MOV113766,2,07-06-25
U000004,MOV117948,3,02-04-17
U000266,MOV114896,,09-13-17
U002524,MOV117671,4,03-15-24
U000014,MOV100006,3,09-27-25
U000007,MOV111434,4,11-01-25
U000196,MOV105644,3,11-22-18
U000001,MOV112903,5,12-07-25
U000023,MOV100006,5,12-25-23
U000002,MOV100006,3,09-11-22
,MOV107262,4,02-28-19
U000007,MOV114993,3,10-12-25
U000001,MOV118710,4,08-16-21
U000002,MOV106689,5,12-23-22
U000001,MOV113168,2,04-02-16
U000180,MOV105896,4,12-07-21
U000004,MOV105990,5,09-18-23
U000434,MOV113048,3,05-21-24
U000015,MOV103605,4,10-18-24
U000004,MOV110261,4,04-17-23
U000213,MOV106689,4,02-01-21
U000585,MOV105224,4,07-17-16
U000035,MOV100006,3,11-23-24
U000051,MOV115271,4,03-12-25
U000006,MOV112158,4,10-22-24
U000004,MOV117948,5,02-11-24
U000054,MOV119635,5,05-15-23
U000002,MOV119635,5,09-24-25
U000001,MOV105322,5,02-24-25
U000003,MOV107828,2,03-18-25
U000004,MOV117515,3,02-14-19
U000002,MOV113048,4,09-27-20
U000001,MOV105990,5,11-10-25
U000043,MOV119635,4,08-12-17
U000001,MOV103643,4,09-02-20
U000010,MOV109166,2,12-16-24
U000039,MOV112960,5,08-18-21
U000035,MOV113160,5,01-10-20
U000142,MOV113048,4,05-30-25
U000014,MOV108122,3,08-16-25
U000001,MOV114755,5,11-21-18
U000003,MOV101108,4,05-26-15
U000002,MOV100006,3,01-22-19
U000002,MOV111699,3,10-05-21
U000033,MOV118556,2,07-08-25
U000001,MOV100713,5,12-19-25
U000048,MOV100006,5,04-16-25
U000003,MOV104768,1,07-21-24
U000015,MOV113048,4,06-05-19
U000003,MOV118335,5,05-16-15
U000012,MOV119635,4,02-04-21
U000001,MOV110497,2,04-24-24
U000001,MOV110304,3,08-03-20
U000003,MOV119635,1,01-06-17
U000389,MOV110144,3,09-08-20
U000001,MOV116470,3,08-12-25
U000013,MOV119272,4,08-14-20
U000007,MOV113074,2,08-26-19
U000001,MOV115312,3,01-06-25
U000251,MOV110026,2,11-24-21
U000574,MOV107378,3,04-02-25
U000344,MOV119635,,02-24-25
U000001,MOV101299,4,05-21-19
U000009,MOV109759,4,01-15-25
U000015,MOV112232,4,01-02-25
U000014,MOV100006,4,09-26-22
U000001,MOV100006,2,08-15-24
U000016,MOV116710,3,10-05-18
U000034,MOV110828,4,03-13-19
U000012,MOV104333,4,04-15-25
U003454,MOV105990,3,10-17-25
U000652,MOV105896,4,11-28-21
,MOV100006,3,
U000423,MOV102801,4,05-05-22
U000223,MOV117575,3,03-18-18
U000001,MOV113768,5,09-23-22
U000182,MOV100006,5,09-25-19
U000001,MOV119204,3,10-18-18
U000463,MOV100006,2,10-21-22
U000002,MOV116599,3,08-30-21
U000091,MOV111574,4,02-24-17
U000168,MOV111943,4,05-16-25
U000006,MOV111924,5,11-13-22
U000045,MOV113048,5,08-25-23
U000001,MOV116772,,02-16-24
U000001,MOV107386,3,07-21-22
U000003,MOV118474,3,06-15-17
U000003,MOV103917,4,02-10-19
U000003,MOV110026,,05-11-22
U000026,MOV100737,5,09-29-16
U000001,MOV119635,3,02-20-24
U000005,MOV113048,5,10-23-23
U000002,MOV110828,4,07-09-23
U000041,MOV110828,4,09-17-21
U000001,MOV101108,4,07-12-25
U000018,MOV118556,3,02-04-16
U000225,MOV114570,2,11-23-24
U000007,MOV100262,5,11-10-16
U000019,MOV106803,3,11-16-24
U000161,MOV115312,1,03-04-23
U000193,MOV113766,4,07-11-25
U001125,MOV113048,5,04-29-18
U000001,MOV100006,4,02-16-25
U000040,MOV106044,1,10-29-21
U000003,MOV112232,4,02-18-23
U000203,MOV109221,4,06-21-22
U000541,MOV101622,4,01-22-24
U000003,MOV109906,4,08-23-25
U000901,MOV109602,3,11-03-20
U000008,MOV119635,4,04-29-24
U000001,MOV119377,4,08-17-18
U000002,MOV100006,5,03-21-24
U000017,MOV116222,5,06-11-21
U000246,MOV110828,3,02-27-23
U000001,MOV119635,5,01-10-25
U000003,MOV102023,3,04-21-25
U000001,MOV119635,2,12-22-22
U000119,MOV119635,4,05-06-25
U000004,MOV105768,4,04-30-15
U000160,MOV119635,5,11-09-20
U000088,MOV112486,4,08-23-23
U000005,MOV103605,4,07-26-23
U000134,MOV100006,4,06-13-24
U000001,MOV109776,4,12-10-18
U000002,MOV110026,3,07-04-21
U000001,MOV100006,4,08-26-18
U000003,MOV108419,3,09-11-19
U000037,MOV100006,3,09-10-24
U000276,MOV119272,5,02-27-24
U000006,MOV100006,2,11-20-24
U000025,MOV108508,2,06-11-25
U000008,MOV117948,4,11-20-22
U000004,MOV106352,4,01-09-19
U000045,MOV119635,4,11-12-23
U000001,MOV105644,2,06-18-25
U000023,MOV106803,3,11-29-25
U000001,MOV114993,4,02-12-21
U000001,MOV100006,4,12-04-25
U000021,MOV105990,4,08-31-20
U000001,MOV117108,4,09-05-23
U002403,MOV105990,2,01-12-16
U000002,MOV100006,3,06-08-18
U000002,MOV108836,4,12-09-25
U000001,MOV100006,4,08-12-20
U000001,MOV114626,4,10-06-24
U001837,MOV113113,4,07-22-24
U000009,MOV111159,1,05-04-25
U000039,MOV100519,2,02-18-19
U000055,MOV114667,3,02-26-22
U000001,MOV112141,5,01-19-20
U000115,MOV108553,2,08-27-25
U000022,MOV113211,4,11-17-25
U000001,MOV105990,1,04-27-22
U000003,MOV106279,4,04-15-19
U000002,MOV100006,3,10-07-24
U000001,MOV113223,3,10-01-20
U000001,MOV115960,4,01-23-19
U000001,MOV111073,1,03-02-21
U000063,MOV119578,3,10-01-22
U000102,MOV114784,4,01-16-23
U000462,MOV105644,1,03-18-24
U000001,MOV101539,4,11-11-24
U002344,MOV101108,4,04-01-23
U000060,MOV113956,2,08-11-23
U000004,MOV119635,3,11-06-19
U000018,MOV105990,5,01-08-18
U000231,MOV119272,4,08-31-24
U000001,MOV105644,5,03-16-23
U001246,MOV114790,4,01-05-23
U002628,MOV116391,4,04-27-22
U002520,MOV115429,5,03-28-24
U000154,MOV100006,4,08-21-18
U000002,MOV108769,4,11-19-25
U000003,MOV116536,4,04-29-20
U000002,MOV103125,5,12-04-18
U000030,MOV109761,5,10-23-21
U003915,MOV118474,5,02-10-22
U000032,MOV116536,4,02-07-23
U000004,MOV104855,4,04-07-25
U000002,MOV100006,4,05-21-22
U001695,MOV105990,3,04-02-25
U000004,MOV117251,3,03-29-24
U000271,MOV100006,3,04-14-21
U000587,MOV108352,2,05-28-24
U000008,MOV104845,,08-21-24
U000003,MOV119635,4,12-03-18
U000005,MOV114755,5,02-13-24
U000086,MOV114993,5,06-22-25
U000005,MOV109583,3,04-09-25
U000012,MOV100006,5,05-12-23
U000003,MOV119392,1,11-01-24
U000023,MOV113130,3,08-23-22
U003186,MOV104768,3,12-09-25
U003449,MOV110828,4,10-17-20
U000136,MOV113483,3,11-25-25
U000262,MOV104663,5,10-08-23
U001536,MOV100542,2,02-28-24
U000027,MOV101108,4,09-14-22
U000006,MOV103610,4,11-19-20
U000012,MOV114909,3,12-22-22
U000003,MOV114570,4,04-10-24
U000005,MOV114626,3,05-26-21
U000007,MOV102107,4,11-12-24
U000113,MOV107147,3,10-10-24
U000012,MOV105990,3,12-30-19
U000002,MOV105896,3,01-25-19
U000014,MOV110828,5,04-11-20
U000001,MOV100006,3,08-09-25
U000021,MOV117348,5,08-12-24
U001960,MOV112429,4,04-21-18
U000003,MOV109158,5,04-16-24
U001940,MOV103252,4,09-27-25
U000016,MOV116700,4,03-22-23
U000040,MOV101718,4,11-16-22
U000991,MOV109602,3,07-07-25
U000004,MOV100006,3,08-03-18
U001471,MOV111840,4,05-24-25
U000002,MOV103605,4,08-08-24
U000347,MOV110790,3,10-12-19
U002792,MOV103474,4,01-05-24
U001156,MOV114066,4,03-28-22
U000004,MOV119635,1,07-31-21
U000028,MOV118556,,08-25-19
U000006,MOV100962,5,05-08-22
U000001,MOV103147,3,11-28-21
U000004,MOV110026,1,07-30-20
U000002,MOV100006,4,11-24-22
U000001,MOV100006,3,09-14-19
U000005,MOV119204,3,11-14-20
U000015,MOV100006,3,03-12-19
U000136,MOV100006,3,06-29-17
U000061,MOV119272,4,03-19-19
U000001,MOV103182,3,09-08-24
U000183,MOV116837,4,10-15-22
U000001,MOV117255,5,09-03-20
U000062,MOV100006,1,06-25-17
U000003,MOV111271,4,07-03-23
U000175,MOV100006,4,05-08-18
U003691,MOV110475,4,11-15-22
U001698,MOV105536,4,01-13-25
U000174,MOV101681,5,02-13-24
U000001,MOV113048,3,06-24-24
U000026,MOV117851,4,04-03-22
U000232,MOV119186,3,12-09-15
U000011,MOV100006,2,11-15-25
U000073,MOV114626,4,07-25-18
U000002,MOV103610,3,11-29-21
U000014,MOV100006,4,01-17-17
U001552,MOV117948,4,04-02-24
U000795,MOV104250,5,10-04-21
U000576,MOV104244,5,08-25-24
U000025,MOV119204,4,04-07-25
U000050,MOV100006,4,10-14-18
U000030,MOV119635,1,07-30-23
U000003,MOV106972,5,11-12-22
U000007,MOV113048,3,01-05-25
U000001,MOV105990,3,12-06-21
U000135,MOV107198,4,09-06-25
U000005,MOV109221,4,05-28-24
U001694,MOV119272,3,05-30-23
U000006,MOV100006,4,08-03-20
U003147,MOV105990,5,02-14-21
U000061,MOV114822,3,01-08-23
U000079,MOV113766,3,07-16-25
U000733,MOV107585,5,04-09-21
U000035,MOV114326,4,06-30-23
U003123,MOV111103,2,06-03-22
U000005,MOV119272,3,03-12-23
U000001,MOV113766,5,03-14-25
U000004,MOV103125,5,11-28-23
U001283,MOV115888,4,01-18-24
U000002,MOV113048,4,04-19-18
U000011,MOV103252,3,11-18-23
U000017,MOV112600,4,07-21-18
U000069,MOV103367,5,09-29-20
U000002,MOV105896,5,05-07-23
U000001,MOV106689,3,12-09-25
U000830,MOV101108,3,01-05-15
U000372,,3,09-17-17
U001839,MOV100006,4,07-10-25
U000221,MOV100006,2,09-22-19
U000447,MOV108317,3,07-23-24
U000048,MOV119272,2,02-05-22
U000002,MOV119272,4,11-11-25
U000039,MOV105990,4,11-28-22
U000002,MOV110026,3,01-31-22
U000036,MOV100557,2,05-11-24
U000001,MOV119635,3,01-23-24
U000002,MOV106080,4,10-26-19
U000009,MOV109329,4,04-25-25
U000001,MOV112232,4,01-25-24
U001250,MOV109602,4,07-23-24
U000094,MOV100880,5,07-12-21
U000001,MOV115312,5,04-22-18
U000013,MOV109340,2,08-31-20
U000062,MOV101034,4,07-07-25
U000003,MOV113048,4,08-15-18
U000003,MOV114993,3,03-24-22
U000008,MOV101108,2,11-24-23
U002879,MOV110687,5,10-10-21
U000001,MOV109101,4,08-30-16
U000001,MOV119635,4,01-10-25
U000046,MOV117251,5,03-16-20
U002227,MOV114626,3,02-23-24
U000018,MOV116470,1,05-18-24
U000159,MOV119635,5,02-26-25
U000003,MOV105644,5,05-12-24
U000001,MOV117948,3,10-04-23
U000528,MOV106635,3,06-08-25
U000006,MOV105990,4,12-20-17
U000002,MOV119204,2,05-10-25
U000001,MOV103610,3,07-24-24
U000002,MOV100006,3,09-12-23
U000303,MOV100635,3,01-31-25
U000002,MOV105644,5,10-08-24
U000018,MOV111029,2,11-22-25
U000021,MOV119021,5,09-25-21
U000044,MOV105483,4,03-25-18
U000001,MOV112903,3,11-13-23
U000005,MOV111434,1,10-05-25
U000001,MOV112232,3,09-22-15
U004074,MOV106894,3,09-10-25
U000002,MOV107327,4,10-08-24
U003300,MOV119272,3,08-02-17
U003903,MOV115506,5,09-04-25
U001774,MOV119638,5,01-01-23
U000001,MOV113615,3,08-08-21
U000002,MOV117920,3,01-27-25
U000001,MOV100006,2,04-13-21
U000003,MOV114617,5,07-31-25
U001285,MOV110026,4,03-12-24
U000005,MOV100006,1,06-22-25
U000001,MOV105990,5,09-18-25
U000170,MOV100751,4,11-29-25
U000019,MOV117851,3,05-11-25
U000004,MOV113766,5,01-09-21
U000337,MOV119635,4,08-12-19
U000173,MOV119272,4,05-09-19
U000108,MOV100557,4,10-25-24
U000001,MOV112513,4,07-04-20
U000001,MOV106622,,08-22-17
U000027,MOV110262,1,07-05-23
U000287,MOV102126,4,05-18-19
U000021,MOV118545,3,08-15-18
U000005,MOV116763,4,
U000002,MOV103082,5,02-10-25
U000016,MOV119272,4,06-19-25
U000001,MOV114797,5,07-04-18
,MOV111876,5,01-17-21
U000008,MOV106336,5,02-10-24
U000001,MOV105990,4,07-11-22
U000130,MOV119635,5,03-26-17
U000740,MOV108678,2,03-01-18
U000007,MOV100006,3,12-13-19
U000025,MOV117851,3,05-26-25
U000855,MOV117350,4,05-01-25
U000001,MOV101604,4,09-02-21
U000007,MOV113048,3,01-20-20
U000024,MOV118028,4,07-07-20
U000001,MOV108162,1,03-08-25
U000303,MOV117287,2,02-21-25
U000004,MOV107181,5,11-18-19
U000253,MOV100006,4,07-06-22
U000175,MOV100006,3,07-19-15
U000002,MOV102629,3,01-25-20
U000001,MOV115011,5,03-12-21
U000010,MOV113048,2,10-04-23
U000002,MOV111434,4,06-30-23
U000084,MOV118556,5,05-29-23
U000001,MOV115929,2,12-17-23
U000001,MOV105644,4,11-11-23
U000001,MOV117135,5,07-28-21
U000004,MOV100006,4,07-07-23
U000013,MOV100006,3,12-14-22
U001350,MOV100754,4,12-30-21
U000002,MOV107386,4,10-18-24
U000089,MOV100006,4,08-28-25
U000001,MOV102616,3,08-22-21
U000040,MOV116807,5,02-17-23
U000223,MOV100006,5,06-05-21
U000040,MOV101108,5,12-20-21
U001551,MOV110790,3,05-18-20
U002738,MOV115686,4,01-29-23
U002483,MOV115501,5,04-06-16
U000001,MOV114784,4,11-21-25
U000746,MOV116470,5,07-04-23
U000173,MOV119635,4,01-30-24
U000001,MOV117851,1,04-15-24
U000021,MOV109459,2,05-03-25
U000002,MOV101108,4,02-27-25
U002428,MOV100006,5,10-01-21
U000009,MOV114896,3,11-12-24
U000003,MOV101083,5,08-12-21
U000223,MOV101425,4,10-06-25
U001805,MOV106165,4,12-12-20
U000004,MOV100006,4,06-08-20
U000027,MOV119635,4,11-13-22
U001249,MOV103225,2,06-19-18
U000001,MOV105990,5,11-16-24
U000412,MOV111066,2,05-14-24
U000001,MOV119635,5,01-10-21
U000011,MOV113779,4,08-10-24
U000146,MOV100006,4,08-24-25
U000057,MOV118556,4,01-10-25
U000004,MOV100006,3,01-04-17
U000001,MOV119635,3,10-17-20
U000009,MOV112153,5,03-18-18
U000010,MOV100006,4,12-29-25
U000522,MOV103047,5,01-05-23
U000008,MOV115297,3,10-24-25
U000004,MOV105948,3,01-26-18
U000004,MOV100006,3,02-06-15
U000002,MOV100006,4,10-29-16
U000001,MOV105990,2,01-22-19
U000001,MOV105678,,01-27-22
U000052,MOV116189,3,01-25-22
U000004,MOV119635,3,03-13-24
U003741,MOV101257,5,12-30-22
U000049,MOV117948,3,10-05-22
U000147,MOV119635,2,06-20-18
U000005,MOV118374,5,06-09-25
U000002,MOV104244,4,05-12-15
U000001,MOV101202,2,06-14-20
U000281,MOV114626,4,11-05-21
U001541,MOV119635,2,12-19-25
U000001,MOV112907,4,08-13-22
U000001,MOV111029,5,04-30-22
U000912,MOV117793,1,08-31-25
U000016,MOV116926,4,07-24-24
,MOV110144,3,06-26-21
U000735,MOV100557,3,02-07-23
U000012,MOV104623,1,12-07-25
U000007,MOV105174,5,09-03-24
U000002,MOV108419,4,06-15-23
U000001,MOV115410,4,12-08-20
U000307,MOV119635,4,12-14-20
U000001,MOV114433,4,07-02-23
U000005,MOV100006,4,08-26-21
U000002,MOV110026,4,04-28-22
U000011,MOV109221,3,06-10-25
U000037,MOV119635,4,06-21-23
U000001,MOV115775,5,11-09-22
U000001,MOV100006,4,03-05-20
U000003,MOV108805,1,11-09-19
U000001,MOV105990,3,05-26-25
U001795,MOV119635,4,02-06-23
U000043,MOV118556,3,10-10-16
U000039,MOV113048,4,04-30-25
U000424,MOV119272,4,06-24-25
U000006,MOV102297,3,05-19-17
U000002,MOV108419,4,10-07-25
U002132,MOV114626,3,01-29-24
U000001,MOV103913,5,11-27-22
U000008,MOV105990,5,03-13-25
U000002,MOV105473,3,11-09-25
U000384,MOV100006,4,08-01-23
U000410,MOV100557,3,07-27-25
U000016,MOV113903,4,07-05-21
U000004,MOV101108,3,01-15-24
U000001,MOV118454,2,03-19-20
U002867,MOV101108,4,01-26-22
U000228,MOV109221,2,12-14-23
U000089,MOV100839,4,06-26-19
U000020,MOV104975,3,05-01-22
U000152,MOV103605,3,09-05-21
U000501,MOV100006,3,03-02-22
U000134,MOV113048,4,01-24-25
U000002,MOV114626,5,06-29-18
U000511,MOV109525,1,06-30-24
U000003,MOV119635,5,04-11-24
U002899,MOV111400,4,10-29-24
U000023,MOV104697,4,02-24-24
U000448,MOV100831,4,03-11-20
U000005,MOV109221,4,04-18-25
U000001,MOV119635,4,07-25-24
U002772,MOV105990,5,04-12-22
U000022,MOV101108,4,12-28-21
U000041,MOV113604,4,12-12-20
U000001,MOV100751,3,04-09-19
U000002,MOV100006,4,07-16-16
U000170,MOV101501,3,04-14-22
U000006,MOV116536,1,05-12-22
U000174,MOV110193,4,09-21-18
U000001,MOV114993,1,
U001159,MOV113533,4,02-16-25
U000007,MOV108922,4,06-13-25
U000371,MOV116580,5,03-19-18
U000002,MOV112922,2,05-16-22
U000022,MOV105990,3,09-12-20
U000001,MOV112232,5,01-02-22
U000001,MOV115663,5,03-08-21
U000002,MOV107304,3,09-15-19
U000018,MOV104456,2,12-02-19
U000037,MOV110111,3,11-11-15
U000001,MOV100006,2,04-27-21
U000004,MOV111115,5,11-10-19
U000026,MOV117948,5,05-17-17
U000033,MOV103224,3,11-02-25
U000003,MOV115480,5,08-11-16
U000001,MOV101977,4,06-19-24
U000003,MOV113766,2,05-17-25
U000009,MOV118429,3,11-09-25
U000003,MOV103147,1,10-16-22
U000136,MOV105896,4,08-15-25
U000012,MOV109602,3,10-15-22
U000039,MOV100557,5,12-11-21
U000019,MOV110026,4,03-05-21
U000004,MOV114187,3,08-03-25
U000006,MOV100931,4,09-02-18
U000163,MOV105990,4,06-21-23
U000007,MOV104472,3,11-17-18
U000018,MOV108909,4,11-10-21
U000050,MOV110868,1,05-16-22
U000025,MOV118556,3,04-20-18
U000124,MOV113048,5,10-30-21
U000664,MOV110536,4,03-15-21
U000004,MOV110731,1,06-02-23
U000001,MOV105661,4,11-08-23
U000093,MOV105990,4,03-04-23
U000009,MOV118556,1,07-16-17
U000001,MOV100557,4,11-18-17
U000006,MOV109524,1,01-07-21
U000005,MOV100006,4,01-06-24
U000094,MOV111029,2,07-10-25
U000563,MOV117949,5,11-07-25
U001231,MOV116470,3,10-22-24
U000014,MOV115258,3,10-15-17
U000039,MOV111407,1,07-27-21
U000785,MOV100006,4,05-19-25
U000005,MOV109221,5,05-15-22
U000002,MOV103502,3,02-16-21
U000005,MOV101027,4,08-08-23
U000865,MOV105990,4,09-20-18
U000029,MOV119635,5,08-01-22
U000445,MOV100557,4,07-02-25
U003971,MOV118556,4,11-21-17
U000001,MOV115500,3,01-27-23
U001250,MOV100006,4,08-01-24
U000073,MOV100006,3,05-11-23
U000006,MOV112472,4,12-12-21
U000007,MOV118556,4,01-19-22
U001291,MOV115312,4,11-20-22
U000002,MOV116470,4,09-24-23
U000006,MOV101840,4,06-24-21
U000008,MOV104247,3,12-22-15
U000001,MOV101859,4,06-15-21
U000001,MOV119204,5,04-11-25
U000001,MOV114424,3,10-09-25
U001166,MOV106640,4,08-26-23
U002094,MOV114626,3,04-30-19
U000003,MOV114210,3,03-07-23
U000003,MOV101554,5,04-16-24
U002624,MOV110992,3,09-12-23
U000001,MOV118510,5,03-28-22
U000036,MOV102129,3,12-18-21
U000003,MOV114993,4,06-27-22
U000005,MOV105536,4,07-17-21
U000002,MOV109737,4,04-28-22
U000697,MOV116798,5,02-18-21
U000026,MOV117823,4,02-17-24
U000001,MOV116181,4,09-28-25
U000470,MOV106037,2,10-03-23
U000007,MOV100006,1,11-16-25
U000002,MOV119672,3,01-25-25
U000108,MOV100006,2,05-11-24
U000065,MOV119272,3,08-30-21
U000004,MOV100557,1,05-05-23
U001033,MOV110828,4,05-29-23
U000061,MOV101575,4,04-18-22
U000001,MOV108832,3,08-18-25
U000004,MOV117962,3,07-21-24
U000002,MOV109977,4,07-01-24
U000189,MOV101539,3,04-16-24
U000089,MOV119635,4,06-12-24
U000004,MOV104429,3,10-02-22
U000007,MOV114489,4,05-25-18
U000005,MOV100006,3,01-04-24
U000009,MOV116736,2,07-20-19
U000023,MOV100006,5,08-17-24
U000003,MOV117948,4,07-19-24
U000005,MOV106476,4,06-05-23
U000045,MOV103643,4,10-12-18
U000007,MOV102147,3,09-21-22
U000001,MOV100006,4,12-12-16
U000004,MOV110475,3,04-01-23
U000003,MOV119272,2,04-18-19
U000001,MOV109166,5,03-19-20
U000003,MOV100006,5,09-03-20
U000026,MOV100006,3,09-01-20
U000006,MOV115802,2,05-02-15
U000094,MOV116390,4,09-23-22
U001340,MOV100006,3,08-14-24
U000001,MOV116741,4,01-26-25
U000006,MOV105536,5,05-01-23
U000001,MOV107070,4,03-10-24
U001784,MOV103577,5,03-28-24
U003366,MOV103138,4,12-29-17
U000004,MOV108200,3,07-15-20
U000001,MOV108513,5,05-27-21
U001096,MOV103779,4,01-01-23
U000008,MOV114993,3,04-18-18
U000098,MOV110790,2,
U000001,MOV116203,1,04-08-25
U000001,MOV119272,2,09-15-25
U000005,MOV109221,5,07-17-21
U000024,MOV100006,4,09-24-25
U000006,MOV106458,3,10-06-21
U000002,MOV100831,3,04-28-25
U000001,MOV111029,3,07-31-20
U000320,MOV100006,3,10-28-20
U001352,MOV107213,4,12-13-23
U000034,MOV112210,5,05-21-19
U000001,MOV101108,2,09-04-21
U000006,MOV114993,3,04-30-22
U000079,MOV100006,5,01-23-21
U000008,MOV100006,5,11-09-23
U000003,MOV106380,4,11-15-20
U000001,MOV116219,4,07-07-15
U000003,MOV104018,5,12-05-24
U000510,MOV107862,1,05-22-19
U000032,MOV112232,4,
U000003,MOV115435,5,12-05-23
U000021,MOV110113,4,01-20-18
U001554,MOV104663,2,02-20-22
U000003,MOV116216,5,10-18-24
U000042,MOV119635,4,01-18-23
U000352,MOV101539,3,05-09-25
U000019,MOV103122,5,
U000007,MOV106673,3,11-05-19
U000002,MOV119635,2,06-01-19
U000001,MOV100006,4,12-29-24
U000199,MOV107069,4,08-20-24
U000004,MOV105990,3,11-01-16
U001615,MOV119635,5,06-20-25
U000001,MOV101108,4,07-19-25
U000042,MOV113048,3,11-23-21
U000001,MOV103779,4,03-24-19
U000534,MOV104018,3,01-13-16
U000008,MOV117287,3,01-12-19
U000299,MOV112094,3,02-10-15
U000257,MOV100006,3,10-16-23
U000016,MOV100713,5,03-25-24
U000038,MOV119635,2,07-21-25
U000001,MOV114626,2,10-18-23
U000030,MOV103911,4,09-17-25
U000001,MOV101428,3,02-25-20
U002615,MOV112876,4,01-06-15
U000008,MOV117306,,03-28-24
U000001,MOV100006,2,12-10-22
U000033,MOV114626,4,03-06-24
U000010,MOV100006,5,04-26-23
U000164,MOV105990,2,03-19-22
U000144,MOV117948,5,03-07-25
U001538,MOV100713,4,07-24-25
U000001,MOV100006,4,03-28-25
U003361,MOV112490,3,04-22-17
U000002,MOV110026,4,11-20-18
U000001,MOV100006,4,07-18-23
U000014,MOV113695,3,05-14-19
U000003,MOV113247,5,03-11-17
U000005,MOV112862,4,10-26-22
U000022,MOV115251,3,10-29-19
U000037,MOV110026,4,05-17-24
U000004,MOV105269,4,10-04-25
U000727,MOV116169,1,11-20-16
U000084,MOV119635,4,02-01-25
U000139,MOV111134,4,11-09-25
U000001,MOV119272,3,12-23-22
U000036,MOV106850,2,06-25-25
U000001,MOV111842,1,03-16-23
U000017,MOV108134,5,10-30-24
U000005,MOV107224,4,09-10-20
U000001,MOV113048,5,06-13-24
U000001,MOV118510,4,04-18-24
U002676,MOV107839,5,10-12-23
U000002,MOV111029,5,08-12-25
U000001,MOV101912,1,11-07-23
U000022,MOV102542,3,03-08-23
U000087,MOV117251,5,04-13-19
U000001,MOV116181,4,09-07-16
U000023,MOV118556,5,08-18-24
U000009,MOV105644,5,06-21-19
U000001,MOV109703,2,01-16-20
U003631,MOV110026,5,10-02-21
U000003,MOV110294,3,08-11-16
U000044,MOV101108,4,09-05-22
U000002,MOV105990,5,10-08-24
U000003,MOV109602,4,09-17-18
U000003,MOV119176,3,12-12-20
U000157,MOV114993,3,11-06-25
U000008,MOV102061,3,03-11-21
U000425,MOV119635,4,07-01-18
U000002,MOV117770,5,05-09-23
U000001,MOV115605,5,05-01-21
U000016,MOV105009,3,08-29-21
U002508,MOV119635,5,11-03-21
U000004,MOV108010,3,06-02-24
U000084,MOV100006,3,03-26-21
U000001,MOV100006,3,05-17-20
U000019,MOV119635,4,03-18-17
U000011,MOV105990,4,07-02-23
U000034,MOV112232,1,08-13-18
U000001,MOV104768,3,06-01-21
U000217,MOV110828,2,10-08-25
U001374,MOV114710,1,03-06-25
U000003,MOV119635,4,05-25-18
U000198,MOV113766,4,08-06-25
U000013,MOV110072,4,09-12-25
U000708,MOV119186,4,11-14-23
U000010,MOV113835,5,04-30-17
U000003,MOV112021,1,12-25-21
U000003,MOV100006,1,06-05-20
U000035,MOV103224,3,10-19-22
U000050,MOV113876,2,12-16-20
U000001,MOV105990,5,12-30-25
U000009,MOV114424,5,09-12-24
U000093,MOV100006,5,11-21-20
U000001,MOV119635,2,07-23-25
U000001,MOV110026,3,10-06-16
U000032,MOV119350,2,06-18-23
U000001,MOV119635,5,12-13-18
U000023,MOV111029,3,06-11-20
U000248,MOV113418,4,08-28-22
U000110,MOV114993,3,11-01-24
U000041,MOV113766,3,11-04-20
U001566,MOV116131,3,12-16-17
U000050,MOV110026,3,10-07-25
U000003,MOV108217,3,06-01-21
U001421,MOV114607,2,08-20-24
U000002,MOV113048,5,11-14-24
U000231,MOV114626,4,08-02-21
U000001,MOV103125,5,12-17-20
U000001,MOV113048,5,11-11-22
U000002,MOV110768,3,11-23-18
U000117,MOV100006,3,09-25-16
U000007,MOV114368,3,06-20-25
U000010,MOV110475,4,11-09-21
U000004,MOV100557,5,09-02-25
U000025,MOV100006,2,08-28-21
U000001,MOV113800,1,05-12-24
U000003,MOV109221,5,02-16-24
U000003,MOV119272,5,09-06-25
U000009,MOV109280,4,12-20-23
U000001,MOV119635,,04-29-25
U000004,MOV116254,4,08-15-25
U000002,MOV118556,1,09-12-16
U000088,MOV114155,3,12-11-25
U000317,MOV106577,4,03-08-17
U000073,MOV100557,2,07-08-23
U000908,MOV110262,4,10-10-18
U000042,MOV110475,2,07-26-25
U000586,MOV104281,5,04-25-17
U003067,MOV116741,1,10-22-25
U000008,MOV113048,4,05-17-24
U000021,MOV108820,1,06-13-25
U000011,MOV119635,3,05-22-22
U000589,MOV119635,5,02-06-24
U000002,MOV101108,5,10-17-16
U000024,MOV109166,4,07-12-20
U000001,MOV100310,5,04-14-18
U000024,MOV110026,4,09-04-23
U000001,MOV112792,3,07-01-15
U000007,MOV119204,3,04-03-25
U000078,MOV119635,4,06-12-25
U000001,MOV106850,3,06-22-20
U000018,MOV102465,1,07-07-25
U000001,MOV100006,4,08-02-22
U000002,MOV108419,3,04-13-25
U000004,MOV119272,4,06-14-25
U000411,MOV101108,5,05-14-23
U000011,MOV105990,4,09-08-22
U000001,MOV100006,3,03-15-20
U000001,MOV110193,4,05-14-24
U002703,MOV103605,4,07-20-21
U000002,MOV107070,5,05-15-20
U000005,MOV100373,3,02-21-22
U000001,MOV114784,3,09-21-25
U000001,MOV114626,2,06-27-25
U000023,MOV104529,4,10-18-24
U000066,MOV119635,2,06-13-24
U000003,MOV101681,4,05-16-20
U000257,MOV106347,4,04-29-17
U000170,MOV102984,5,04-03-24
U000173,MOV109874,3,01-19-20
U000701,MOV116956,5,05-19-18
U000331,MOV105990,5,07-18-19
U000003,MOV110150,5,03-08-23
U000006,MOV112232,3,09-24-17
U000010,MOV105764,2,11-16-20
U000064,MOV119754,4,06-19-21
U000814,MOV100006,3,04-16-24
U000066,MOV106252,3,07-25-22
U000009,MOV100158,5,11-01-18
U000001,MOV100006,2,09-20-24
U000013,MOV117962,3,05-07-25
U001262,MOV113048,5,05-19-23
U000001,MOV118556,5,05-28-25
U000107,MOV110790,3,04-21-21
U000027,MOV118391,4,09-23-24
U000048,MOV113800,3,05-06-25
U000010,MOV103076,3,11-09-22
U000004,MOV100006,3,12-01-18
U000339,MOV100006,3,09-21-23
U000002,MOV110018,2,03-19-20
U000002,MOV113418,4,04-16-15
U000005,MOV100557,3,05-26-22
U000021,MOV119635,3,05-11-25
U000003,MOV114784,4,10-16-25
U000003,MOV119635,3,12-10-24
U000001,MOV118828,5,10-03-25
U000004,MOV119272,4,12-18-18
U000308,MOV118556,4,02-05-16
U000026,MOV105644,4,09-23-20
U000006,MOV105536,5,08-27-19
U000053,MOV113835,3,08-15-25
U000008,MOV110018,5,06-26-25
U000001,MOV102754,4,10-01-24
U000001,MOV108836,4,07-29-22
U000001,MOV101477,2,04-13-19
U000053,MOV119635,5,06-04-18
U003747,MOV113604,4,01-28-23
U000007,MOV114567,1,04-21-18
U000132,MOV110353,5,08-13-23
U000004,MOV101108,3,06-19-21
U000001,MOV114701,4,06-13-25
U000076,MOV113233,5,12-13-25
U000002,MOV119635,3,03-27-22
U000051,MOV114626,3,01-20-19
U000003,MOV115501,5,11-14-19
U000007,MOV105990,3,10-22-22
U000805,MOV102610,3,04-20-21
U000009,MOV114257,4,04-20-21
U000020,MOV100181,3,02-04-22
U000002,MOV116710,4,08-22-24
U000011,MOV114784,4,07-04-24
U000003,MOV100006,3,11-03-19
U000045,MOV113875,4,07-22-21
U000126,MOV103690,4,08-27-22
U000002,MOV100262,1,01-01-25
U001023,MOV103681,4,06-03-19
U000003,MOV108588,4,03-27-22
U000004,MOV110262,3,05-06-23
U000025,MOV100006,4,05-05-25
U000001,MOV110026,5,09-15-16
U002471,MOV119272,4,08-18-23
U000001,MOV113509,4,
U000001,MOV108844,4,07-10-21
U000086,MOV100006,4,02-28-19
U000015,MOV114626,3,01-24-25
U000004,MOV100006,4,01-10-25
U000005,MOV117066,5,08-06-22
U000002,MOV107687,4,05-17-24
U000001,MOV102285,4,11-12-22
U000001,MOV110790,1,07-28-20
U000002,MOV102309,4,04-29-22
U000001,MOV113048,4,12-15-24
U000001,MOV116707,4,07-28-25
U004056,MOV105197,4,01-18-25
U003709,MOV119272,4,01-05-18
U000002,MOV101026,4,
U000029,MOV113495,2,03-21-24
U000001,MOV119635,3,07-15-20
U000047,MOV105896,3,03-06-22
U000014,MOV101108,5,04-28-23
U003535,MOV103125,2,01-21-21
U000082,MOV104278,4,09-16-24
U002009,MOV113418,5,07-21-25
U000002,MOV107209,5,04-02-16
U000001,MOV103262,3,09-24-25
U000001,MOV112513,4,02-09-21
U000016,MOV117235,2,12-28-17
U000025,MOV105990,5,08-31-21
U000005,MOV110026,5,10-14-25
U000008,MOV109340,2,09-21-23
U000003,MOV119635,3,01-02-23
U000002,MOV117406,5,08-24-25
U000005,MOV113615,4,01-08-20
U000518,MOV115409,4,07-15-21
U000339,MOV117447,4,06-02-18
U000002,MOV103175,4,03-20-23
U000001,MOV106699,1,07-19-22
U000003,MOV119635,1,02-06-23
U000001,MOV116741,4,10-21-23
U000021,MOV101108,4,09-04-20
U001120,MOV116944,3,08-12-23
U000014,MOV100006,5,09-10-20
U000002,MOV108836,1,06-27-23
U000625,MOV119660,4,08-25-23
U000151,MOV100713,4,02-03-21
U001144,MOV106008,4,08-05-21
U000004,MOV105990,4,07-08-22
U000033,MOV104319,5,01-02-21
U000001,MOV111434,5,05-03-21
U000002,MOV106207,1,09-03-24
U000018,MOV119635,4,10-02-24
U000002,MOV114510,5,11-16-24
U000170,MOV113831,1,05-02-21
U000049,MOV114626,3,01-28-19
U000005,MOV107070,4,05-21-22
U000011,MOV114992,3,01-23-25
U000051,MOV104697,3,11-08-25
U000001,MOV108647,4,11-07-24
U000002,MOV116813,4,03-15-22
U000042,MOV109166,3,04-29-22
U000011,MOV107772,4,05-07-25
U000025,MOV109602,4,09-29-25
U000003,MOV106703,2,01-03-25
U000006,MOV119635,4,
U000003,MOV107140,5,03-04-25
U000001,MOV110065,3,09-10-23
U000012,MOV102818,2,05-20-25
U000002,MOV103323,4,10-18-25
U000004,MOV119222,5,08-05-16
U000003,MOV112876,5,04-27-25
U000001,MOV105990,3,08-17-25
U000123,MOV100831,4,08-16-15
U000001,MOV103334,4,05-16-15
U000012,MOV103182,2,05-12-25
U000005,MOV102948,4,01-08-20
U000033,MOV118859,4,06-23-20
U000912,MOV110026,3,06-07-25
U000021,MOV119272,2,12-07-25
U000004,MOV100006,3,12-22-25
U000001,MOV103605,4,09-21-24
U000003,MOV103334,4,01-19-18
U000562,MOV103759,4,08-18-25
U000041,MOV105077,3,05-26-23
U000002,MOV113223,4,05-18-25
U000029,MOV113048,3,03-26-19
U000001,MOV105990,3,04-08-22
U000007,MOV100006,1,02-03-21
U000007,MOV114626,4,11-11-23
U000002,MOV111271,4,05-28-17
U000010,MOV116707,5,12-19-23
U000004,MOV104697,4,08-28-24
U000001,MOV119635,2,06-13-24
U000193,MOV114424,5,02-17-18
U001842,MOV119344,2,
U000001,MOV117657,5,07-10-15
U000007,MOV100006,4,07-09-16
U000011,MOV104505,3,04-28-18
U000003,MOV110467,4,11-15-15
U000005,MOV115828,5,06-08-19
U000002,MOV100006,2,05-14-22
U000006,MOV100006,4,04-26-25
U001077,MOV100880,3,01-20-20
U000630,MOV104768,3,12-18-18
U001656,MOV106906,2,03-02-23
U002043,MOV105236,5,01-15-20
U000001,MOV105990,4,12-17-18
U000042,MOV102627,3,09-10-24
U000001,MOV105990,4,04-17-22
U000002,MOV113048,5,12-06-25
U000005,MOV100006,4,01-06-24
U000003,MOV106380,3,10-30-20
,MOV101108,4,04-21-23
U000084,MOV113827,2,06-01-21
U000317,MOV111159,4,07-10-25
U000015,MOV103334,3,06-19-18
U000001,MOV118342,3,05-17-25
U000095,MOV100491,1,10-08-23
U000006,MOV105536,5,10-10-18
U000001,MOV104255,5,09-26-22
U000001,MOV110226,3,12-10-22
U000031,MOV102142,3,03-25-24
U000555,MOV119635,1,05-21-23
U000018,MOV101840,4,11-08-23
U000005,MOV100557,3,11-11-25
U000003,MOV105990,3,05-16-25
U000069,MOV104038,3,05-14-25
U000004,MOV105990,3,04-23-25
U000001,MOV119635,2,03-08-17
U000014,MOV119272,4,09-12-22
U000007,MOV114155,4,08-16-24
U000003,MOV119635,4,12-12-25
U000336,MOV100006,3,03-13-17
U000263,MOV106544,4,12-07-20
U000280,MOV115496,1,09-27-21
U000002,MOV106143,4,10-23-22
U003852,MOV106380,2,12-31-25
U000002,MOV100006,4,12-30-21
U000074,MOV109221,4,05-28-17
U000040,MOV101108,4,11-01-22
U000003,MOV109221,4,01-11-18
U000100,MOV116470,3,03-18-23
U000001,MOV118556,4,09-26-25
U000009,MOV110532,4,08-05-22
U000002,MOV100963,2,09-19-25
U000001,MOV100006,4,04-14-17
U000077,MOV109602,3,01-10-25
U000004,MOV103779,4,08-20-22
U001431,MOV117780,5,03-06-25
U000001,MOV118556,3,06-18-23
U000001,MOV114896,2,02-16-22
U000001,MOV112272,3,12-25-25
U000012,MOV113835,4,04-11-16
U000001,MOV107209,4,01-26-19
U000016,MOV105764,2,08-27-22
U000006,MOV110262,4,12-08-25
U000001,MOV111661,4,11-30-17
U000039,MOV112981,5,10-16-25
U000823,MOV116813,5,09-25-18
U000138,MOV113972,3,12-12-25
U000003,MOV105990,5,10-13-17
U000002,MOV111134,5,07-11-20
U000001,MOV100006,4,02-08-25
U000002,MOV117883,5,05-07-17
U000001,MOV102309,3,01-12-15
U002539,MOV114502,5,09-22-24
U002000,MOV106834,3,04-10-23
U000001,MOV118556,4,07-31-21
U000225,MOV106744,3,12-28-23
U000006,MOV100154,5,11-07-15
U000002,MOV107386,4,04-05-23
U000005,MOV105990,5,05-22-25
U000002,MOV105990,3,08-15-17
U000002,MOV100557,4,11-01-24
U000003,MOV100006,2,07-27-22
U000002,MOV107151,5,10-10-25
U000045,MOV105990,5,11-02-23
U000002,MOV117081,5,09-07-15
U000014,MOV112342,5,12-26-24
U000034,MOV105942,5,05-25-19
U000041,MOV119635,3,01-03-25
U000485,MOV119635,3,04-26-22
U000060,MOV104768,3,09-09-22
U000007,MOV100006,5,09-03-21
U000002,MOV106874,4,04-27-25
U000010,MOV119635,5,02-25-25
U000001,MOV119635,4,09-01-25
U000001,MOV101937,4,05-05-25
,MOV103768,3,04-21-20
U000266,MOV114993,3,06-14-23
U000935,MOV110852,5,06-06-19
U000001,MOV112797,2,02-01-25
U000022,MOV115664,2,09-12-23
U000002,MOV117793,4,09-03-17
U000004,MOV117066,2,11-30-21
U000870,MOV117950,5,09-21-23
U000433,MOV118035,5,01-22-19
U000002,MOV100016,4,04-18-20
U000001,MOV100006,,03-22-23
U000001,MOV119272,1,12-19-22
U000079,MOV118556,1,10-15-24
U000001,MOV100542,2,10-13-25
U000001,MOV103841,3,01-09-18
U000052,MOV118556,4,04-25-19
U000003,MOV101108,4,01-21-22
U000001,MOV107069,2,06-26-25
U000018,MOV100006,5,05-01-17
U000176,MOV100006,2,11-19-21
U000003,MOV110026,4,11-29-22
U000003,MOV113839,5,10-21-23
U000270,MOV100006,5,03-31-17
U000252,MOV119635,4,12-29-24
U000001,MOV109221,3,09-14-25
U001945,MOV119635,5,04-01-21
U000001,MOV119204,5,10-25-25
U000019,MOV105896,3,
U000002,MOV106966,2,01-18-25
U000061,MOV111211,4,12-30-19
U000002,MOV107671,2,05-14-22
U000005,MOV111671,4,03-24-24
U000005,MOV112061,5,12-22-25
U000249,MOV103605,3,07-06-17
U000199,MOV112136,3,08-27-24
U001844,MOV100006,4,06-10-19
U002449,MOV107909,3,06-08-19
U000113,MOV114784,5,06-07-25
U000152,MOV106296,1,06-23-17
U000307,MOV118988,2,10-02-23
U000067,MOV102058,4,07-15-24
U000003,MOV105661,5,08-19-24
U000004,MOV103147,4,01-25-24
U000008,MOV110262,4,01-30-21
U000002,MOV117066,5,10-24-25
U000001,MOV103258,5,12-13-25
U000005,MOV104002,5,10-06-18
U000010,MOV119272,2,11-11-18
U000007,MOV100006,3,07-02-18
U000003,MOV116967,3,01-19-25
U000001,MOV100557,3,11-17-23
U000009,MOV110828,3,03-22-23
U000006,MOV100006,4,08-09-17
U000070,MOV109221,4,07-25-17
U000131,MOV119202,4,02-27-23
,MOV106037,4,03-03-15
U000004,MOV100006,4,05-06-25
U000006,MOV100006,4,02-27-19
U000073,MOV100006,3,12-13-20
U000008,MOV104069,3,05-23-17
U000001,MOV108424,2,12-14-15
U000006,MOV117851,4,11-05-24
U000004,MOV101108,4,01-09-25
U000485,MOV100006,5,05-25-25
U000333,MOV109558,2,05-30-21
U000486,MOV110905,4,06-20-17
U000023,MOV108832,3,03-20-24
U000006,MOV100713,4,11-24-15
U000002,MOV117948,4,08-20-22
U000182,MOV114626,4,06-22-21
U000029,MOV110790,3,10-21-24
U000008,MOV109221,3,06-18-23
U000008,MOV115500,4,02-01-18
U000545,MOV108836,2,08-19-24
U000063,MOV105896,4,10-24-18
U000004,MOV115268,4,08-24-22
U000001,MOV105956,2,01-21-16
U000019,MOV111217,3,04-13-25
U000001,MOV118828,4,06-28-25
U000011,MOV100006,3,06-27-19
U000774,MOV102204,5,07-11-24
U002735,MOV110026,4,05-22-19
U000003,MOV119635,4,01-13-25
U000044,MOV107117,2,08-24-19
U000001,MOV109223,1,09-09-24
U000012,MOV100006,4,05-11-25
U000001,MOV113466,4,05-07-22
U000821,MOV101202,4,03-16-19
U000001,MOV106333,2,08-20-20
U000004,MOV104675,3,08-12-16
U000073,MOV103122,3,03-17-24
U000067,MOV114626,4,03-16-25
U000003,MOV100831,3,06-30-21
U000201,MOV102743,3,09-21-20
U000002,MOV111457,1,11-28-17
U000010,MOV106333,1,06-24-25
U000001,MOV102302,4,01-03-17
U000003,MOV116131,3,07-18-20
U000122,MOV114784,3,09-28-22
U000001,MOV116134,4,08-12-22
U000009,MOV113048,3,03-25-19
U000318,MOV106380,2,11-14-20
U000013,MOV118556,5,07-22-20
U000036,MOV113033,3,05-17-25
U000001,MOV114896,5,06-02-21
U000003,MOV100557,2,03-06-22
U000070,MOV100594,3,10-04-19
U000909,MOV102230,2,07-19-23
U000045,MOV109660,4,11-13-25
U000470,MOV109693,4,07-01-19
U000003,,4,09-21-25
U000008,MOV119635,2,11-05-24
U000003,MOV109221,5,09-28-25
U000003,MOV109748,1,11-18-24
U000287,MOV114371,4,11-14-18
U001150,MOV103605,4,11-04-21
U000013,MOV112232,2,08-25-19
U000027,MOV116710,3,02-12-20
U000003,MOV104768,3,02-04-23
U000001,MOV108794,4,07-03-20
U000017,MOV116399,3,10-25-17
U000162,MOV103252,5,01-16-20
U000556,MOV119635,2,07-05-25
U000001,MOV114993,3,06-23-20
U000023,MOV104768,4,
U000021,MOV111087,4,08-26-25
U000069,MOV106220,5,05-05-21
U000002,MOV104286,1,08-09-22
U000009,MOV103175,5,09-24-25
U000021,MOV100006,3,04-26-21
U001630,MOV111130,3,01-08-20
U000007,MOV107210,4,09-07-22
U000001,MOV100557,2,07-27-22
U001496,MOV110026,4,11-13-15
U000039,MOV119272,1,12-22-24
U000007,MOV113048,2,09-30-16
U000002,MOV105122,4,05-31-23
U001565,MOV107580,3,09-06-24
U000001,MOV107279,3,09-06-24
U000199,MOV103091,5,07-13-25
U000053,MOV114768,4,09-03-17
U000001,MOV116956,5,10-27-21
U003064,MOV116370,4,11-13-21
U000002,MOV118753,2,07-12-21
U000572,MOV105990,4,12-31-19
U000073,MOV106834,5,02-13-25
U000001,MOV102303,3,05-09-21
U000087,MOV118556,2,08-16-22
U000001,MOV105595,4,09-09-22
U000001,MOV105536,2,02-04-25
U000012,MOV113482,5,04-12-25
U000083,MOV111885,2,05-10-24
U000016,MOV110702,4,02-11-22
U000711,MOV110614,4,03-01-17
U000258,MOV104697,3,07-04-24
U000001,MOV117287,1,08-05-24
U000114,MOV101108,3,05-22-25
U000899,MOV114403,4,08-14-21
U000002,MOV114626,5,07-13-21
U000887,MOV117349,4,
U000005,MOV106458,2,05-02-21
U000115,MOV119150,3,10-03-22
U001877,MOV119635,4,07-22-23
U000010,MOV114626,2,11-10-23
U000004,MOV100006,4,10-26-23
U000025,MOV119272,4,03-17-16
U000001,MOV100006,3,04-21-22
U000001,MOV113152,2,11-23-19
U000312,MOV118828,4,09-28-25
U000003,MOV113734,4,06-22-17
U000010,MOV103605,4,08-03-25
U001582,MOV114424,2,02-11-25
U000015,MOV114873,4,01-22-25
U000002,MOV100713,3,08-29-16
U000001,MOV114626,3,01-14-23
U000001,MOV100812,4,08-07-23
U001486,MOV105990,4,10-15-25
U000129,MOV112797,3,01-12-25
U000005,MOV110345,5,03-21-19
U000108,MOV119635,3,10-13-21
U000005,MOV105990,4,02-24-25
U000309,MOV119559,3,09-24-25
U000005,MOV110790,3,02-05-24
U000030,MOV100006,3,07-24-25
U000003,MOV105990,3,01-01-25
U000012,MOV100006,4,09-01-24
U000002,MOV101108,4,12-10-25
U000001,MOV102460,4,08-06-21
U000279,MOV101027,2,03-11-25
U000013,MOV100557,4,02-18-19
U000011,MOV100006,4,02-16-22
U000134,MOV100504,4,02-07-20
U003918,MOV111392,5,10-22-21
U000001,MOV119635,5,11-28-16
U000002,MOV100006,5,06-21-25
U000028,MOV109602,4,10-08-25
U000001,MOV105339,4,04-25-25
U000003,MOV102061,4,09-16-18
U000002,MOV104742,,02-21-25
U000001,MOV107386,3,02-27-23
U000539,MOV103605,5,01-23-22
U000732,MOV100183,3,05-25-24
U000026,MOV105008,4,08-01-25
U000011,MOV100006,4,01-03-23
U000018,MOV108922,3,07-22-24
U000001,MOV105990,2,05-06-22
U000146,MOV106484,3,02-25-20
U000164,MOV104201,3,09-13-22
U000022,MOV103605,2,12-01-18
U000001,MOV116707,4,02-09-25
U000033,MOV109471,3,08-22-25
U000004,MOV100016,4,09-02-18
U002448,MOV100006,5,01-14-16
U000001,MOV102136,5,12-07-15
U000008,MOV104768,4,10-13-21
U000038,MOV109536,3,01-20-21
U000002,MOV119635,3,02-13-25
U000141,MOV104247,2,08-17-23
U002087,MOV100006,4,04-25-25
U001086,MOV101576,1,07-02-23
U000006,MOV112348,5,04-14-25
U000022,MOV114896,3,03-19-20
U000008,MOV100733,5,10-22-16
U000004,MOV109558,3,12-27-23
U003518,MOV100006,5,07-10-17
U004151,MOV111029,4,07-30-17
U000003,MOV113800,5,10-26-24
U000768,MOV104629,5,11-21-23
U000003,MOV100006,3,07-05-23
U000002,MOV111434,4,01-03-19
U000005,MOV117287,3,11-04-24
U000005,MOV119635,4,07-03-24
U000002,MOV115671,2,07-29-17
U000027,MOV116885,4,07-17-18
U000003,MOV119272,2,10-31-20
U000143,MOV103643,3,11-18-24
U000001,MOV114626,5,11-03-17
U000923,MOV100006,5,04-21-22
U000018,MOV109602,2,05-29-19
U004411,MOV116470,1,12-18-19
U000002,MOV115826,4,11-08-20
U003389,MOV114601,5,02-12-25
U000001,MOV117924,4,
U000844,MOV105990,5,06-26-25
U000031,MOV117827,2,10-27-18
U000001,MOV117812,2,07-25-20
U000001,MOV100006,4,11-08-23
U000014,MOV116379,2,11-13-21
U000002,MOV100006,4,04-19-21
U000031,MOV100006,3,
U000001,MOV100006,2,07-08-20
U000020,MOV109874,3,10-12-19
U001658,MOV112092,5,04-09-24
U000001,MOV104697,4,07-25-23
U000001,MOV112513,5,10-02-24
U000024,MOV100006,,09-05-25
U000009,MOV119635,3,08-13-24
U000085,MOV100880,3,11-14-17
U000001,MOV100006,5,05-15-24
U000002,MOV119635,5,07-01-25
U000011,MOV116710,1,07-05-21
U000050,MOV118374,2,02-19-24
U000001,MOV109152,3,09-03-23
U000003,MOV105896,4,07-12-25
U000001,MOV114993,3,05-09-19
U000005,MOV114430,5,12-30-25
U000004,MOV105077,1,11-19-25
U000001,MOV110475,4,07-29-17
U000016,MOV112097,4,12-05-23
U000002,MOV103028,,02-08-25
U000103,MOV102058,4,07-19-25
U000005,MOV114626,4,02-27-24
U003932,MOV112085,5,08-24-23
U000001,MOV108508,4,10-16-20
U000001,MOV111632,4,12-24-22
U000002,MOV113048,2,02-25-25
U000009,MOV103047,4,05-29-23
U003508,MOV105768,4,01-11-19
U000018,MOV118753,2,11-22-19
U000026,MOV106037,2,07-19-24
U000011,MOV100006,4,12-13-18
U000001,MOV117251,2,08-09-22
U000240,MOV105990,3,01-17-21
U000118,MOV107664,5,06-27-25
U000002,MOV114753,2,05-27-21
U000005,MOV110578,4,07-25-19
U000018,MOV109166,5,08-04-22
U000001,MOV117990,4,11-24-21
U000003,MOV100006,3,09-10-25
U000001,MOV118342,1,04-02-18
U000057,MOV103333,3,01-05-18
U000003,MOV109822,2,10-09-25
U000005,MOV107020,2,05-20-25
U000009,MOV102811,4,11-30-20
U000006,MOV106374,2,07-28-18
U000440,MOV107732,5,12-08-22
U000002,MOV114993,5,07-14-25
U000088,MOV109221,4,10-22-24
U000046,MOV100006,5,02-15-22
U000003,MOV104854,3,11-23-21
U000001,MOV114896,4,05-10-23
U003720,MOV119204,4,07-27-20
U000001,MOV103605,3,08-26-24
U000002,MOV107017,3,10-01-21
U000115,MOV102056,5,06-16-24
U000001,MOV110790,4,09-10-15
U000004,MOV111052,4,04-19-25
U000066,MOV117230,4,04-07-24
U000001,MOV100557,1,08-01-24
U000886,MOV119392,4,12-20-23
U000003,MOV113003,5,06-08-22
U000941,MOV103605,4,08-11-22
U000154,MOV102362,3,11-21-21
U000027,MOV105644,3,07-30-16
U000506,MOV101108,4,06-25-20
U000029,MOV113800,4,09-14-19
U000002,MOV110828,5,06-29-21
U000105,MOV101108,5,03-28-22
U000020,MOV114784,4,11-10-19
U000001,MOV100006,1,07-14-23
U000025,MOV107571,4,10-27-24
U000002,MOV119635,2,11-27-24
U000002,MOV111434,2,08-02-23
U000005,MOV114626,2,09-13-20
U000021,MOV104258,2,11-08-18
U000003,MOV115500,4,11-14-21
U000417,MOV118174,4,01-07-23
U000061,MOV100006,4,04-18-18
U000002,MOV107326,3,02-26-23
U000001,MOV111986,2,11-02-24
U000001,MOV100006,2,03-15-22
U000138,MOV100006,4,03-03-24
U000003,MOV119319,2,07-08-17
U000001,MOV105990,4,03-19-25
U000001,MOV109221,5,10-01-23
U000079,MOV117251,3,10-12-16
U000247,MOV101202,5,03-09-25
U000641,MOV111282,3,03-01-18
U000038,MOV112742,2,11-02-25
U000049,MOV117542,1,10-31-21
U000469,MOV110015,4,02-01-25
U000007,MOV105990,2,09-02-24
U000001,MOV100006,2,02-07-24
U000066,MOV107348,3,04-06-19
U000001,MOV110828,3,01-15-25
U000002,MOV106689,2,04-25-19
U000037,MOV100006,4,04-22-23
U000001,MOV105990,2,07-06-22
U002066,MOV110026,4,02-23-19
U000002,MOV111034,4,08-14-25
U000001,MOV108474,3,04-07-25
U000006,MOV101922,3,06-01-23
U000001,MOV116495,5,10-28-17
U000004,MOV100208,4,01-06-22
U000002,MOV114784,5,06-13-22
U000001,MOV114993,5,05-25-25
U000156,MOV106689,4,12-08-19
U000132,MOV112953,1,04-25-25
U002580,MOV119635,4,06-30-23
U000002,MOV112562,1,03-27-25
U000089,MOV112085,3,05-20-19
U000181,MOV102189,4,10-05-25
U000112,MOV100006,4,10-04-15
U000438,MOV101108,4,05-02-21
U000181,MOV111135,4,10-28-25
U003460,MOV112065,5,05-25-25
U004281,MOV119186,3,11-18-25
U000020,MOV112513,4,03-02-23
U000014,MOV112395,4,08-27-21
U001952,MOV107888,4,09-04-18
U000002,MOV101202,2,06-20-25
U000843,MOV113766,4,12-23-24
U000137,MOV105317,5,04-20-23
U001001,MOV105990,4,10-03-18
U000861,MOV114601,5,11-23-19
U000001,MOV100609,3,12-14-25
U000001,MOV105990,4,06-07-23
U000001,MOV105896,3,08-22-22
U000011,MOV100006,5,03-15-24
U000002,MOV116142,5,07-13-19
U000001,MOV118410,4,02-06-21
U000004,MOV108506,4,07-08-25
U000002,MOV116181,4,02-03-23
U000001,MOV118556,3,01-09-24
U000041,MOV106689,4,09-26-20
,MOV109897,4,
U000001,MOV118145,5,12-16-22
U000300,MOV100006,5,08-26-23
U000029,MOV119635,4,04-04-25
U004461,MOV114909,3,04-10-15
U000052,MOV102500,2,04-11-18
U000002,MOV104111,3,08-19-15
U001297,MOV119272,4,02-19-20
U000377,MOV116686,3,
U002993,MOV112147,4,01-10-22
U000021,MOV100006,3,01-28-21
U000041,MOV100006,4,01-31-25
U000097,MOV119204,2,08-04-25
U000003,MOV109759,4,10-15-25
U000001,MOV116308,4,12-18-15
U000003,MOV109913,5,11-11-21
U004434,MOV100006,4,05-20-25
U004060,MOV114993,2,11-28-25
U000022,MOV112147,1,01-14-25
U000003,MOV104768,2,01-25-24
U000080,MOV116181,3,08-20-17
U000005,MOV119635,3,02-01-23
U000001,MOV114626,3,02-06-20
U000003,MOV117949,4,03-13-25
U000001,MOV105990,5,11-23-22
U000087,MOV101838,5,05-27-22
U000017,MOV102679,5,01-27-24
U000001,MOV108836,5,09-20-23
U000018,MOV112232,3,04-07-25
U000001,MOV103512,4,01-06-25
U000067,MOV118120,4,12-10-25
U000341,MOV112513,5,
U000002,MOV109340,3,05-12-20
U000001,MOV116144,4,07-03-25
U000009,MOV118510,5,12-27-25
U000002,MOV105990,4,03-19-24
U000134,MOV100006,4,11-18-21
U000001,MOV118062,1,05-23-19
U000008,MOV111434,4,09-01-18
U001904,MOV100006,2,05-09-24
U000001,MOV116181,4,06-19-25
U000018,MOV114626,3,04-21-25
U000001,MOV119635,5,06-04-24
U000021,MOV110866,3,02-22-20
U000004,MOV112232,5,10-19-25
U000001,MOV106689,4,06-21-18
U000002,MOV114018,4,01-13-19
U002088,MOV109340,4,08-16-25
U000001,MOV109524,4,10-17-24
U000003,MOV111769,3,01-11-20
U000060,MOV102473,3,02-28-23
U000001,MOV118828,4,01-19-24
U000006,MOV110193,1,12-09-24
U000018,MOV105990,4,06-10-24
U000001,MOV119635,3,10-12-24
U000001,MOV103125,4,02-07-18
U000043,MOV107992,4,03-12-20
U000002,MOV114896,3,11-27-18
U000285,MOV108424,5,06-03-23
U000002,MOV100006,3,04-01-16
U000877,MOV102729,3,03-05-23
U000041,MOV100006,4,05-03-25
U000001,MOV119204,2,09-01-24
U000080,MOV108791,4,03-08-21
U002520,MOV100006,5,12-20-23
U000004,MOV119635,5,09-21-24
U000001,MOV100006,4,02-26-24
U000001,MOV107772,4,10-04-24
U000004,MOV119635,4,02-05-21
U001784,MOV112132,2,09-02-23
U000008,MOV118200,5,09-11-22
U000002,MOV108836,3,11-17-22
U000375,MOV111300,5,01-16-23
U000154,MOV105990,2,10-06-20
U000003,MOV113884,5,03-17-21
U000001,MOV100006,2,12-02-22
U000035,,4,10-04-22
U000032,MOV104429,2,01-26-18
U000018,MOV100557,5,06-26-24
U000071,MOV110790,4,12-21-23
U000003,MOV107827,5,01-19-19
U000001,MOV119635,3,09-02-24
U001654,MOV116470,4,03-28-24
U000002,MOV118439,3,02-14-23
U000025,MOV100006,5,02-28-16
U000688,MOV119425,3,01-05-25
U000027,MOV111513,1,01-13-25
U000039,MOV116181,1,04-21-24
U000035,MOV111994,1,09-12-20
U000034,MOV100006,5,10-08-23
U000001,MOV105990,3,10-04-18
U000015,MOV119635,4,01-30-24
U000001,MOV113766,4,03-21-24
U000002,MOV106037,3,06-10-23
U000228,MOV113800,4,09-21-23
U000020,MOV100006,2,08-30-22
U000016,MOV101108,2,12-31-19
U000139,MOV101853,4,03-10-25
U000003,MOV119164,4,08-07-24
U000164,MOV105990,2,10-12-24
U000080,MOV118753,4,05-05-17
U000133,MOV119635,3,01-09-20
U000542,MOV108419,3,06-30-25
U000271,MOV100006,2,03-06-21
U001773,MOV109558,3,02-20-19
U000002,MOV118709,4,07-17-19
U000209,MOV115637,3,02-02-25
U000158,MOV101108,4,10-22-25
U000002,MOV114626,4,10-31-15
U000001,MOV118612,3,10-24-23
U000001,MOV101338,4,09-23-18
U000002,MOV102303,4,07-05-22
U000343,MOV100006,3,02-28-25
U000012,MOV119635,4,07-19-24
U000001,MOV111885,3,01-29-24
U000002,MOV112694,3,
U000002,MOV111324,3,01-28-25
U000003,MOV119635,3,11-02-21
U000001,MOV119635,4,06-01-17
U000010,MOV100006,4,10-15-19
U000232,MOV100006,4,11-12-17
U000004,MOV100006,4,11-20-23
U000019,MOV101821,4,01-30-20
U000002,MOV111034,2,05-03-25
U000065,MOV118556,3,02-13-17
U000390,MOV103122,3,04-01-22
U000921,MOV100006,1,09-09-22
U000001,MOV112232,4,06-15-21
U000890,MOV100006,3,04-17-21
U000001,MOV119635,3,11-19-21
U000071,MOV105916,4,04-15-25
U001076,MOV108973,5,02-04-19
U000030,MOV108863,3,03-31-18
U000024,MOV119799,4,01-08-22
U000014,MOV112272,2,04-01-17
U000011,MOV103651,4,02-23-20
U000007,MOV100006,3,06-08-15
U000031,MOV103940,3,08-03-18
U000286,MOV114567,4,08-09-23
U000001,MOV109602,3,02-03-21
U000001,MOV105990,5,11-13-25
U000001,MOV102303,5,05-31-24
U000003,MOV118813,5,04-09-15
U000467,MOV106710,1,09-03-25
U000083,MOV119635,4,10-09-25
U000006,MOV111188,2,03-09-22
U000124,MOV115236,4,05-30-25
U000006,MOV100006,4,04-14-23
U000009,MOV109221,5,01-24-25
U000031,MOV114626,3,11-15-23
U000063,MOV101361,4,10-13-19
U000010,MOV115356,4,01-05-25
U000001,MOV101871,5,05-25-25
U000032,MOV103610,2,06-09-16
U000002,MOV116203,4,01-08-21
U004084,MOV109221,3,04-12-24
U000740,MOV110828,3,06-07-17
U000002,MOV113986,5,07-05-16
U000006,MOV100831,3,12-21-25
U000013,MOV105990,4,05-24-22
U004166,MOV109140,4,03-07-25
U000137,MOV100006,4,08-07-20
U000001,MOV110475,5,03-18-25
U000001,MOV114784,5,10-21-23
U000240,MOV119272,3,05-15-20
U000002,MOV100006,4,09-09-25
U000446,MOV100006,4,02-23-23
U000003,MOV110475,3,07-19-23
U000096,MOV105896,4,02-03-25
U000001,MOV118556,3,11-01-20
U000021,MOV110828,3,07-13-20
U000002,MOV102123,4,02-15-20
U000006,MOV119635,4,06-01-25
U000001,MOV113099,5,05-23-16
U002364,MOV101084,1,07-22-20
U000005,MOV112072,5,02-23-25
U000007,MOV113048,2,07-16-25
U000007,MOV119635,3,02-03-25
U000006,MOV116684,4,10-20-21
U000003,MOV106037,3,06-27-23
U000827,MOV119635,4,04-29-21
U000042,MOV110026,3,08-07-21
U000012,MOV110859,5,04-20-20
U000042,MOV114257,2,07-24-24
U000076,MOV119635,5,02-02-16
U000007,MOV105482,4,10-17-24
U000060,MOV104138,3,06-26-25
U001282,MOV119272,4,11-06-24
U001377,MOV119635,3,04-21-25
U000404,MOV114784,4,08-07-19
U000001,MOV110026,4,05-14-23
U000001,MOV100006,2,08-20-25
U000002,MOV105482,5,06-19-21
U000107,MOV114470,1,04-09-19
U001865,MOV107070,2,09-23-20
U000012,MOV118545,4,
U000144,MOV100006,4,10-01-17
U000064,MOV117615,3,06-26-24
U000001,MOV109910,2,12-04-19
U000002,MOV117251,4,08-05-24
U000004,MOV100899,4,10-12-22
U000022,MOV100006,4,08-27-25
U000785,MOV104118,5,02-06-24
U000015,MOV113279,1,03-29-23
U000012,MOV118500,4,01-02-25
U001180,MOV100006,4,03-07-19
U000007,MOV100006,3,06-15-24
U000260,MOV101108,4,09-09-24
U000138,MOV117251,3,05-27-21
U000001,MOV110262,4,09-07-19
U000001,MOV105764,4,07-16-20
U000042,MOV115817,2,09-07-20
U000001,MOV100006,1,01-02-21
U000031,MOV100006,4,12-19-24
U000010,MOV113766,5,12-06-20
U000008,MOV112106,4,07-10-19
U000022,MOV100006,3,07-29-24
U000082,MOV106689,4,12-24-25
U000037,MOV111159,5,12-02-24
U000001,MOV107755,4,11-02-23
U000285,MOV109221,3,06-05-25
U000340,MOV110790,4,09-03-20
U000001,MOV117251,1,03-07-25
U000016,MOV105990,3,03-26-21
U000026,MOV113800,4,12-28-21
U000004,MOV106167,3,08-06-20
U000003,MOV111574,4,09-15-25
U004227,MOV100006,4,08-29-18
U000184,MOV112232,4,11-25-25
U000016,MOV109280,3,01-14-25
U000012,MOV109221,3,10-31-25
U000317,MOV101361,5,08-26-25
U002168,MOV109660,3,06-26-21
U000002,MOV107772,,08-04-16
U000496,MOV112484,4,04-10-20
U000001,MOV114993,5,12-27-25
U000212,MOV106834,4,03-03-20
U000001,MOV105644,2,10-25-15
U000001,MOV110828,3,04-12-23
U000005,MOV116956,4,02-16-20
U000105,MOV113418,,10-08-21
U000011,MOV119635,,02-19-21
U000004,MOV107491,3,07-31-20
U000006,MOV118398,5,12-11-25
U000008,MOV117066,4,03-10-15
U000207,MOV111434,3,10-10-21
U000005,MOV119593,5,04-23-23
U000008,MOV108047,5,04-15-25
U000005,MOV108419,4,06-25-16
U000067,MOV112218,1,09-02-21
U002522,MOV104711,2,08-22-21
U000003,MOV100006,3,02-07-22
U000001,MOV113627,4,10-15-24
U000015,MOV115268,2,04-06-23
U000577,MOV119635,3,01-31-18
U000021,MOV119779,3,05-27-17
U000013,MOV105536,5,02-22-23
U000010,MOV107386,5,11-23-24
U000007,MOV100006,3,04-06-18
U000020,MOV100006,5,01-26-25
U000422,MOV119799,3,07-18-16
U000002,MOV106380,4,08-29-22
U000001,MOV107678,1,07-31-24
U000009,MOV100006,5,06-01-25
U000161,MOV114424,1,08-24-17
U000089,MOV100006,2,08-26-22
U000054,MOV112232,4,02-16-23
U000002,MOV119635,2,10-27-25
U000001,MOV110506,3,09-28-19
U000004,MOV106321,3,11-23-21
U000001,MOV119635,4,01-20-20
U000001,MOV105990,1,06-05-23
U000105,MOV119635,5,10-16-18
U000001,MOV101871,5,01-23-24
U000025,MOV100006,3,04-06-21
U000110,MOV109221,4,07-04-19
U001735,MOV114298,3,07-22-23
U000006,MOV119635,3,11-30-15
U000536,MOV110790,4,09-26-21
U000007,MOV107303,3,11-18-22
U000001,MOV103610,2,09-21-21
U000011,MOV110790,4,01-20-23
U000002,MOV100006,5,10-24-22
U000061,MOV111434,4,09-04-23
U001190,MOV112632,5,12-14-23
U001723,MOV100006,3,11-01-20
U000001,MOV115949,4,09-05-16
U000444,MOV109166,5,01-19-18
U000051,MOV103660,4,09-19-24
U000165,MOV100006,5,10-27-25
U000001,MOV109221,5,10-25-17
U000001,MOV119272,4,12-18-19
U000005,MOV119635,4,09-21-19
U000001,MOV109221,4,04-07-15
U000001,MOV107961,4,05-01-18
U000009,MOV114626,5,09-01-21
U000001,MOV119635,2,07-15-23
U000014,MOV102095,5,07-23-22
U000002,MOV105990,3,05-05-22
U000001,MOV110475,3,08-06-21
U000001,MOV118945,1,12-27-17
U000010,MOV113766,4,01-11-18
U000018,MOV114626,3,06-05-22
U000480,MOV119826,4,01-05-18
U000010,MOV112016,5,06-17-24
U000156,MOV100006,5,02-24-24
U000002,MOV110026,4,02-04-20
U000046,MOV103334,4,11-05-18
U000050,MOV100006,4,07-23-18
U000001,MOV100006,5,01-09-17
U000005,MOV113495,5,02-24-20
U001845,MOV119635,4,06-01-22
U000005,MOV100754,4,12-31-24
U000015,MOV116663,4,05-28-24
U000002,MOV100006,4,02-28-15
U000002,MOV119272,4,02-18-23
U000010,MOV110262,2,05-15-21
U000001,MOV115324,4,10-20-25
U000091,MOV100006,3,03-20-20
U000001,MOV110409,3,04-10-25
U000003,MOV119433,2,04-25-18
U000019,MOV113048,2,05-13-21
U000002,MOV111434,4,09-13-25
U000399,MOV105764,3,07-21-23
U000353,MOV110790,3,04-27-19
U000089,MOV114138,4,08-29-25
U000001,MOV100342,3,10-21-25
U000002,MOV110828,4,02-08-23
U000002,MOV119204,4,07-15-25
U000010,MOV101084,1,06-08-19
U000043,MOV109795,3,06-13-19
U000008,MOV100006,3,11-11-25
U000008,MOV111373,2,09-01-21
U000004,MOV101108,3,12-26-25
U000051,MOV100006,4,07-10-25
U000279,MOV103605,4,11-01-23
U000003,MOV103605,4,08-11-25
U000626,MOV100006,5,02-23-21
U000001,MOV118548,4,08-21-22
U000561,MOV114629,4,07-19-18
U000001,MOV116787,2,08-23-19
U000004,MOV105990,5,11-13-24
U000002,MOV103564,5,12-17-25
U000058,MOV104270,3,02-09-22
U000030,MOV115789,4,06-22-25
U001430,MOV107674,3,10-24-21
U000001,MOV111300,4,05-20-19
U000004,MOV119272,4,02-14-25
U000106,MOV110262,5,08-05-23
U000004,MOV100006,3,09-27-23
U000027,MOV119635,4,08-15-24
U000001,MOV119272,1,10-20-19
U000128,MOV119635,4,02-18-19
U000002,MOV102285,4,12-07-23
U000001,MOV103610,4,12-26-25
U000003,MOV100016,2,10-25-15
U000003,MOV105990,2,04-25-21
U000002,MOV104975,5,09-23-20
U002559,MOV100006,3,04-30-21
U000050,MOV116741,2,11-29-19
U000001,MOV107386,4,08-31-16
U000001,MOV100006,,08-23-22
U000002,MOV100006,3,02-03-25
U000001,MOV112232,5,09-01-23
U000203,MOV100006,2,08-23-17
U000190,MOV119635,4,01-03-16
U000366,MOV119204,3,03-21-25
U000001,MOV111134,3,07-11-23
U000083,MOV110558,5,05-21-21
U000031,MOV109488,4,04-12-15
U000015,MOV110790,5,08-19-20
U000001,MOV111962,3,06-30-23
U000035,MOV110828,3,08-17-22
U000005,MOV118556,4,02-08-21
U000081,MOV108774,5,04-13-25
U000798,MOV114626,5,11-23-25
U000020,MOV119635,4,12-01-24
U000498,MOV102718,4,09-30-25
U000079,MOV110790,1,08-19-23
U000107,MOV114391,5,07-12-16
U002220,MOV113949,4,06-09-17
U000001,MOV100006,4,11-17-18
U003201,MOV101209,5,12-08-20
U000002,MOV112545,5,12-12-22
U000001,MOV104768,3,09-24-25
U000144,MOV100899,4,11-21-17
U000069,MOV112232,4,07-30-25
U000002,MOV119635,3,08-31-22
U000008,MOV114608,3,03-02-20
U000001,MOV114755,5,02-15-25
U000003,MOV113560,5,03-15-20
U000001,MOV106496,5,02-14-23
U000328,MOV117899,3,03-23-19
U000101,MOV104768,3,10-04-21
U000023,MOV114626,4,02-16-24
U000149,MOV116710,4,05-03-23
U002413,MOV110262,5,06-24-19
U000012,MOV119186,5,02-17-18
U000001,MOV119635,4,01-02-20
U000004,MOV102552,2,03-20-19
U000001,MOV100006,5,02-10-19
U001801,MOV105308,5,12-29-18
U000001,MOV105764,1,02-06-24
U000004,MOV105990,5,10-18-23
U001515,MOV119635,2,10-12-17
U000126,MOV112232,4,12-16-22
U004106,MOV119635,4,04-25-25
U000008,MOV117367,1,02-13-18
U000005,MOV110828,4,02-18-21
U000004,MOV114601,5,02-23-25
U001007,MOV119186,5,07-11-20
U000035,MOV103605,4,05-09-24
U000001,MOV114896,4,08-09-17
U000712,MOV113563,1,08-26-23
U000163,MOV118828,4,06-03-21
U000002,MOV117851,3,09-23-25
U001737,MOV101922,3,09-17-25
U000042,MOV119272,4,10-04-25
U000001,MOV111434,3,06-03-16
U000001,MOV104752,1,12-31-22
U000001,MOV110026,4,05-02-21
U000014,MOV119635,4,01-29-22
U000038,MOV102761,4,05-21-18
U001585,MOV100006,1,08-26-20
U000001,MOV105990,1,02-28-25
U000007,MOV111671,4,11-23-17
U000005,MOV114626,2,04-30-25
U000002,MOV119635,3,10-06-18
U000001,MOV100006,4,09-06-21
U004424,MOV114626,3,08-28-25
U000001,MOV100006,5,08-13-22
U000006,MOV108974,3,11-23-20
U000140,MOV115420,1,10-26-15
U000001,MOV112981,3,08-27-22
U000955,MOV118510,4,09-01-22
U000015,MOV118167,5,03-12-25
U000003,MOV108162,4,11-18-19
U000010,MOV117251,4,07-17-23
U000002,MOV112232,3,05-21-19
U000005,MOV101188,3,05-27-25
U000009,MOV116580,4,03-08-23
U000049,MOV106037,4,11-24-18
U000062,MOV100006,4,10-25-24
U000006,MOV105077,4,02-07-15
U000015,MOV119635,3,09-18-21
U000007,MOV100006,3,05-11-25
U000004,MOV100006,2,09-16-20
U000543,MOV100006,4,07-07-19
U000007,MOV100006,3,09-28-18
U000006,MOV101849,5,11-09-23
U000719,MOV109785,4,10-09-25
U000003,MOV106458,3,11-14-22
U000006,MOV119272,5,11-12-24
U000037,MOV104499,3,02-01-24
U000001,MOV110467,5,02-21-17
U000380,MOV113917,4,08-10-21
U000339,MOV111159,3,02-26-25
U000008,MOV113766,4,09-29-23
U000003,MOV101362,4,12-10-21
U000002,MOV117948,5,10-12-22
U000001,MOV113132,1,06-18-24
U000001,MOV105644,4,05-18-22
U000378,MOV105228,4,05-23-25
U000002,MOV100006,5,11-06-23
U000002,MOV101500,4,11-21-24
U000001,MOV119475,4,09-09-25
U000003,MOV113381,3,12-27-18
U000004,MOV119272,4,01-01-17
U000021,MOV113048,4,02-28-21
U000061,MOV113766,3,12-26-25
U000005,MOV104768,4,09-06-17
U000001,MOV115312,3,10-04-24
U000003,MOV101202,3,07-17-25
U000004,MOV110026,1,05-21-24
U000001,MOV103339,4,11-08-22
U000016,MOV118974,4,05-16-18
U000001,MOV111034,5,05-13-25
U000009,MOV113436,4,09-09-24
U000001,MOV115746,4,07-11-20
U000175,MOV111203,3,04-28-15
U000235,MOV119004,5,11-06-22
U000001,MOV102448,5,07-02-15
U000002,MOV100006,3,01-30-25
U000111,MOV102166,5,08-18-22
U000022,MOV112919,3,06-27-18
U000091,MOV111595,2,03-09-21
U000019,MOV110026,4,12-04-25
U000694,MOV119660,4,11-11-25
U000012,MOV114993,5,08-17-24
U000001,MOV112759,2,01-04-24
U001845,MOV109221,5,12-17-22
U001697,MOV110238,3,11-20-22
U000001,MOV113048,4,07-29-25
U002221,MOV115212,2,02-24-24
U004175,MOV107257,4,07-08-18
U000002,MOV100432,5,02-16-19
U000005,MOV119635,4,04-28-25
U000008,MOV107948,2,08-12-18
U000003,MOV100006,4,05-22-25
U000031,MOV115158,5,10-09-25
U000004,MOV118537,3,05-29-15
U000005,MOV117255,5,10-06-23
U000008,MOV116710,3,01-10-20
U000077,MOV107814,3,12-19-21
U000002,MOV115644,5,07-07-25
U000069,MOV100006,5,06-05-23
U000001,MOV105990,4,05-25-24
U000003,MOV100981,2,11-06-20
U002238,MOV111724,4,09-11-18
U000006,MOV100006,3,05-24-22
U000023,MOV116710,3,08-25-23
U000002,MOV118209,4,04-30-25
U000033,MOV105896,4,09-05-25
U000093,MOV100006,3,04-05-25
U000006,MOV110699,4,11-02-21
U000001,MOV100006,5,08-03-21
U000095,MOV116131,3,12-17-24
U000002,MOV117948,5,11-12-22
U000001,MOV102666,2,11-25-24
U000001,MOV100006,4,10-27-24
U000001,MOV111034,5,04-17-25
U000245,MOV103605,5,09-05-25
U000003,MOV119204,2,12-24-18
U000006,MOV100006,4,09-19-20
U000011,MOV114626,3,08-19-24
U000068,MOV119272,4,05-14-24
U001911,MOV111179,5,05-03-25
U000001,MOV101108,5,09-05-25
U000542,MOV103610,3,
U000016,MOV106037,4,08-30-20
U000002,MOV116710,4,08-24-18
U000015,MOV110475,4,08-14-23
U000007,MOV100006,4,08-05-18
U000643,MOV118120,4,10-13-15
U000001,MOV114797,3,05-18-24
U000022,MOV101047,2,11-04-17
U000002,MOV109056,3,07-14-18
U000917,MOV114784,3,11-04-22
U000136,MOV110790,4,10-06-21
U000002,MOV100006,4,10-21-25
U000030,MOV101202,4,01-16-17
U000021,MOV105990,4,05-08-23
U000802,MOV109221,2,06-08-19
U000071,MOV100006,5,12-11-25
U002172,MOV100006,3,06-30-23
U000021,MOV105583,,07-25-25
U000040,MOV100557,2,02-18-21
U000001,MOV100006,5,09-26-20
U000239,MOV101756,4,05-03-23
U000214,MOV114626,1,
U000003,MOV100614,3,08-08-20
U002710,MOV108026,5,05-28-20
U000003,MOV113048,3,12-08-19
U000100,MOV100006,2,04-02-22
U000001,MOV105990,4,12-24-20
U000002,MOV110828,2,04-03-19
U000003,MOV118745,4,03-20-25
U000156,MOV100006,4,11-27-21
U000001,MOV100006,3,06-13-18
U000002,MOV119272,2,11-22-19
U000002,MOV106689,5,01-09-20
U000006,MOV109166,4,05-20-25
U000001,MOV112232,3,07-30-21
U000028,MOV113536,2,04-08-21
U000001,MOV115523,3,07-18-18
U000036,MOV116131,1,11-10-25
U000009,MOV105990,5,08-19-20
U000472,MOV101539,4,02-28-15
U000054,MOV111451,3,02-20-23
U000001,MOV106739,3,12-23-20
U000114,MOV109637,3,01-24-25
U000004,MOV100006,2,11-05-22
U000024,MOV118556,1,10-14-24
U000003,MOV101840,4,08-18-25
U000046,MOV100006,2,05-16-24
U000029,MOV100831,5,08-30-17
U001035,MOV105990,5,09-07-22
U000126,MOV100208,3,05-27-25
U000006,MOV100557,4,08-06-17
U000152,MOV102087,3,03-01-15
U000017,MOV110026,4,
U000006,MOV100006,4,10-22-19
U000006,MOV112525,4,11-03-25
U000003,MOV101136,4,09-21-23
U000001,MOV105990,4,07-28-22
U000002,MOV109826,3,09-09-19
U000033,MOV118401,5,12-18-19
U000003,MOV111029,4,10-27-25
U000121,MOV105994,4,10-11-23
U000006,MOV114755,4,06-22-20
U000050,MOV104109,3,08-06-20
U003706,MOV101108,4,02-27-23
U000162,MOV105990,5,09-29-18
U003567,MOV119204,1,12-05-21
U000003,MOV101202,2,06-15-23
U000270,MOV100006,2,06-04-24
U000002,MOV100006,4,10-13-24
U000004,MOV105990,1,
U000003,MOV105896,5,03-12-25
U000001,MOV104286,1,02-23-25
U000001,MOV113008,1,03-02-19
U000656,MOV104768,3,12-26-15
U000023,MOV111159,5,11-30-22
U000020,MOV117699,4,03-02-25
U000134,MOV109340,4,06-03-23
U000004,MOV106539,4,11-13-20
U000124,MOV119272,5,04-12-25
U000898,MOV110790,3,06-20-24
U000041,MOV100839,4,03-17-24
U000895,MOV119635,3,10-05-25
U000023,MOV118665,4,09-30-25
U000001,MOV119635,3,09-20-25
U001620,MOV119635,3,08-08-18
U000119,MOV105805,5,07-11-20
U000089,MOV106220,3,10-31-23
U000058,MOV104102,3,06-03-17
U000092,MOV111472,4,04-10-20
U000074,MOV100006,5,01-28-23
U000006,MOV117599,2,04-03-21
U000416,MOV100006,4,05-07-24
U000003,MOV106025,5,08-21-24
U000953,MOV101108,4,08-05-25
U002640,MOV105644,3,07-14-25
U000002,MOV116580,3,10-29-22
U000084,MOV119635,4,04-16-25
U000005,MOV105990,3,10-20-17
U000190,MOV100006,4,03-11-23
U000001,MOV108506,5,11-14-22
U000001,MOV112358,4,03-08-17
U000001,MOV119272,4,05-05-23
U000029,MOV109221,5,12-31-21
U000004,MOV109536,3,12-08-22
U000010,MOV100006,5,01-10-17
U000321,MOV114626,4,12-23-23
U000943,MOV101562,4,01-17-21
U000010,MOV100006,4,08-14-22
U000332,MOV109748,3,11-06-25
U000049,MOV119272,3,10-08-23
U000258,MOV101202,2,05-21-25
U000003,MOV103610,3,09-16-25
U000009,MOV104697,4,02-08-22
U000004,MOV102745,4,11-18-25
U000693,MOV100006,3,10-03-24
U000001,MOV115413,3,03-24-17
U000029,MOV119150,5,04-25-25
U000001,MOV114570,3,
U000340,MOV109414,5,09-08-19
U000331,MOV100006,5,02-06-20
U000056,MOV100006,3,01-16-22
U000038,MOV117948,2,01-06-22
U000001,MOV119204,5,05-23-16
U000002,MOV109748,4,09-20-19
U000005,MOV103610,5,04-25-25
U000003,MOV119635,3,03-15-20
U000003,MOV100006,3,06-03-24
U000004,MOV108133,5,05-13-17
U000008,MOV110304,5,02-03-24
U000004,MOV110828,2,10-12-24
U001980,MOV105673,3,07-07-20
U000296,MOV100208,4,07-24-20
U000202,MOV108419,3,06-24-18
U000011,MOV116741,1,06-06-25
U000010,MOV103605,4,07-06-23
U000005,MOV113048,1,05-01-24
U002857,MOV119272,3,09-25-17
U000546,MOV100754,4,01-22-25
U000003,MOV114993,3,07-13-23
U000007,MOV100006,5,11-02-18
U000002,MOV117633,5,06-18-16
U000001,MOV105990,1,01-18-21
U000001,MOV102358,2,05-05-23
U000004,MOV105614,1,05-09-24
U000001,MOV104768,4,08-22-25
U000119,MOV116549,4,04-22-25
U000008,MOV102303,4,11-01-18
U000005,MOV101756,5,06-02-25
U000002,MOV119635,5,05-13-22
U000442,MOV105990,3,06-28-24
U000013,MOV105990,3,08-21-23
U000069,MOV100006,5,04-12-18
U000008,MOV105865,3,
U000024,MOV100006,2,02-19-24
U000001,MOV100006,4,05-27-25
U000103,MOV113656,3,05-13-19
U000001,MOV118556,4,03-03-20
U000005,MOV100006,2,12-27-22
U000017,MOV117349,4,09-23-18
U000002,MOV109221,4,06-08-19
U000080,MOV119635,4,10-24-19
U000014,MOV118510,5,07-28-25
U000433,MOV105990,3,04-19-24
U000009,MOV104337,3,05-08-24
U000007,MOV101108,3,05-30-20
U000004,MOV114626,4,03-06-24
U000013,MOV100006,2,10-18-19
U000007,MOV118089,4,08-15-20
U000003,MOV109166,1,01-19-24
U000187,MOV118988,3,11-24-24
U000001,MOV100006,3,10-28-22
,MOV101108,1,04-30-25
U000009,MOV110026,1,10-30-25
U000008,MOV104768,3,07-01-24
U001881,MOV114755,1,03-20-23
U001389,MOV119635,5,10-27-21
U000001,MOV101150,1,03-20-25
U000015,MOV100006,2,03-18-23
U000001,MOV115385,1,03-14-20
U000011,MOV109933,4,12-19-18
U000952,MOV119635,5,06-28-25
U000005,MOV110995,4,03-11-24
U000215,MOV102346,5,07-02-21
U000004,MOV119204,2,07-15-23
U000001,MOV105990,2,10-14-25
U000001,MOV109269,1,10-16-19
U000287,MOV113496,3,10-06-23
U000137,MOV112272,2,01-02-21
U000372,MOV107846,4,08-16-25
U000032,MOV105644,2,02-03-20
U000040,MOV118556,4,11-16-17
U000001,MOV100006,2,03-10-23
U000008,MOV113223,3,
U000001,MOV119592,4,10-27-18
U000023,MOV114626,4,10-01-25
U000002,MOV101108,2,08-08-19
U000002,MOV100006,5,05-31-24
U000001,MOV106037,4,05-29-17
U000001,MOV101108,4,09-29-24
U000001,MOV100006,4,11-11-24
U000113,MOV100006,2,07-09-25
U000565,MOV119672,4,10-28-18
U000177,MOV119635,4,12-25-23
U001050,MOV113876,3,09-04-25
U000045,MOV110790,5,05-24-21
U000011,MOV113223,4,05-07-15
U000009,MOV107347,4,12-26-20
U000150,MOV100006,5,11-16-21
U000020,MOV109874,5,09-22-23
U000002,MOV102285,4,
U000045,MOV105968,5,01-13-25
U000075,MOV100557,1,09-27-21
U000001,MOV110480,4,06-20-25
U000010,MOV119635,4,12-24-24
U000300,MOV100006,5,06-02-25
U000002,MOV114626,4,08-19-24
U000091,MOV109602,5,11-10-18
U000001,MOV118159,4,10-10-25
U000001,MOV109874,1,07-09-22
U000002,MOV119635,4,12-04-22
U001964,MOV111407,4,02-07-18
U000008,MOV112114,2,03-15-21
U000078,MOV101501,3,04-09-24
U000012,MOV104601,3,01-05-24
U000009,MOV101108,3,10-20-21
U000002,MOV104697,3,09-30-20
U000001,MOV101108,1,11-01-24
U000002,MOV103836,1,07-26-21
U000001,MOV100006,4,04-24-24
U000896,MOV107348,3,09-02-19
U000005,MOV100006,4,11-02-25
U000341,MOV110026,5,09-25-24
U000045,MOV114896,4,04-17-23
U000005,MOV105990,3,01-01-17
U000751,MOV103721,4,01-26-24
U000007,MOV111434,4,04-07-21
U000001,MOV115762,4,08-16-20
U000309,MOV105990,3,03-31-24
U001086,MOV119272,3,03-11-23
U000027,MOV101027,5,03-05-20
U000003,MOV119635,4,01-31-21
U000002,MOV113048,3,01-22-25
U000001,MOV105438,2,11-08-24
U000001,MOV100006,4,07-10-21
U000030,MOV100006,4,05-15-23
U000009,MOV119204,4,05-28-16
U000007,MOV108419,4,08-24-25
U000013,MOV100006,3,05-22-25
U000004,MOV100006,3,05-05-22
U000022,MOV105896,5,10-11-23
U000832,MOV114993,3,08-27-20
U000105,MOV100006,3,01-01-20
U000035,MOV108642,2,09-26-25
U000001,MOV109869,3,03-17-21
U000007,MOV101681,4,12-04-16
U000016,MOV114993,4,05-15-24
U000002,MOV102303,3,03-28-25
U002956,MOV115420,5,04-20-23
U000255,MOV105438,2,08-07-24
U000314,MOV115868,4,08-10-25
U000429,MOV115501,4,07-28-25
U000127,MOV117066,4,05-15-23
U000002,MOV100006,5,10-10-16
U000024,MOV114626,4,02-19-19
U000004,MOV109166,5,10-02-25
U000035,MOV105990,4,10-31-20
U000616,MOV113178,5,05-08-18
U000002,MOV115907,4,12-26-22
U000005,MOV103768,4,09-08-15
U000006,MOV100006,5,11-05-22
U000001,MOV100006,5,06-24-20
U000012,MOV101202,3,01-17-21
U000207,MOV104436,3,08-23-24
U000002,MOV100006,3,11-01-19
U000023,MOV117219,1,04-24-22
U000013,MOV100006,4,04-22-19
U001913,MOV110026,3,05-03-25
U000122,MOV105476,3,11-25-21
U000002,MOV102141,4,04-16-24
U000002,MOV110262,5,06-02-20
U001229,MOV114626,5,04-05-17
U000010,MOV103643,,05-11-23
U000001,MOV110026,1,08-07-22
U000084,MOV101369,4,06-14-22
U000108,MOV101550,5,04-15-20
U000197,MOV113048,4,08-14-16
U000470,MOV119272,4,06-07-21
U000035,MOV104836,4,10-11-20
U000257,MOV107691,4,08-25-19
U000062,MOV107386,4,04-28-24
U000002,MOV104696,4,11-05-19
U000002,MOV110828,4,08-02-23
U001260,MOV115713,5,10-28-25
U000009,MOV100006,5,09-29-20
U000055,MOV100006,4,10-18-23
U000004,MOV115425,4,05-16-19
U000001,MOV116438,5,05-02-23
U000007,MOV119295,3,10-08-25
U000215,MOV117770,4,01-30-16
U000002,MOV100006,1,10-27-19
U000017,MOV112232,5,04-01-23
U000005,MOV112303,5,10-29-23
U000079,MOV106914,4,10-09-16
U000011,MOV119204,5,03-25-25
U000003,MOV101689,2,05-19-18
U000002,MOV112351,4,08-14-23
U000009,MOV109166,5,06-04-23
U000121,MOV105990,4,02-02-21
U000001,MOV110828,3,08-29-25
U000641,MOV104975,3,05-05-21
U003766,MOV119162,5,12-31-16
U000001,MOV100006,4,06-28-20
U000002,MOV119272,4,06-23-20
U000005,MOV111014,4,09-25-16
U000002,MOV103138,5,02-01-19
U000266,MOV114281,4,10-23-25
U000002,MOV112232,3,11-10-22
U000089,MOV114626,4,07-16-15
U000097,MOV112232,5,06-20-16
U000010,MOV100794,1,10-05-25
U000003,MOV110262,4,02-24-18
U000007,MOV108871,2,05-21-23
U000001,MOV109221,3,04-10-20
U001714,MOV100006,5,03-10-18
U000009,MOV119635,4,12-19-22
U000188,MOV107713,5,12-03-23
U000001,MOV107304,4,08-08-23
U003519,MOV115028,5,11-20-22
U000002,MOV109140,1,06-10-16
U000008,MOV111271,4,11-08-19
U000001,MOV109684,4,06-19-20
U000001,MOV100006,5,11-10-22
U000009,MOV114626,2,10-21-19
U000209,MOV103125,5,06-15-25
U000083,MOV119272,4,05-02-25
U000160,MOV104697,2,06-26-25
U000472,MOV117034,4,05-01-23
U001125,MOV100006,3,02-05-24
U000002,MOV107942,3,04-04-19
U000005,MOV100006,4,12-15-25
U000029,MOV105001,2,08-03-25
U000018,MOV112692,5,05-12-17
U000001,MOV119635,5,06-21-20
U000084,MOV119272,3,09-15-25
U000050,MOV107913,3,01-05-22
U000004,MOV101108,2,10-09-25
U000040,MOV110475,5,10-09-21
U000033,MOV112936,4,02-05-24
U000010,MOV105990,2,05-02-25
U004414,MOV102610,5,12-12-23
U001527,MOV101202,3,03-29-21
U000056,MOV117942,2,10-26-23
U000002,MOV113048,2,02-08-21
U000001,MOV110790,4,10-18-25
U000001,MOV119289,4,05-19-18
U000177,MOV100475,5,07-05-21
U001449,MOV114993,2,01-12-24
U000004,MOV110828,1,06-06-19
U000001,MOV119672,3,09-24-25
U000002,MOV108108,5,07-04-22
U000064,MOV107503,5,07-22-22
U000001,MOV116580,4,02-16-25
U000011,MOV106037,3,10-25-21
U002618,MOV100006,5,10-13-17
U000018,MOV116336,2,03-05-17
U000992,MOV109221,4,10-29-16
U000003,MOV105990,3,06-30-23
U000004,MOV101130,4,08-17-19
U000002,MOV105990,4,06-09-23
U000001,MOV119272,5,04-08-19
U000039,MOV100006,5,12-26-25
U000016,MOV109874,5,03-12-25
U000048,MOV114993,5,10-02-18
U001216,MOV109703,3,12-09-25
U000002,MOV106689,4,06-03-24
U000794,MOV104975,2,10-16-15
U000002,MOV113048,4,08-24-22
U000003,MOV100006,3,02-07-23
U000089,MOV117948,5,02-23-18
U000002,MOV100006,3,03-19-25
U000004,MOV119204,4,03-08-24
U000016,MOV105644,5,03-28-16
U000049,MOV119204,1,02-12-25
U000115,MOV105387,4,03-04-20
U000025,MOV107329,4,07-14-16
U000014,MOV100006,4,09-09-22
U000002,MOV115394,2,02-22-22
U000065,MOV110026,4,08-17-19
U000001,MOV111279,3,11-21-17
U000013,MOV101751,5,11-04-20
U000012,MOV107070,4,01-07-18
U000001,MOV111921,4,05-06-19
U000001,MOV105990,4,01-01-21
U000293,MOV117728,4,11-04-20
U000117,MOV104697,5,08-31-17
U000005,MOV116787,4,10-21-24
U000006,MOV116109,4,01-16-15
U000087,MOV101108,5,06-26-20
U000001,MOV119635,,10-05-18
U000004,MOV100006,4,10-04-24
U000002,MOV103643,2,08-24-21
U000230,MOV100557,3,01-24-22
U000015,MOV102448,4,04-23-24
U000001,MOV111029,3,07-20-23
U000001,MOV112232,4,12-09-24
U000003,MOV105990,4,10-01-22
U000003,MOV119272,4,05-12-24
U000009,MOV111046,2,03-03-22
U000001,MOV100557,4,02-10-19
U000030,MOV110939,5,10-13-25
U000050,MOV100557,2,01-19-21
U000004,MOV114635,5,01-23-22
U000551,MOV100006,4,02-21-25
U003720,MOV108419,2,07-20-17
U000007,MOV115413,5,09-16-19
U000002,MOV119635,4,01-13-22
U000235,MOV119013,3,02-24-19
U000015,MOV110828,3,08-30-15
U001363,MOV117948,2,10-11-25
U000573,MOV113048,3,03-28-25
U000003,MOV106850,5,04-27-25
U000023,MOV114615,4,06-18-15
U002945,MOV102354,4,03-29-23
U000004,MOV111236,5,11-18-24
U000034,MOV109536,5,07-01-19
U000599,MOV119635,2,11-12-21
U001394,MOV100006,5,08-03-25
U000002,MOV103643,4,08-06-25
U000010,MOV100006,5,01-22-25
U000006,MOV108506,5,01-21-21
U000846,MOV107257,4,06-29-25
U000108,MOV117948,3,07-14-20
,MOV100006,4,02-02-24
U000091,MOV100006,4,03-29-20
U000002,MOV113048,4,09-14-22
U000001,MOV105990,4,10-01-25
U000001,MOV112632,3,09-07-21
U000007,MOV119204,5,06-17-18
U000003,MOV106110,4,04-17-15
U000001,MOV100006,4,12-14-18
U000005,MOV116710,3,09-01-25
U000035,MOV100006,2,12-14-24
U000935,MOV103032,4,12-29-21
U000001,MOV100006,3,04-14-24
U000501,MOV106689,5,02-01-22
U000001,MOV113656,4,01-04-24
U000099,MOV105764,3,01-30-24
U000001,MOV113766,4,12-07-25
U000004,MOV119272,3,02-23-20
U000008,MOV101108,3,09-01-18
U000030,MOV114626,2,05-15-21
U000004,MOV112320,3,06-06-18
U001429,MOV119162,3,01-24-23
U000001,MOV114403,5,07-01-21
U000006,MOV107386,5,10-06-17
U000438,MOV117531,4,05-20-21
U000943,MOV112981,4,08-02-20
U000025,MOV105990,4,10-01-24
U000003,MOV118035,3,02-06-18
U000016,MOV106373,2,09-05-21
U000018,MOV114993,3,10-01-24
U000015,MOV113048,1,05-11-25
U001527,MOV100006,3,02-11-19
U000009,MOV110475,2,01-13-17
U000022,MOV102852,4,12-23-25
U000002,MOV117770,5,07-09-21
U002559,MOV100006,3,04-18-24
U001780,MOV100006,,08-02-19
U000009,MOV104965,4,04-04-25
U000002,MOV118556,3,11-04-24
U000001,MOV110790,3,02-06-20
U000532,MOV113048,4,08-10-23
U000002,MOV100006,4,06-12-25
U000001,MOV105990,4,02-18-20
U000001,MOV118792,,10-16-22
U000010,MOV100006,5,10-05-21
U000023,MOV111217,5,05-02-23
U000003,MOV111434,3,06-16-25
U000001,MOV115717,5,06-13-22
U000070,MOV119660,4,09-29-21
U000050,MOV105487,4,07-29-25
U000003,MOV113048,3,03-27-25
U000020,MOV107097,4,10-10-25
U000412,MOV105644,1,11-01-25
U000001,MOV116920,4,10-13-23
U000015,MOV105861,4,02-24-17
U000003,MOV111134,4,09-25-22
U001672,MOV109221,4,05-22-25
U000015,MOV119635,4,11-02-24
U000001,MOV113800,4,06-25-25
U000015,MOV110388,2,11-07-18
U000379,MOV105452,2,04-29-16
U000521,MOV114626,5,12-20-22
U000034,MOV118411,2,05-24-24
U000012,MOV100006,4,09-03-15
U000001,MOV101096,4,05-17-23
U000002,MOV110182,3,02-18-25
U000001,MOV119272,3,12-23-22
U000008,MOV103681,5,10-10-20
U000008,MOV100006,5,12-08-23
U000017,MOV112825,3,10-28-24
U002490,MOV118035,4,09-28-20
U000002,MOV112903,5,05-27-23
U000015,MOV110026,4,06-12-21
U000010,MOV105990,4,07-16-23
U000002,MOV105990,4,07-09-19
U000354,MOV105990,3,04-14-25
U000016,MOV103605,2,02-26-18
U000116,MOV119635,2,07-12-23
U000050,MOV119272,3,11-13-24
U000001,MOV114000,4,06-13-24
U000005,MOV113223,5,06-29-20
U000001,MOV113048,5,05-01-24
U000019,MOV101108,5,04-25-24
U000043,MOV105078,3,09-23-17
U001894,MOV114626,4,10-10-20
U000875,MOV107507,1,03-13-25
U001116,MOV106037,4,05-14-23
U000003,MOV113876,3,05-17-19
U000047,MOV115790,5,07-21-20
U000002,MOV119272,4,10-05-15
U000001,MOV110182,4,11-11-19
U000011,MOV103334,4,09-30-25
U000001,MOV100006,3,10-28-19
U000002,MOV105867,3,08-11-22
U000001,MOV116993,4,11-12-25
U000001,MOV100713,4,07-10-22
U000336,MOV119272,4,
U000002,MOV100831,4,
U000008,MOV109725,1,12-23-25
U002077,MOV105644,1,01-14-17
U000361,MOV112114,4,04-07-21
U000002,MOV113852,5,10-28-21
U000017,MOV117851,4,06-16-24
U000004,MOV110545,2,10-04-23
U000001,MOV100006,4,
U000001,MOV117807,5,04-02-21
U000001,MOV109280,5,01-14-23
U000003,MOV114391,4,08-09-25
U000144,MOV107774,3,05-05-22
U000002,MOV109759,3,02-16-25
U000013,MOV106235,4,01-26-20
U000155,MOV107070,4,06-01-18
U000057,MOV112276,4,05-27-18
U000828,MOV109891,5,11-14-25
U000038,MOV118828,3,02-06-19
U001839,MOV119635,4,04-28-23
U000002,MOV112455,3,09-11-21
U000004,MOV111025,3,03-30-25
U000026,MOV119272,4,03-25-22
U000002,MOV100006,4,02-11-25
,MOV102661,5,11-22-25
U000001,MOV100006,4,04-12-23
U000029,MOV101108,5,11-14-25
U000003,MOV100006,4,07-30-22
U000118,MOV104138,3,10-30-18
U000004,MOV108557,4,08-27-24
U000070,MOV111743,3,11-10-22
U000150,MOV105921,3,02-11-19
U000014,MOV101108,4,03-30-25
U000002,MOV100006,1,07-04-19
U000001,MOV102233,5,12-20-21
U000001,MOV112046,2,08-08-23
U000292,MOV103681,3,04-05-24
U000064,MOV114896,2,08-27-18
U000001,MOV116707,3,03-30-24
U000523,MOV107386,4,09-18-25
U000439,MOV104670,4,08-26-17
U000037,MOV119272,2,08-24-22
U003438,MOV100006,4,08-31-22
U001310,MOV106689,5,11-11-24
U000007,MOV105103,1,07-12-24
U000114,MOV113048,3,12-27-19
U000003,MOV107386,3,11-09-24
U000001,MOV119635,5,04-21-16
U000002,MOV119635,3,12-30-25
U000008,MOV100342,3,02-04-23
U000004,MOV119635,1,12-12-21
U000028,MOV113084,5,11-14-21
U000242,MOV112137,2,11-09-17
U000013,MOV114784,4,05-03-25
U000003,MOV101108,4,11-26-24
U000001,MOV106004,4,01-21-23
U000001,MOV118556,4,07-31-24
U000001,MOV103995,5,06-17-22
U000583,MOV119635,2,09-17-20
U000020,MOV103605,2,06-09-24
U001782,MOV112232,3,09-01-19
U001187,MOV105990,3,04-09-24
U000067,MOV112632,4,01-13-25
U000001,MOV118343,5,01-25-23
U000003,MOV102365,4,01-31-24
U000183,MOV102666,4,04-14-23
U004291,MOV101108,1,05-05-17
U000027,MOV114626,4,08-12-15
U000030,MOV100006,3,06-21-20
U000080,MOV100006,5,07-13-22
U000013,MOV100006,4,11-13-22
U000001,MOV117689,5,11-01-22
U000016,MOV105536,5,10-12-20
U000017,MOV111058,4,05-16-20
U000003,MOV109554,3,11-13-19
U000834,MOV110026,4,12-23-24
U000002,MOV108967,4,01-29-19
U000013,MOV104770,4,06-06-19
U000001,MOV103605,4,02-26-25
U000197,MOV119635,4,03-10-21
U000003,MOV101237,2,01-12-25
U000001,MOV105990,3,09-06-22
U000037,MOV105483,4,03-04-20
U000451,MOV114626,4,07-01-22
U000003,MOV119660,5,12-24-24
U000044,MOV119635,5,02-27-24
U000008,MOV110467,4,10-10-20
U000010,MOV116710,4,06-24-24
U000001,MOV107983,3,02-16-24
U000451,MOV113165,3,11-29-21
U000019,MOV112960,4,03-19-22
U000002,MOV100006,4,09-15-20
U000001,MOV116367,4,09-30-24
U000002,MOV119635,3,07-29-19
U000104,MOV101108,5,05-07-23
U000057,MOV100006,4,11-29-20
U000080,MOV101681,4,09-18-25
U000050,MOV103147,5,
U002481,MOV105393,3,05-03-24
U000002,MOV111001,3,10-18-21
U000002,MOV118556,4,08-31-25
U000002,MOV116741,4,11-02-25
U000105,MOV113048,1,08-09-25
U000007,MOV114993,3,09-11-24
U000001,MOV114993,4,
U000033,MOV100006,4,12-02-20
U000016,MOV106834,4,08-31-18
U000021,MOV119635,3,08-08-18
U000001,MOV105990,5,03-30-20
U000002,MOV106850,2,
U000178,MOV112027,3,11-04-21
U000001,MOV104455,3,09-03-25
U000015,MOV103779,5,11-29-25
U000001,MOV119635,3,04-18-23
U000001,MOV119204,5,04-04-21
U000005,MOV105358,4,11-04-23
U000001,MOV100542,2,05-20-25
U000086,MOV117948,4,04-07-25
U000109,MOV110026,5,11-01-19
U001503,MOV100006,1,06-05-20
U000035,MOV119272,4,04-16-23
U000001,MOV119019,4,07-21-25
U004408,MOV100696,4,09-16-20
U000023,MOV101740,2,05-02-25
U000001,MOV114626,3,05-01-23
U000001,MOV100006,2,09-13-17
U000580,MOV114626,2,08-11-23
U000002,MOV116181,3,05-12-25
U000278,MOV100006,3,12-21-24
U000001,MOV110026,4,03-24-18
U000042,MOV113448,1,07-28-15
U000001,MOV109221,5,11-19-15
U000001,MOV108091,5,01-04-23
U000091,MOV119635,5,07-05-21
U000004,MOV119635,3,08-30-25
U000012,MOV113766,1,11-07-21
U000003,MOV119635,4,02-03-25
U000014,MOV106341,2,12-23-25
U000002,MOV105990,1,03-02-17
U000024,MOV111018,1,03-13-16
U000032,MOV100006,5,12-25-22
U000005,MOV100006,5,06-25-23
U001566,MOV114260,1,01-10-25
U002386,MOV116131,4,07-07-18
U000006,MOV105482,5,11-06-22
U000001,MOV118510,3,11-13-24
U000085,MOV113048,3,10-11-15
U000002,MOV100006,4,02-09-22
U000249,MOV118489,2,06-17-25
U000037,MOV100818,3,04-30-20
U000001,MOV118374,2,09-12-21
U000001,MOV105644,2,02-13-24
U000006,MOV114670,5,09-16-20
U000011,MOV118556,4,10-30-15
U000002,MOV119186,1,09-06-19
U000005,MOV105581,4,11-24-25
U000009,MOV108792,5,11-10-25
U000044,MOV100510,5,11-13-22
U000057,MOV112290,3,10-01-16
U000003,MOV114784,4,01-12-24
U000001,MOV106930,4,01-28-25
U001041,MOV101818,4,03-18-20
U000001,MOV109602,3,06-12-24
U001029,MOV118685,3,06-02-25
U000090,MOV118545,4,07-08-23
U000009,MOV100006,3,12-01-20
U000003,MOV104995,4,01-27-17
U000116,MOV113048,3,03-19-19
U000001,MOV101840,3,04-16-22
U000005,MOV119635,3,02-21-25
U000001,MOV119272,1,11-04-25
U000019,MOV107772,4,08-29-20
U000012,MOV100006,3,01-27-25
U000010,MOV104768,5,09-19-20
U000009,MOV108263,5,03-29-20
U000001,MOV119635,3,11-05-17
U000036,MOV107386,3,05-16-25
U000001,MOV109602,3,04-01-16
U000004,MOV103593,4,07-11-23
U000013,MOV119635,5,03-17-22
U000007,MOV100006,3,07-06-19
U000005,MOV100006,5,05-31-25
U000001,MOV110790,2,03-20-18
U000002,MOV116131,3,08-27-18
U000026,MOV112232,3,08-26-19
U000003,MOV105896,3,07-10-19
U000574,MOV100006,4,04-19-18
U000054,MOV100006,3,12-01-20
U000004,MOV101108,4,03-08-19
U000079,MOV105764,3,12-19-21
U000001,MOV107070,2,
U000004,MOV103605,4,11-04-24
U000857,MOV113513,5,10-30-18
U000003,MOV105990,4,04-10-22
U000002,MOV113739,4,10-12-17
U000009,MOV118556,3,06-14-16
U000015,MOV111472,2,03-20-24
U000001,MOV110828,3,05-18-16
U000007,MOV103605,4,12-04-21
U004295,MOV107745,1,08-13-21
U000008,MOV100006,4,05-03-25
U000004,MOV107912,2,07-05-24
U000002,MOV108395,3,04-21-19
U000001,MOV100006,5,07-10-23
U000431,MOV103278,1,11-29-23
U000001,MOV114884,3,10-09-25
U000001,MOV118035,5,07-16-21
U000044,MOV114626,4,11-24-20
U000269,MOV114784,4,10-04-23
U000004,MOV100006,5,06-27-20
U000005,MOV105990,4,11-13-16
U000144,MOV100006,5,05-24-23
U000045,MOV100006,5,03-12-24
U000939,MOV112232,3,11-15-20
U000746,MOV111434,4,04-07-23
U000002,MOV116470,1,03-10-20
U002138,MOV104868,3,10-04-19
U000027,MOV104782,5,09-16-20
U000001,MOV118342,4,07-04-20
U000922,MOV105059,5,02-13-17
U000001,MOV105632,2,07-01-24
U000007,MOV100006,5,12-24-25
U001388,MOV102102,4,10-10-15
U000241,MOV115420,4,07-24-20
U000003,MOV109600,3,10-30-22
U000001,MOV109221,5,11-10-20
U000753,MOV110828,4,09-21-25
U000002,MOV100006,4,07-12-22
U000060,MOV113579,3,11-16-20
U000008,MOV105990,2,11-08-25
U000004,MOV112855,4,08-04-23
U000002,MOV101108,5,01-29-20
U000001,MOV104383,1,04-25-22
U000006,MOV104333,4,11-30-22
U000457,MOV104975,3,04-05-19
U000001,MOV100006,4,01-15-21
U001882,MOV116470,4,01-13-21
U000518,MOV116169,4,08-22-22
U000004,MOV108870,2,08-15-18
U000079,MOV119272,4,10-12-23
U000031,MOV114993,3,11-09-23
U000001,MOV101108,3,
U000042,MOV100006,3,06-10-20
U000309,MOV105896,3,12-28-25
U000002,MOV119635,3,05-16-23
U000116,MOV113048,3,11-25-25
U000032,MOV100006,3,11-14-25
U000001,MOV100006,1,10-16-25
U000898,MOV115312,1,02-21-22
U000003,MOV114784,4,11-15-23
U000058,MOV113715,4,05-03-21
U000003,MOV119635,1,01-22-24
U000012,MOV114626,5,11-17-20
U000004,MOV102467,4,02-01-22
U000001,MOV104442,3,10-20-16
U000001,MOV114992,3,11-01-18
U000001,MOV104768,4,11-08-20
U000003,MOV101202,1,03-24-24
U000003,MOV119635,4,03-27-25
U000044,MOV105990,5,06-28-21
U000017,MOV105764,3,02-06-21
U003567,MOV118556,1,12-05-25
U000001,MOV100006,5,11-28-24
U001125,MOV115413,2,05-03-25
U000001,MOV102958,5,01-26-24
U000001,MOV116837,5,07-03-25
U000014,MOV103706,5,07-10-18
U000008,MOV119272,3,08-16-19
U000022,MOV119272,5,09-06-22
U001707,MOV119204,2,02-06-22
U000633,MOV100006,4,07-17-22
U000005,MOV119400,3,01-18-21
U000469,MOV117487,3,11-21-21
U000024,MOV107912,3,03-13-16
U000001,MOV100754,3,08-27-23
U000902,MOV103578,3,04-26-21
U000016,MOV105618,5,12-13-25
U000612,MOV100154,1,07-18-19
U000016,MOV118813,5,12-16-23
U000246,MOV105990,4,09-24-22
U000001,MOV118397,5,11-17-22
U000014,MOV105868,5,05-17-19
U004323,MOV100006,2,08-06-21
U000001,MOV113766,4,01-09-20
U000009,MOV119635,4,06-05-25
U000022,MOV100006,5,08-19-20
U000020,MOV105990,4,09-22-23
U000004,MOV119272,4,01-13-24
U000051,MOV119635,3,06-15-25
U000048,MOV110790,1,03-19-20
U000781,MOV100006,4,06-25-23
U000016,MOV100006,4,06-23-25
U000002,MOV114510,5,04-28-23
U000207,MOV102799,4,09-05-24
U000009,MOV111271,3,01-23-18
U000001,MOV109488,2,11-11-23
U000001,MOV105958,3,09-21-20
U000001,MOV103397,5,08-08-24
U000001,MOV100006,1,03-10-25
U000519,MOV114626,4,10-31-16
U000064,MOV108830,4,01-24-23
U000035,MOV116203,5,05-14-15
U000160,MOV114626,3,12-18-23
U000013,MOV113048,4,12-21-25
U000004,MOV101369,4,12-28-25
U000001,MOV107017,4,05-13-20
U000008,MOV101740,4,06-03-23
U000001,MOV119635,4,11-01-18
U000008,MOV119743,5,09-05-16
U000003,MOV118556,3,08-03-22
U000001,MOV119635,3,10-09-18
U000051,MOV106032,2,06-11-24
U000077,MOV105990,5,06-09-22
U000002,MOV117251,3,07-02-23
U000001,MOV104018,3,11-24-21
U000004,MOV119635,4,10-16-24
U000001,MOV100006,4,06-16-22
U000004,MOV117066,4,09-29-22
U000583,MOV101108,4,02-05-25
U003937,MOV102626,5,03-05-22
U000031,MOV112667,4,07-11-25
U000001,MOV110790,2,07-01-22
U000001,MOV114635,4,11-27-23
U000104,MOV101462,5,05-06-17
U000002,MOV114855,4,
U000678,MOV114626,4,02-01-25
U000002,MOV111029,3,05-02-19
U000002,MOV104752,4,09-19-23
U000045,MOV119635,3,09-13-23
U000001,MOV100006,5,06-12-24
U000156,MOV100006,3,
U000001,MOV119272,1,02-10-23
U000001,MOV102743,3,02-21-20
U000003,MOV118988,3,11-08-21
U000646,MOV119635,5,09-13-24
U000431,MOV113048,4,02-27-17
U000001,MOV114626,4,12-02-23
U000121,MOV119272,4,03-09-21
U000001,MOV105990,2,03-28-19
U000017,MOV101200,4,11-14-25
U000235,MOV105284,3,04-26-21
U000064,MOV111029,5,05-26-24
U000003,MOV110790,3,08-18-23
U000068,MOV100737,3,01-13-25
U000023,MOV100435,3,06-28-15
U000027,MOV117793,5,05-19-20
U000683,MOV114993,3,10-29-25
U000001,MOV113257,3,09-02-19
U000001,MOV100557,4,01-07-21
U000004,MOV110467,2,12-13-25
U000001,MOV100006,1,01-04-24
U000013,MOV100006,1,06-19-25
U000044,MOV117164,3,
U000006,MOV100006,3,08-05-17
U000002,MOV109221,4,07-05-18
U000001,MOV100006,5,02-01-23
U000011,MOV110420,4,09-20-25
U000098,MOV101681,2,02-08-22
U000001,MOV101431,4,09-04-24
U000001,MOV118341,5,01-17-23
U000014,MOV113048,3,09-10-19
U000001,MOV116663,3,07-26-23
U000001,MOV116956,5,09-23-24
U000003,MOV119660,2,03-29-22
U000003,MOV101995,3,06-10-25
U000041,MOV104768,3,04-15-16
U000196,MOV113048,4,02-08-22
U000001,MOV119635,4,08-11-23
U000007,MOV108198,4,03-23-22
U000052,MOV116203,4,11-11-15
U000083,MOV105990,4,12-22-25
U000001,MOV105644,4,09-22-19
U000001,MOV106165,3,11-08-15
U000110,MOV114626,4,04-26-24
U000091,MOV104768,5,05-17-20
U000138,MOV109874,5,03-31-21
U000006,MOV100831,4,04-25-17
U000150,MOV116741,4,02-27-24
U000001,MOV119272,5,10-31-18
U004083,MOV114570,2,10-19-23
U001360,MOV100006,5,06-16-25
U000001,MOV113048,3,10-23-20
U000092,MOV101108,5,12-27-19
U000003,MOV102114,2,12-23-25
U000008,MOV101462,3,10-30-23
U000010,MOV107386,3,06-08-17
U000014,MOV119272,4,11-16-25
U000087,MOV110828,3,12-16-24
U000007,MOV105990,2,08-10-25
U000001,MOV105282,3,09-08-23
U000011,MOV111159,5,
U000010,MOV108709,3,03-26-15
U000001,MOV100006,4,03-22-17
U000200,MOV104898,4,07-17-23
U000002,MOV119635,1,06-30-22
U000065,MOV103820,3,05-15-21
U000002,MOV107360,4,08-31-21
U000107,MOV100006,3,10-27-18
U001096,MOV103682,3,11-17-22
U000048,MOV104768,4,04-08-22
U000005,MOV113442,2,08-23-23
U000002,MOV104768,5,07-18-24
U000009,MOV102051,3,11-08-23
U000001,MOV100557,4,02-15-22
U000097,MOV116545,3,05-31-22
U000003,MOV116920,2,05-09-21
U000504,MOV111159,4,03-24-17
U000001,MOV117948,2,10-28-18
U000005,MOV108035,5,04-22-23
U000102,MOV114626,3,04-23-18
U000014,MOV119635,3,02-20-25
U000001,MOV119272,2,06-12-23
U000011,MOV100006,3,07-07-18
U002589,MOV113800,4,05-12-24
U000001,MOV119057,3,04-09-25
U000015,MOV105990,5,11-22-24
U000076,MOV100941,3,09-02-24
U000378,MOV117948,5,11-01-19
U000002,MOV105990,4,03-02-18
U000030,MOV119635,2,11-22-15
U000088,MOV105612,3,08-25-25
U000001,MOV117948,4,09-28-25
U000061,MOV114993,4,09-22-25
U000019,MOV109221,3,01-13-25
U000007,MOV105990,5,10-07-23
U000002,MOV114993,1,09-04-22
U000014,MOV105990,5,07-06-21
U000317,MOV101539,3,10-12-18
U000001,MOV107070,4,11-02-23
U000004,MOV111034,5,07-10-25
U000004,MOV119538,4,08-19-20
U000005,MOV105990,2,06-22-21
U000002,MOV100006,4,06-18-23
U000007,MOV100713,4,09-16-15
U000023,MOV119186,4,10-19-22
U000013,MOV119635,3,04-13-25
U000004,MOV105990,4,09-10-19
U002586,MOV103323,3,02-23-17
U001495,MOV116536,4,01-11-20
U000014,MOV101951,1,12-21-24
U000013,MOV100006,1,11-23-20
U000284,MOV119635,4,06-20-25
U000003,MOV119272,5,05-29-21
U000001,MOV114909,3,08-09-20
U000002,MOV108836,3,05-12-25
,MOV105438,3,07-18-24
U000001,MOV110541,4,03-22-15
U004375,MOV100006,4,10-02-24
U000028,MOV119272,2,07-31-25
U000089,MOV106037,4,02-14-21
U000006,MOV117287,4,08-10-19
U000001,MOV115713,3,11-03-19
U000009,MOV108920,3,12-25-19
U000001,MOV119635,4,05-15-23
U000001,MOV100006,,06-20-25
U000003,MOV100006,3,11-21-23
,MOV101108,5,11-12-23
U000011,MOV108419,4,03-30-17
U000003,MOV116470,4,01-31-25
U000002,MOV100262,4,04-01-20
U000216,MOV101840,3,08-01-25
U000002,MOV105162,5,05-01-25
U000620,MOV101417,4,08-24-20
U000001,MOV119635,3,10-25-23
U000001,MOV100006,4,09-21-24
U000002,MOV101840,4,03-11-23
U000786,MOV103147,4,03-02-24
U000003,MOV117529,4,08-05-25
U000014,MOV107348,5,08-07-24
U000014,MOV101433,5,06-25-24
U000001,MOV105896,4,07-18-17
U000003,MOV107386,2,03-20-23
U000003,MOV104138,3,04-05-24
U000260,MOV119635,5,06-19-19
U000016,MOV101108,4,01-02-22
U000027,MOV117978,4,06-24-24
U004144,MOV118556,4,08-21-21
U000002,MOV100557,3,05-21-25
U000015,MOV105990,4,09-14-16
U000401,MOV105361,4,09-30-25
U000604,MOV105990,4,01-18-25
U000326,MOV108836,4,10-31-23
U000006,MOV118510,5,08-30-22
U000006,MOV100006,2,10-04-20
U001878,MOV102236,5,05-01-21
U000093,MOV100006,2,06-22-21
U000176,MOV109776,1,04-20-24
U000024,MOV114626,5,10-30-17
U000010,MOV111217,2,04-20-25
U000151,MOV106689,3,07-10-16
U000071,MOV113048,2,11-29-19
U000093,MOV100557,1,06-20-24
U000002,MOV100006,2,01-04-25
U000003,MOV119635,5,07-29-22
U000012,MOV100006,4,12-17-19
U000001,MOV100006,3,07-13-22
U001390,MOV107070,3,10-19-19
U000042,MOV119204,4,10-22-24
U000002,MOV100006,3,10-02-23
U000714,MOV103477,3,04-19-21
U000003,MOV110868,4,06-30-19
U000001,MOV119635,4,04-26-25
U000020,MOV111058,5,10-19-15
U000013,MOV100006,2,03-28-20
U000027,MOV113766,4,08-04-24
U001455,MOV105962,4,04-16-25
U000010,MOV117066,4,07-01-23
U000003,MOV100006,4,05-04-24
U000003,MOV101108,2,07-09-23
U000001,MOV110294,5,09-07-19
U000813,MOV118556,2,08-27-16
U000093,MOV114896,2,10-23-19
U000271,MOV113766,3,05-10-19
U000015,MOV103354,3,05-27-24
U000008,MOV105990,4,08-22-19
U000001,MOV114808,3,06-10-22
U000576,MOV104768,5,04-18-24
U000009,MOV101202,4,05-08-16
U000141,MOV100006,5,01-26-25
U000008,MOV110790,1,12-08-22
U000001,MOV100006,2,05-17-18
U000001,MOV108229,4,03-30-20
U000001,MOV117948,4,08-08-21
U000415,MOV108026,4,10-21-17
U000004,MOV109441,5,10-21-21
U000071,MOV100006,3,08-22-16
U002637,MOV117921,4,06-01-24
U000001,MOV100006,2,05-09-24
U000003,MOV106756,4,08-16-20
U000044,MOV105990,4,10-22-25
U000001,MOV100006,4,04-05-24
U000005,MOV106594,3,06-27-18
U000227,MOV118035,3,11-25-23
U001458,MOV110475,4,10-05-22
U001025,MOV111126,4,06-10-21
U000001,MOV110353,3,03-01-24
U000001,MOV100006,3,08-31-17
U000010,MOV100006,5,06-16-22
U000004,MOV115929,4,07-01-23
U000455,MOV115402,4,02-01-24
U000061,MOV116564,4,
U000001,MOV111942,4,03-28-15
U000001,MOV117344,3,12-02-22
U000001,MOV108506,5,11-19-19
U000032,MOV100248,5,08-19-20
U000001,MOV114993,3,09-11-25
U000018,MOV100006,4,08-22-22
U000026,MOV100006,2,
U000007,MOV108381,5,10-18-18
U003935,MOV113835,4,11-12-24
U000091,MOV103367,5,04-14-21
U000006,MOV103643,1,08-16-21
U000007,MOV104622,4,10-03-25
U000001,MOV119635,2,03-04-19
U000002,MOV113949,3,04-30-23
U000133,MOV113766,3,03-01-23
U000001,MOV106771,4,08-10-20
U000003,MOV104768,2,02-01-20
U000066,MOV110828,4,10-10-24
U000344,MOV111029,1,06-04-23
U000005,MOV119272,4,08-27-23
U000001,MOV115094,3,04-04-19
U000195,MOV100006,3,12-16-20
U000080,MOV113048,5,04-30-21
U000765,MOV117287,4,09-14-21
U000211,MOV102665,4,03-18-24
U000028,MOV100916,3,10-28-23
U000742,MOV117029,5,05-27-23
U000001,MOV108506,3,11-25-23
U000002,MOV113048,3,04-18-24
U000006,MOV113519,3,02-10-17
U000001,MOV100557,3,11-30-24
U000012,MOV105990,5,10-24-24
U000251,MOV119272,4,05-06-18
U002963,MOV103047,3,07-25-22
U000002,MOV113048,4,03-19-25
U000006,MOV105644,4,04-03-25
U000017,MOV110790,3,11-09-22
U000001,MOV101108,2,12-05-25
U000004,MOV108557,4,08-11-15
U000001,MOV119272,4,01-16-18
U000110,MOV119635,5,05-19-23
U000001,MOV100006,3,09-26-25
U000001,MOV103312,5,10-04-18
U000028,MOV110144,5,11-07-24
U000014,MOV104240,3,03-08-22
U000006,MOV116222,4,06-26-25
U000003,MOV105990,4,10-28-21
U000039,MOV112493,4,11-20-18
U000001,MOV108419,2,09-04-25
U000012,MOV100006,2,09-08-24
U000003,MOV117515,4,10-23-23
U000010,MOV114424,3,07-15-24
U000086,MOV100006,4,08-30-25
U000192,MOV106223,2,
U000053,MOV100557,4,01-28-21
U000001,MOV119635,2,07-10-24
U000373,MOV117287,4,06-26-20
U000014,MOV104402,3,10-08-18
U000004,MOV105132,1,01-01-24
U000001,MOV110790,4,12-31-21
U000006,MOV102254,1,09-30-23
U000004,MOV101202,3,10-11-20
U001649,MOV119272,4,09-21-16
U000016,MOV105482,4,07-12-22
U000011,MOV100006,4,10-27-21
U000001,MOV100006,4,08-06-21
U000016,MOV101594,1,10-29-21
U000062,MOV101108,1,10-24-16
U000002,MOV100006,4,07-25-23
U000059,MOV116144,5,09-06-24
U000012,MOV119635,3,07-07-17
U000002,MOV109221,4,05-14-21
U000032,MOV100006,3,02-27-18
U000002,MOV100006,2,09-21-23
U000091,MOV114626,3,11-16-25
U000080,MOV102608,3,11-03-24
U000503,MOV115158,5,05-30-22
U000001,MOV108419,1,10-01-20
U000001,MOV108419,4,10-15-20
U000001,MOV114993,5,07-03-24
U000007,MOV109321,2,03-07-22
U003143,MOV105990,3,04-19-20
U000006,MOV104018,2,08-15-18
U000111,MOV100006,4,04-02-19
U000636,MOV100006,5,09-05-20
U000004,MOV104429,4,04-15-18
U000491,MOV101462,4,06-19-18
U000019,MOV119182,3,10-12-21
U000009,MOV104557,3,06-25-25
U000019,MOV101097,3,02-18-23
U000225,MOV100006,1,05-04-21
U002014,MOV115268,4,02-16-24
U000036,MOV119635,3,10-17-21
U000029,MOV110026,5,08-14-22
U000001,MOV114418,4,03-27-25
U000004,MOV114626,2,
U000002,MOV105990,4,05-09-20
U000011,MOV119714,4,03-22-24
U000147,MOV115413,3,11-11-21
U001113,MOV115251,5,03-30-22
U000019,MOV118556,2,11-19-25
U000012,MOV105715,3,10-21-18
U000927,MOV111948,4,11-30-18
U000005,MOV117752,4,08-17-22
U000008,MOV100006,3,07-28-19
U000006,MOV100006,3,07-17-23
U000026,MOV114360,4,10-23-24
U000015,MOV103643,4,12-18-25
U000001,MOV114993,4,03-04-24
U000003,MOV101202,4,09-06-25
U003376,MOV101108,5,07-07-24
U000002,MOV115929,4,12-29-25
U000135,MOV110026,4,04-17-25
U000121,MOV119635,1,05-21-25
U000003,MOV108844,3,11-30-23
U000005,MOV105882,3,10-16-25
U000003,MOV116545,3,03-10-24
U000004,MOV110026,4,11-26-24
U000004,MOV111434,3,10-17-22
U000047,MOV110762,3,07-20-25
U000004,MOV119272,3,04-13-19
U000001,MOV109140,3,05-02-24
U000005,MOV100006,2,05-06-25
U000001,MOV101150,4,10-11-24
U000284,MOV114626,3,12-01-20
U000765,MOV116710,1,01-20-23
U000001,MOV104768,3,10-08-22
U000249,MOV105990,4,10-31-24
U000006,MOV105911,2,08-07-25
U000016,MOV110467,5,08-27-17
,MOV110026,5,03-25-25
U000005,MOV100006,4,06-17-21
U000003,MOV100006,4,02-26-22
U000037,MOV100210,4,06-02-22
U000001,MOV100006,5,04-29-21
U000059,MOV100412,4,09-20-21
U000001,MOV103091,2,01-31-21
U000003,MOV107511,5,07-28-21
U000006,MOV118724,5,08-13-17
U000016,MOV102729,4,05-31-25
U000013,MOV113615,3,10-28-23
U000059,MOV114424,1,06-06-20
U000054,MOV100006,3,11-29-23
U000001,MOV119272,4,03-29-25
U000885,MOV112981,4,07-18-25
U000001,MOV100006,4,04-20-21
U000003,MOV107491,3,03-13-15
U000004,MOV100006,4,08-07-21
U000003,MOV111058,5,04-25-20
U000600,MOV105990,4,04-25-22
U000010,MOV100006,4,09-08-18
U002876,MOV113048,4,04-18-19
U000001,MOV100006,3,08-09-23
U000009,MOV104018,1,08-23-25
U000016,MOV114626,5,08-19-25
U000007,MOV110314,3,11-17-21
U000131,MOV111876,4,08-14-25
U000001,MOV100006,2,03-30-22
U000002,MOV108434,5,03-10-25
U000244,MOV108214,3,09-21-21
U000014,MOV109655,5,08-13-20
U000004,MOV100006,4,03-28-21
U000001,MOV100006,4,11-09-23
U000002,MOV113551,4,10-15-23
U001601,MOV118923,4,01-11-25
U000088,MOV105482,1,02-13-25
U000625,MOV104768,4,12-04-16
U000001,MOV109465,3,10-12-23
U000009,MOV108087,4,09-03-24
U000010,MOV100342,4,05-11-21
U000082,MOV106599,5,11-07-21
U000002,MOV102127,3,10-05-21
U000006,MOV114626,5,10-17-23
U000015,MOV113778,3,10-25-24
U000005,MOV105077,2,11-02-23
U000008,MOV113547,1,03-02-25
U000016,MOV111034,4,06-30-20
U004274,MOV105962,4,04-10-21
U000291,MOV103281,3,06-08-25
U000001,MOV101108,5,01-01-17
U002873,MOV119272,3,04-11-25
U000006,MOV105644,2,02-25-21
U000013,MOV114755,5,01-30-24
U000020,MOV100006,4,10-08-18
U000060,MOV119635,4,10-25-22
U000065,MOV110868,3,03-10-18
U000003,MOV106336,5,05-11-24
U000035,MOV116710,3,10-03-17
U000028,MOV119635,3,10-11-19
U000066,MOV101070,4,10-15-25
U000001,MOV100006,4,08-09-25
U001177,MOV105764,1,05-03-21
U000468,MOV100006,4,05-13-17
U000027,MOV101108,4,11-09-15
U000001,MOV110118,3,07-12-25
U000004,MOV110026,3,05-30-24
U000001,MOV119635,4,05-30-20
U000255,MOV104244,5,01-09-24
U000003,MOV118181,5,06-04-16
U000286,MOV105990,2,06-01-25
U000002,MOV101202,3,12-12-21
U000001,MOV109759,3,09-05-24
U000022,MOV116853,2,03-24-21
U000276,MOV113048,4,12-11-25
U000004,MOV100006,5,12-12-22
U001194,MOV100006,4,11-11-24
U000001,MOV100006,5,01-22-24
U001128,MOV102590,4,05-16-22
U000001,MOV117728,5,04-09-25
U000008,MOV110903,3,09-29-17
U000002,MOV101108,5,03-05-19
U000001,MOV110828,4,10-24-21
U000005,MOV109140,2,11-12-16
U004249,MOV100783,3,11-22-18
U000002,MOV119635,4,01-23-25
U000001,MOV119635,4,08-01-16
U000001,MOV103307,5,07-29-22
U000001,MOV110828,3,04-08-24
U001712,MOV114993,4,03-08-24
U000070,MOV100373,2,08-30-20
U000041,MOV110026,4,04-05-24
U000009,MOV119204,3,08-09-25
U000012,MOV109221,3,01-07-17
U000008,MOV105990,3,11-23-19
U000001,MOV116536,4,10-04-19
U000004,MOV119272,2,08-26-20
U000001,MOV106813,4,01-21-25
U000048,MOV110262,3,03-08-21
U000010,MOV105644,4,06-16-25
U000001,MOV119272,3,
U000190,MOV100006,4,07-10-22
U000001,MOV112519,5,10-07-19
U000005,MOV119635,4,04-23-19
U000002,MOV116393,4,11-27-25
U000125,MOV110026,5,08-18-19
U000149,MOV103605,3,10-18-21
U000427,MOV109660,1,03-11-22
U000040,MOV102058,1,01-01-17
U000001,MOV109221,5,07-05-24
U000001,MOV107605,4,09-18-25
U000018,MOV100006,,09-20-22
U000001,MOV103091,3,04-01-24
U000003,MOV113420,1,11-28-23
U000004,MOV101206,4,07-04-20
U000011,MOV111159,4,01-29-21
U001173,MOV115965,2,12-29-24
U000041,MOV100557,1,08-05-18
U000001,MOV103610,4,12-13-19
,MOV119635,3,08-15-16
U000006,MOV115500,2,09-10-25
U000001,MOV117644,4,04-16-22
U000001,MOV102303,3,10-15-23
U000001,MOV119272,4,12-11-24
U000006,MOV119635,5,06-14-20
U000008,MOV108342,3,10-11-16
U000002,MOV112232,4,12-07-25
U000007,MOV118828,5,04-06-16
U000011,MOV100006,4,01-16-23
U000001,MOV100006,4,08-03-24
U000595,MOV101108,1,08-18-16
U000003,MOV117883,2,02-26-20
U000001,MOV113048,4,12-01-21
U000050,MOV119635,3,05-15-19
U000012,MOV100006,3,09-21-22
U000032,MOV119518,4,12-19-24
U000001,MOV114784,4,04-12-18
U000159,MOV114755,5,02-03-23
U000001,MOV115251,5,01-17-15
U000158,MOV110681,4,09-13-15
U000044,MOV108342,4,09-15-24
U000206,MOV114784,5,03-10-21
U000001,MOV119272,2,11-08-21
U000066,MOV114626,4,03-21-24
U000098,MOV101681,2,02-08-22
U000001,MOV100557,5,06-11-23
U000041,MOV100652,3,03-10-23
U000086,MOV102649,3,06-16-18
U000001,MOV101108,4,07-14-19
U000001,MOV114670,4,07-11-24
U000005,MOV106874,3,07-08-24
U000001,MOV119272,4,01-26-19
U000169,MOV114993,4,12-26-21
U000001,MOV119370,4,08-10-17
U000006,MOV113436,3,09-01-25
U000489,MOV107386,4,05-01-18
U000001,MOV117251,4,11-28-25
U000002,MOV113604,3,05-13-21
U003109,MOV116126,3,10-24-25
U000118,MOV119635,5,09-29-25
U000006,MOV117783,4,05-25-19
U000039,MOV103605,5,11-11-24
U002028,MOV100006,5,05-21-17
U000019,MOV104579,2,06-24-23
U002148,MOV112992,4,03-21-25
U000055,MOV100219,3,02-28-25
U000017,MOV115888,4,09-20-25
U000001,MOV119635,3,05-12-22
U000074,MOV119664,3,01-16-21
U000190,MOV119272,4,09-11-24
U000003,MOV119204,4,11-30-15
U000106,MOV111834,1,10-13-20
U000022,MOV116686,4,11-12-21
U000773,MOV105990,3,07-15-22
U000018,MOV100006,5,01-26-16
U000003,MOV116181,4,10-25-25
U000355,MOV114909,4,06-14-19
U001835,MOV100006,4,10-18-21
U000003,MOV109140,3,12-05-23
U000003,MOV114485,4,11-14-25
U000049,MOV100006,4,04-15-20
U000004,MOV117287,5,03-14-18
U000001,MOV105990,2,07-21-22
U000119,MOV100006,5,
U000026,MOV115881,3,10-10-20
U000001,MOV110790,4,06-25-23
U000006,MOV119204,3,04-20-19
U000009,MOV101198,4,09-18-19
U000019,MOV118970,3,06-22-25
U000002,MOV105224,5,08-10-23
U000004,MOV103552,4,12-08-22
U000053,MOV118968,4,07-15-17
U003580,MOV112232,3,07-14-24
U000262,MOV114784,5,06-03-19
U000006,MOV100006,5,06-17-25
U000001,MOV101108,3,10-02-24
U001873,MOV106689,5,01-15-21
U000003,MOV118510,5,03-12-25
U000009,MOV103252,5,12-17-20
U002324,MOV114626,3,10-01-20
U000001,MOV108053,2,04-20-22
U002106,MOV109776,4,02-13-25
U003962,MOV111103,,
U000652,MOV100880,4,08-30-25
U000054,MOV119272,2,12-14-24
U000001,MOV107916,,09-04-22
U000025,MOV101840,3,01-01-16
U001094,MOV107963,4,10-21-15
U000004,MOV106333,3,07-15-23
U000330,MOV105764,2,07-17-20
U000004,MOV105990,4,11-20-25
U000072,MOV119635,5,06-24-20
U000006,MOV119635,4,01-25-25
U000001,MOV100006,4,12-30-17
U000626,MOV119272,5,05-19-24
U000010,MOV110026,2,05-28-23
U000018,MOV105990,4,12-15-17
U000006,MOV118850,5,07-30-16
U003076,MOV100006,3,07-14-24
U000001,MOV114784,4,10-25-24
U000009,MOV106037,5,05-04-19
U000008,MOV113429,4,04-27-24
U000001,MOV112932,5,12-11-25
U000372,MOV100006,5,08-08-25
U001630,MOV107452,3,01-16-22
U000001,MOV111318,5,11-17-25
U000161,MOV119635,4,07-16-20
U000001,MOV106689,3,11-29-15
U000003,MOV119635,3,
U000014,MOV104898,4,06-15-23
U000004,MOV105990,5,
U000007,MOV109759,2,05-28-23
U000015,MOV103409,2,11-05-17
U000003,MOV119272,4,06-26-25
U000002,MOV100006,4,07-19-24
U000033,MOV111451,3,11-02-23
U000002,MOV119204,4,05-02-24
U000001,MOV108598,4,01-09-24
U000198,MOV105896,4,03-03-15
U000002,MOV105990,2,11-07-23
U000002,MOV102376,4,01-06-21
U000617,MOV104175,3,08-10-21
U000076,MOV119204,5,04-25-24
U000008,MOV115496,2,01-22-18
U000019,MOV107818,5,09-11-22
U000001,MOV114626,4,07-15-15
U000001,MOV118474,2,02-18-25
U000001,MOV116014,2,
U000005,MOV117251,4,05-31-22
U000001,MOV100006,2,05-12-23
U000002,MOV100006,1,06-14-23
U000396,MOV100557,5,04-14-22
U000163,MOV115207,4,08-01-15
U000026,MOV101108,3,01-15-24
U000034,MOV105990,3,10-21-19
U000631,MOV109585,1,07-19-24
U000001,MOV100006,4,04-11-25
U000109,MOV115356,3,03-04-24
U000001,MOV119162,1,06-21-25
U000043,MOV100006,4,11-25-19
U000004,MOV115567,4,04-25-23
U000002,MOV102154,1,06-14-18
U000002,MOV100006,4,04-30-19
U000001,MOV119635,3,07-05-24
U000005,MOV100262,4,08-07-23
U000429,MOV117532,4,03-14-25
U000001,MOV108091,4,12-06-21
U000001,MOV109658,3,09-30-23
U001436,MOV117452,4,01-01-20
U000737,MOV106037,4,10-25-19
U000001,MOV104244,5,07-02-19
U001400,MOV115094,5,12-20-25
U000002,MOV105990,4,01-14-25
U000001,MOV114626,1,05-18-23
U000006,MOV105574,3,01-25-21
U000042,MOV100006,4,11-26-19
U000001,MOV119204,5,08-15-25
U000890,MOV114741,4,02-07-23
U000001,MOV100006,3,12-14-22
U000199,MOV119272,1,05-10-22
U000001,MOV110816,4,06-04-25
U000053,MOV105990,,08-20-15
U000013,MOV112232,4,05-18-16
U002843,MOV111434,5,12-26-19
U000011,MOV100006,5,01-11-24
U000001,MOV117948,2,12-19-22
U000002,MOV100006,5,08-09-24
U000013,MOV114993,3,01-29-23
U000018,MOV105536,1,06-10-23
U000001,MOV113048,3,03-29-19
U000048,MOV110144,5,09-02-24
U000008,MOV103033,1,09-23-23
U000002,MOV100006,3,08-21-25
U000001,MOV100006,3,04-05-24
U000186,MOV107357,4,03-02-19
U000014,MOV104095,5,08-30-17
U000001,MOV110262,5,03-02-23
U001268,MOV100006,4,09-30-18
U000004,MOV118089,5,07-20-24
U000016,MOV119204,4,03-05-18
U000001,MOV119272,4,07-29-21
U000001,MOV102303,4,06-23-25
U000004,MOV114626,4,06-15-19
U000002,MOV117111,4,11-11-24
U000007,MOV101539,2,03-29-24
U000002,MOV106380,2,05-05-20
U000209,MOV100006,4,02-16-20
U000008,MOV110790,4,09-12-18
U000007,MOV114343,5,11-27-23
U000386,MOV100006,5,08-20-21
U000003,MOV119635,4,03-31-15
U000001,MOV111827,5,01-03-18
U000052,MOV116311,4,03-26-19
U000005,MOV100713,5,
U000002,MOV119635,4,11-19-23
U000003,MOV118828,5,05-13-25
U000018,MOV101438,3,09-01-25
U000002,MOV113835,5,11-16-25
U000028,MOV115400,5,04-03-21
U001572,MOV109166,4,04-15-18
U000004,MOV105990,4,12-31-15
U000001,MOV110790,3,04-20-17
U000001,MOV101879,4,06-11-21
U000003,MOV115486,4,05-07-20
U000039,MOV114626,1,07-05-22
U000036,MOV116203,1,09-06-23
U000298,MOV107684,3,11-18-23
U000002,MOV107898,4,09-29-25
U002625,MOV101108,4,07-18-19
U000005,MOV119204,2,11-03-20
U000873,MOV106037,4,12-25-24
U000339,MOV109869,5,12-01-16
U000016,MOV119635,3,09-29-25
U000005,MOV106110,1,04-21-20
U000019,MOV110304,4,04-08-21
U000002,MOV100006,4,01-18-21
U000001,MOV100006,4,03-01-23
U000004,MOV101607,4,09-11-25
U000013,MOV105536,5,06-12-25
U000001,MOV103605,5,10-04-17
U000001,MOV119635,4,04-01-24
U000001,MOV102620,4,05-29-16
U000001,MOV117066,4,05-11-25
U000004,MOV100006,4,08-27-25
U003299,MOV109602,4,05-07-21
U000019,MOV101108,4,01-26-24
U000362,MOV105896,4,12-04-23
U000011,MOV116710,3,07-12-24
U000001,MOV100006,5,05-16-25
U000007,MOV101108,3,10-23-25
U000026,MOV101202,3,05-09-18
U004245,MOV113511,2,11-24-21
U000008,MOV100912,4,09-17-25
U000002,MOV110026,5,12-09-21
U000001,MOV107772,3,05-23-17
U000015,MOV108217,2,04-09-19
U000004,MOV113048,4,03-31-25
U000001,MOV100006,4,01-07-24
U000001,MOV100006,3,10-22-24
U000001,MOV100006,4,05-12-24
U000001,MOV100006,5,04-28-23
U000022,MOV114425,1,12-22-22
U000493,MOV100951,4,02-02-21
U003951,MOV110026,3,05-17-21
U000030,MOV108811,5,11-09-20
U000001,MOV100208,4,08-16-21
U000004,MOV119635,3,07-04-25
U000001,MOV101659,4,04-11-22
U000016,MOV114184,5,06-30-25
U000002,MOV113048,4,08-18-24
U000361,MOV101478,3,03-17-19
U000008,MOV119204,4,11-21-24
U000016,MOV100006,4,05-09-23
U000007,MOV110790,5,05-29-18
U000004,MOV100006,5,06-30-25
U000011,MOV101840,2,12-10-20
U000002,MOV106269,3,08-01-20
U000010,MOV100006,4,03-31-21
U000050,MOV111941,3,05-24-22
U000318,MOV101108,2,12-24-25
U000004,MOV104975,2,04-20-24
U000004,MOV116470,4,03-30-24
U000155,MOV104697,3,02-09-23
U000201,MOV110828,3,08-15-15
U000001,MOV114993,3,10-05-19
U000016,MOV104896,5,07-18-16
U000017,MOV108388,4,01-01-21
U001112,MOV116058,3,12-30-22
U000010,MOV110790,3,11-10-17
U000007,MOV117948,3,06-27-22
U000003,MOV103386,5,08-02-24
U000032,MOV105990,4,12-28-23
U000013,MOV118548,4,01-14-24
U000002,MOV105990,4,09-21-21
U000010,MOV101289,5,04-18-15
U000003,MOV116203,5,12-25-25
U000103,MOV110026,4,12-01-19
U000001,MOV119635,2,07-01-16
U000001,MOV116536,3,01-01-25
U000006,MOV102865,3,07-07-17
U000126,MOV119272,4,08-20-22
U000003,MOV119635,1,02-18-25
U001536,MOV110026,3,12-03-19
U003757,MOV119635,5,12-23-24
U000025,MOV118556,3,06-28-23
U000002,MOV108540,4,07-30-23
U000001,MOV102728,3,08-18-20
U000001,MOV106689,3,10-21-24
U000370,MOV100006,4,03-29-21
U000168,MOV106689,5,07-19-23
U000003,MOV114424,3,04-07-20
U000021,MOV104247,2,04-29-17
U000001,MOV117251,3,09-17-16
U000001,MOV105990,4,06-09-25
U000007,MOV119646,4,12-21-25
U000127,MOV119272,4,09-30-25
U000003,MOV119508,5,10-20-22
U000835,MOV119204,3,07-04-21
U000003,MOV110932,5,01-12-24
U000004,MOV100006,4,04-19-22
U000002,MOV100535,2,11-04-25
U000008,MOV105990,5,10-18-25
U000813,MOV114601,4,12-26-20
U000017,MOV119635,4,09-06-23
U000041,MOV102058,3,05-29-25
U000001,MOV114993,4,07-15-22
U000001,MOV119000,4,04-14-24
U000008,MOV108786,5,12-21-21
U000100,MOV100006,3,01-08-24
U000055,MOV119204,4,03-19-19
U000057,MOV114626,4,12-22-24
U000005,MOV100713,2,02-01-24
U000040,MOV100006,4,12-23-18
U000001,MOV105990,5,02-11-21
U000259,MOV109280,5,04-17-24
U000001,MOV105690,2,10-13-22
U000001,MOV113965,4,03-15-25
U000586,MOV115413,4,08-02-25
U000002,MOV105896,5,11-24-20
U000216,MOV105990,4,09-19-25
U002013,MOV109906,2,10-27-22
U000381,MOV117066,3,06-13-23
U000003,MOV100199,1,11-26-18
U000253,MOV100006,3,05-15-25
U003064,MOV111472,2,03-09-24
U000002,MOV100003,4,07-28-18
U000011,MOV103050,4,09-10-24
U000001,MOV114626,3,
U000002,MOV112137,3,09-16-18
U000001,MOV119635,4,11-18-22
U000044,MOV105990,3,11-29-24
U000795,MOV101108,5,08-24-22
U000056,MOV101108,4,04-04-25
U000023,MOV117287,3,08-13-17
U000161,MOV119635,5,06-06-21
U000198,MOV114281,3,02-17-25
U000001,MOV109074,4,
U000016,MOV103505,4,11-06-20
U000001,MOV117164,4,03-09-21
U001042,MOV119054,3,06-01-22
U000001,MOV100006,5,07-08-21
U000008,MOV100006,4,03-26-25
U000007,MOV102061,3,01-09-19
U000063,MOV105990,2,03-01-24
U000010,MOV118556,3,
U000051,MOV107386,4,07-28-24
U000005,MOV119295,5,04-30-24
U000004,MOV114972,3,01-30-24
U000002,MOV114993,3,06-10-23
U000005,MOV119272,2,
U000002,MOV119660,3,06-24-23
U000001,MOV100899,5,09-07-22
U000146,MOV114626,2,04-26-25
U000897,MOV100880,5,06-30-21
U000103,MOV100006,3,09-19-20
U000099,MOV116580,4,06-26-22
U000016,MOV119635,3,04-21-21
U000001,MOV110809,4,12-02-18
U000001,MOV110026,5,01-14-22
U000002,MOV101108,2,06-11-23
U000003,MOV100006,3,05-11-20
U000005,MOV103663,3,05-13-22
U000014,MOV110828,4,06-20-22
U000002,MOV100006,5,09-04-22
U000075,MOV107719,5,07-08-19
U000146,MOV117235,4,01-15-24
U000002,MOV106336,3,04-14-16
U000005,MOV112232,4,09-22-22
U000020,MOV114626,4,09-17-18
U004211,MOV109221,5,04-16-24
U000006,MOV103605,3,03-26-25
U000010,MOV100006,2,02-28-25
U000004,MOV100006,2,07-15-21
U000010,MOV106689,5,03-05-25
U000109,MOV116663,3,02-18-25
U000002,MOV100373,3,12-17-23
U000321,MOV102405,4,10-09-15
U000002,MOV119635,2,
U000003,MOV110026,4,04-09-16
U000049,MOV117349,1,03-07-24
U000309,MOV100006,3,09-10-24
U000001,MOV100006,3,04-21-23
U000001,MOV100342,4,07-16-22
U000360,MOV109221,5,04-24-25
U000002,MOV117948,3,02-24-21
U000034,MOV119109,4,05-20-23
U000002,MOV109221,5,06-05-21
U000345,MOV105990,5,05-27-25
U002992,MOV117623,1,03-13-24
U000003,MOV100006,4,02-03-24
U000139,MOV113048,4,11-18-24
U000010,MOV100006,3,01-29-23
U000162,MOV107984,5,01-12-18
U000427,MOV101681,5,08-22-25
U000007,MOV119272,5,06-03-18
U000081,MOV102699,4,11-05-20
U000185,MOV118492,5,06-28-22
U001285,MOV118556,4,09-25-24
U000001,MOV113048,2,05-19-24
U000003,MOV101108,4,06-02-25
U000004,MOV111271,4,03-22-25
U000002,MOV119272,3,03-10-21
U000001,MOV110828,3,09-09-23
U000052,MOV119272,4,11-19-25
U000716,MOV100006,4,06-15-16
U000012,MOV118510,5,11-01-23
U000019,MOV115070,4,02-16-19
U000141,MOV113766,2,11-24-25
U000292,MOV119204,3,08-27-18
U000040,MOV116169,2,11-18-22
U000009,MOV112232,5,11-16-25
U000002,MOV119225,5,10-13-25
U000127,MOV110026,4,01-07-19
U000041,MOV117793,4,11-28-25
U000026,MOV119635,2,04-27-18
U000004,MOV116803,1,01-02-25
U000004,MOV100006,4,04-24-22
U002758,MOV119635,2,01-13-16
U000007,MOV106834,4,06-01-22
,MOV114626,2,12-06-25
U000007,MOV116033,3,03-13-23
U000008,MOV114784,4,08-14-22
U000054,MOV115420,4,07-10-16
U000020,MOV112232,3,04-26-25
U002817,MOV101034,4,05-03-23
U000001,MOV110866,3,10-21-20
U000002,MOV118548,3,06-12-25
U000002,MOV102147,4,12-24-21
U000001,,3,08-24-20
U000045,MOV101202,5,06-24-24
U000008,MOV101202,3,09-30-17
U000023,MOV117566,2,10-17-24
U000008,MOV113048,3,02-22-24
U000003,MOV117251,3,11-16-17
U000025,MOV113766,3,07-21-25
U000409,MOV107309,1,05-16-25
U000049,MOV119533,5,09-16-18
U000001,MOV105726,5,04-07-24
U000004,MOV111876,5,09-13-17
U000001,MOV116667,5,04-15-21
U000002,MOV100006,3,05-20-22
U000222,MOV101734,5,08-04-16
U000002,MOV114424,3,05-23-24
U000092,MOV108026,5,03-02-22
U000009,MOV101108,3,03-05-20
U000013,MOV119272,3,03-02-23
U000305,MOV110790,5,01-07-21
U000040,MOV108506,3,04-24-24
U000001,MOV110809,2,07-27-25
U001198,MOV103016,4,08-13-22
U000001,MOV105990,2,08-13-15
U000011,MOV100006,4,11-29-20
U000002,MOV114909,4,05-29-25
U000972,MOV105526,4,02-25-22
U000003,MOV114993,3,11-28-23
U000001,MOV100006,3,12-21-24
U000002,MOV101202,2,08-23-25
U000006,MOV119272,5,11-02-24
U000003,MOV114570,3,02-24-24
U000003,MOV114992,2,11-08-25
U000002,MOV100006,2,08-27-25
U000481,MOV100006,5,11-11-21
U000055,MOV119400,2,02-28-18
U000437,MOV100718,3,08-24-25
U000003,MOV114424,4,07-16-21
U000001,MOV110828,3,01-22-24
U000001,MOV100006,3,02-15-25
U000045,MOV108787,3,04-02-24
U000686,MOV119635,4,09-01-25
U000008,MOV105483,3,04-03-25
U000093,MOV119635,4,03-24-23
U000285,MOV104057,2,10-12-23
U000004,MOV100006,2,01-17-16
U000008,MOV109221,5,12-07-25
U000089,MOV114110,1,09-28-21
U000005,MOV113136,5,03-02-19
U000023,MOV101202,4,10-24-22
U000001,MOV100006,4,08-28-20
U000003,MOV108419,3,07-01-23
U000001,MOV116251,5,07-17-19
U000260,MOV105765,2,01-14-25
U000257,MOV114993,3,11-08-21
U000036,MOV106884,2,10-02-19
U000001,MOV103610,3,05-07-20
U000001,MOV100006,4,02-20-24
U000002,MOV106834,3,05-25-20
U000022,MOV113048,4,
U000556,MOV108506,5,08-17-25
U000061,MOV110026,4,09-13-24
U000254,MOV117948,5,12-28-22
U000001,MOV111434,4,09-25-25
U000001,MOV103610,4,09-28-17
U000115,MOV100006,4,11-14-24
U000026,MOV104600,4,09-27-20
U000634,MOV106834,5,11-22-18
U000092,MOV114993,4,04-18-19
U000520,MOV100006,2,03-29-23
U000010,MOV100557,5,08-16-25
U002408,MOV105990,3,03-24-20
U000004,MOV110809,3,12-16-25
U000001,MOV102297,4,01-04-15
U000076,MOV112170,3,05-23-23
U000003,MOV113884,5,03-17-21
U000060,MOV119272,4,09-02-25
U000016,MOV103247,3,09-09-17
U000450,MOV114626,5,09-22-25
U000113,MOV119204,4,11-04-19
U000005,MOV100006,5,10-18-24
U000050,MOV117382,1,06-10-21
U000006,MOV100006,3,09-13-23
U000001,MOV100006,4,04-15-22
U000010,MOV116820,4,07-28-24
U001510,MOV109223,5,11-16-23
U000003,MOV114784,5,01-15-25
U000001,MOV113657,3,03-31-23
U000001,MOV100006,4,03-04-25
U000001,MOV100006,5,05-19-25
U000201,MOV105896,4,02-04-22
U000381,MOV100006,3,03-13-24
U000001,MOV114626,4,02-26-17
U000029,MOV101108,5,10-16-21
U000005,MOV106874,5,12-28-21
U000001,MOV119272,4,12-07-23
U000041,MOV110262,3,08-25-24
U000086,MOV109321,4,11-08-25
U000006,MOV107675,4,09-20-18
U000062,MOV100006,4,07-27-22
U000001,MOV119363,1,07-30-16
U000001,MOV104786,5,06-08-19
U000016,MOV111876,1,06-14-19
U000481,MOV101108,3,06-07-24
U000514,MOV109221,5,02-06-25
U002342,MOV108108,4,07-14-20
U000068,MOV118556,3,07-03-24
U000001,MOV119635,3,09-15-18
U000001,MOV103032,5,12-24-18
U000005,MOV105764,2,03-22-25
U000001,MOV101202,3,01-22-24
U000002,MOV105990,3,11-20-24
U000001,MOV119635,3,09-15-25
U000971,MOV112612,4,08-05-24
U000001,MOV104011,2,10-26-25
U000001,MOV104371,2,01-21-18
U000005,MOV105990,2,07-29-19
U001570,MOV113048,2,07-20-25
U000002,MOV116247,5,05-26-25
U000012,MOV100006,4,06-01-22
U000002,MOV116741,2,02-21-21
U000120,MOV105990,5,11-05-25
U000001,MOV108360,3,01-17-21
U000003,MOV109221,3,03-19-17
U000002,MOV115929,3,10-24-25
U000020,MOV117851,4,04-26-24
U000831,MOV100006,5,03-06-22
U001320,MOV111029,4,12-25-24
U000823,MOV111318,5,01-19-17
U000393,MOV108229,2,11-05-21
U000159,MOV111434,5,05-10-18
U000002,MOV106874,4,11-02-20
U000011,MOV118828,5,06-28-23
U000003,MOV116181,4,09-09-21
U000808,MOV106176,3,09-08-19
U000016,MOV111876,2,04-14-15
U000001,MOV113645,4,08-04-24
U000004,MOV103334,4,03-09-22
U000032,MOV113048,5,04-17-15
U001128,MOV101202,4,06-02-21
U000433,MOV101414,1,08-26-20
U000012,MOV119635,4,10-21-25
U000006,MOV119272,3,05-10-24
U000005,MOV107014,3,12-27-25
U000817,MOV105661,5,07-10-25
U001272,MOV112909,4,11-03-20
U000009,MOV110026,4,07-28-24
U000006,MOV100006,2,02-26-21
U000026,MOV107684,3,07-19-25
U000002,MOV114360,1,07-10-24
U000233,MOV113048,5,10-18-24
U000003,MOV117969,4,04-24-22
U000005,MOV107845,4,12-09-20
U000152,MOV101108,4,09-11-24
U000030,MOV116813,5,08-05-24
U000017,MOV114993,4,04-09-25
U000020,MOV103334,4,08-10-21
U000002,MOV119635,4,06-03-19
U000199,MOV113387,5,05-30-15
U000003,MOV105764,3,04-21-20
U000004,MOV119635,4,08-11-22
U000022,MOV119635,3,07-13-19
U000015,MOV118288,4,04-30-19
U003762,MOV114919,3,12-03-18
U000004,MOV108419,2,08-05-17
U000015,MOV100006,4,02-15-25
U000001,MOV111434,2,12-05-21
U000002,MOV118035,3,10-05-25
U000013,MOV105990,3,05-21-15
U000009,MOV107687,3,02-19-25
U000661,MOV114755,5,12-04-23
U000007,MOV100557,1,02-09-23
U000060,MOV100006,4,06-22-24
U000001,MOV100006,4,07-06-24
U000020,MOV119272,3,01-23-20
U000013,MOV119635,5,02-22-20
U000003,MOV110026,4,09-27-24
U000023,MOV111159,4,04-17-21
U000001,MOV105990,3,10-24-24
U000002,MOV100751,3,10-24-23
U000027,MOV103605,2,01-11-23
U001619,MOV119635,1,05-24-25
U000018,MOV109602,5,01-27-23
U000004,MOV100751,4,10-27-21
U000002,MOV118556,4,06-04-21
U000023,MOV103091,4,07-28-23
U000014,MOV117481,5,04-11-25
U000001,MOV116663,3,09-04-21
U000009,MOV116707,3,11-30-19
U000036,MOV105364,2,10-25-25
U000001,MOV114993,3,11-28-19
U000001,MOV119272,3,02-25-24
U001050,MOV115879,4,09-25-23
U000001,MOV100359,2,05-11-24
U000021,MOV115420,4,01-18-25
U000002,MOV118492,5,07-12-15
U000121,MOV110026,5,01-30-15
U000012,MOV101108,3,04-28-23
U000068,MOV114626,2,10-14-20
U000115,MOV109993,5,08-03-23
U000048,MOV104047,4,07-19-21
U000002,MOV101108,3,09-06-24
U000018,MOV113846,2,10-04-21
U001441,MOV110828,4,09-14-25
U000021,MOV111759,2,08-17-15
U000001,MOV111888,3,01-27-25
U000050,MOV100006,4,04-12-22
U000001,MOV112362,5,09-13-22
U000008,MOV116203,1,05-21-24
U000030,MOV102996,5,11-28-21
U000002,MOV102397,4,10-29-20
U000087,MOV100006,4,06-01-25
U000008,MOV100006,2,12-27-18
U000002,MOV100006,3,
U000010,MOV117251,5,09-03-25
U000001,MOV108984,3,10-14-21
U000047,MOV119635,5,10-13-25
U000002,MOV100158,4,10-06-21
U003806,MOV101108,3,01-27-16
U000057,MOV107386,4,05-20-24
U000038,MOV112232,4,10-13-23
U000001,MOV113800,5,01-10-25
U000194,MOV119272,4,02-17-23
U000026,MOV102969,5,07-09-21
U000001,MOV105990,3,11-24-24
U000239,MOV119272,3,06-15-18
U000005,MOV110026,2,11-08-20
U000014,MOV100006,5,05-07-19
U000409,MOV119457,5,04-01-22
U000213,MOV118752,2,01-13-20
U000218,MOV110144,3,10-28-25
U000001,MOV100006,4,10-31-24
U000145,MOV113381,5,01-20-18
U000064,MOV117002,3,
U001471,MOV100006,2,
U000921,MOV105805,4,08-13-17
U000054,MOV119635,4,09-13-18
U000155,MOV113048,3,10-15-20
U000389,MOV109328,3,11-21-18
U000041,MOV105990,3,10-01-22
U000173,MOV118556,4,10-30-19
U000003,MOV119635,2,07-19-19
U000001,MOV100006,4,01-13-20
U000267,MOV106021,5,05-07-23
U000001,MOV119272,3,05-27-22
U000001,MOV119204,5,01-12-22
U000005,MOV102996,1,12-23-25
U000001,MOV112237,5,02-03-22
U000173,MOV101108,2,09-21-16
U000184,MOV119272,1,12-20-23
U000001,MOV116852,4,10-14-21
U000032,MOV119635,4,06-18-19
U000014,MOV105482,4,11-02-18
U000001,MOV100557,3,09-27-23
U000011,MOV103599,1,11-23-22
U000001,MOV108508,4,09-06-21
U000035,MOV105693,5,09-27-15
U000104,MOV109874,3,06-24-18
U000009,MOV105990,3,05-21-23
U000001,MOV105990,4,11-23-25
U000008,MOV101681,3,04-21-16
U000002,MOV114626,4,10-18-24
U000332,MOV110262,1,09-26-25
U000149,MOV101108,3,09-20-22
U000015,MOV113739,4,05-04-16
U000003,MOV117948,5,05-22-25
U000031,MOV111488,3,07-13-22
U000032,MOV102191,3,07-16-19
U000002,MOV103605,4,06-08-25
U000001,MOV119272,4,12-11-24
U000348,MOV112232,5,10-17-20
U002746,MOV103159,3,09-15-21
U000026,MOV106635,5,09-26-25
U000002,MOV107473,4,04-01-25
U000004,MOV118556,4,12-12-21
U000001,MOV108419,3,03-13-20
U000002,MOV118556,4,10-20-22
U000007,MOV109629,2,12-18-24
U000013,MOV116181,5,11-14-20
U000001,MOV111574,3,11-19-23
U003194,MOV109221,2,05-16-15
U000010,MOV105966,3,06-20-18
U000028,MOV100006,5,11-13-22
U000002,MOV103605,3,12-05-25
U000181,MOV104826,4,01-06-18
U000003,MOV104697,4,08-17-16
U000006,MOV103748,2,04-16-21
U000001,MOV119635,5,11-10-24
U000439,MOV118615,4,11-26-19
U000015,MOV114784,4,12-10-25
U000004,MOV101386,2,08-25-20
U001928,MOV104187,2,11-15-22
U000705,MOV101108,4,
U000013,MOV113420,4,08-30-15
U000001,MOV114626,3,10-13-22
U000001,MOV110026,3,02-20-21
U000020,MOV113048,4,02-14-22
U000003,MOV104979,2,01-09-24
U000003,MOV107070,4,04-11-23
U000009,MOV105427,4,07-10-16
U000008,MOV118556,4,03-30-23
U000001,MOV100006,5,03-29-19
U000001,MOV107070,3,11-30-22
U000145,MOV119272,4,06-13-23
U000026,MOV114626,4,04-10-21
U002711,MOV105990,3,03-10-25
U000004,MOV100006,5,10-12-25
U000508,MOV111058,4,03-27-25
U000051,MOV111434,4,10-20-18
U000019,MOV119635,4,
U000033,MOV119660,3,05-10-24
U000947,MOV103048,4,06-21-19
U000001,MOV103233,2,06-26-24
U000001,MOV114601,3,07-09-25
U000063,MOV100006,4,02-21-24
U000036,MOV100006,4,09-29-24
U000146,MOV109221,2,01-12-24
U001021,MOV118035,3,05-11-23
U000140,MOV100006,1,11-02-25
U001570,MOV113766,5,02-09-25
U000014,MOV113974,5,10-29-16
U000001,MOV110026,4,11-19-16
U000003,MOV103605,4,06-07-24
U000055,MOV101756,4,11-01-21
U000731,MOV105483,5,10-13-25
,MOV105990,5,05-14-20
U000001,MOV113535,3,03-12-25
U000001,MOV101216,3,01-20-19
U000425,MOV119635,3,04-30-22
U000008,MOV113766,5,10-23-25
U000006,MOV100006,4,03-05-15
U001902,MOV101229,4,09-29-23
U000004,MOV115894,5,07-06-17
U000004,MOV100006,1,04-24-22
U000011,MOV108377,4,05-03-23
U000003,MOV107386,4,07-03-23
U000429,MOV119635,4,11-18-20
U000772,MOV116061,5,06-11-22
U000006,MOV107909,4,07-24-25
U000006,MOV100006,4,08-22-16
U000001,MOV114993,4,10-10-21
U000005,MOV116686,4,08-22-22
U001082,MOV104038,4,04-02-22
U000297,MOV105990,3,08-18-23
U000002,MOV119856,5,05-13-23
U001206,MOV111434,4,10-26-25
U000009,MOV113015,5,10-21-24
U000001,MOV107554,1,09-23-18
U000055,MOV114992,5,08-20-25
U000153,MOV112208,2,05-20-25
U000001,MOV114909,3,07-20-24
U000001,MOV116203,3,09-30-22
U000028,MOV102922,4,03-02-21
U000084,MOV116148,5,07-21-16
U000003,MOV112480,5,02-10-15
U000002,MOV100006,4,08-31-15
U000026,MOV118035,3,08-31-20
U000002,MOV101730,5,08-24-21
U000017,MOV105990,4,08-12-17
U000063,MOV119272,4,05-31-23
U000002,MOV105644,4,03-16-25
U000775,MOV118556,4,12-02-21
U000025,MOV112802,3,02-19-25
U000011,MOV111434,4,07-22-19
U000012,MOV102865,4,09-29-25
U000001,MOV115086,4,04-23-22
U000005,MOV100006,4,08-28-19
U000004,MOV116792,2,02-18-24
U000288,MOV116686,4,12-28-25
U000007,MOV119635,2,01-27-24
U000001,MOV102624,5,07-08-21
U000699,MOV100831,4,12-21-25
U001463,MOV105990,4,12-20-25
U000004,MOV100006,3,07-09-24
U000260,MOV115420,4,03-24-25
U000004,MOV100006,4,02-15-15
U000001,MOV119635,4,08-11-25
U000007,MOV118828,2,05-01-22
U000041,MOV114187,4,06-08-21
U000034,MOV100006,5,05-29-25
U000108,MOV113143,4,05-29-19
U000002,MOV104270,5,07-10-23
U000002,MOV100006,3,01-21-21
U000027,MOV101108,5,12-24-25
U000002,MOV112873,4,
U000001,MOV111876,2,03-30-25
U000557,MOV114896,4,11-04-24
U000018,MOV110367,5,09-23-22
U000002,MOV106983,2,08-27-25
U000001,MOV105355,5,11-07-25
U000006,MOV106689,3,10-22-24
U000001,MOV100006,3,07-17-25
U000094,MOV119370,5,07-08-22
U000001,MOV119635,5,07-03-20
U000197,MOV106449,5,05-24-25
U000092,MOV119272,4,07-20-20
U000002,MOV117698,4,04-10-18
U000175,MOV100006,4,07-21-25
U000003,MOV100006,3,09-12-23
U000796,MOV109915,3,11-10-18
U000007,MOV104768,3,03-11-25
U000007,MOV103610,4,11-02-24
U000002,MOV100006,3,10-26-22
U000002,MOV113048,2,04-04-23
U000020,MOV116468,5,05-03-22
U000135,MOV105990,2,11-06-22
U000003,MOV102801,5,05-20-23
U000019,MOV101108,5,10-24-17
U000221,MOV117940,4,07-12-17
U000146,MOV112232,3,08-20-19
U000032,MOV100006,4,04-26-24
U000006,MOV100006,5,02-19-22
U000001,MOV114626,4,04-23-23
U000030,MOV107017,4,11-13-24
U000486,MOV104969,3,05-05-21
U000001,MOV100006,4,01-05-24
U000002,MOV105134,2,02-27-20
U000002,MOV100295,3,11-10-24
U000003,MOV119204,3,06-07-20
U000010,MOV100006,3,12-04-21
U000003,MOV111876,5,11-27-21
U000003,MOV101202,2,07-20-23
U000001,MOV113313,2,07-06-21
U001656,MOV106186,1,10-17-21
U000023,MOV119272,2,04-01-22
U000004,MOV114626,4,04-17-25
U000031,MOV100006,3,12-22-19
U000144,MOV110690,4,11-09-25
U001129,MOV119635,4,07-04-19
U000001,MOV106333,4,03-23-25
U000011,MOV119272,3,01-09-23
U000001,MOV104128,3,11-05-20
U000007,MOV110868,2,12-28-15
U000063,MOV111001,4,11-25-16
U000010,MOV109826,5,11-05-21
U000139,MOV103076,3,10-31-19
U003890,MOV109536,4,06-15-21
U000001,MOV113223,3,11-10-25
U002555,MOV113418,4,07-05-19
U000022,MOV101108,4,10-02-23
U000162,MOV118556,5,12-08-24
U001148,MOV100006,3,05-03-16
U000019,MOV104756,4,07-01-21
U000008,MOV102662,4,08-09-24
U000306,MOV100006,3,05-02-23
U000053,MOV119635,4,06-15-17
U000014,MOV119204,4,08-13-23
U000019,MOV105990,3,10-20-20
U002694,MOV104002,5,09-15-23
U000003,MOV100006,1,03-07-22
U000014,MOV116470,4,10-25-23
U000216,MOV105990,5,10-23-25
U000004,MOV100557,3,11-30-24
U000002,MOV118556,2,07-18-23
U000001,MOV110026,3,01-06-23
U000028,MOV100006,4,10-25-25
U000158,MOV114896,4,01-27-20
U000008,MOV117251,4,07-04-24
U000760,MOV109913,3,10-25-21
U000025,MOV108836,1,05-13-16
U000002,MOV118556,4,09-27-16
U000021,MOV119450,4,10-31-15
U000002,MOV100307,4,10-30-22
U000035,MOV116536,4,11-24-23
U004138,MOV110026,2,09-17-21
U002783,MOV103122,3,04-28-18
U000001,MOV114755,5,06-20-23
U000198,MOV118159,4,10-16-24
U000001,MOV100831,4,
U000020,MOV104877,5,05-30-19
U001349,MOV118538,4,10-04-22
U000003,MOV100006,4,11-13-21
U000045,MOV119204,3,09-27-25
U000046,MOV101501,4,06-26-18
U000008,MOV117251,5,09-28-20
U000009,MOV117501,3,
U000043,MOV119272,4,03-10-21
U000006,MOV104018,4,11-14-19
U000150,MOV101238,1,02-20-24
U000018,MOV103429,4,01-24-21
U000001,MOV116203,3,08-10-19
U000001,MOV102801,2,06-28-24
U000003,MOV109280,4,11-27-20
U000024,MOV100006,2,09-25-23
U000006,MOV109869,3,05-09-25
U000003,MOV112165,5,04-26-25
U000022,MOV114784,2,
U000033,MOV118696,2,07-16-23
U000046,MOV113048,4,07-05-19
U000010,MOV106689,5,01-04-24
U000027,MOV113420,4,10-30-21
U000054,MOV105896,3,03-31-19
U000113,MOV100006,4,09-09-24
U000020,MOV119272,4,01-05-23
U000126,MOV110026,5,10-31-19
U000004,MOV109874,2,10-30-22
U000010,MOV107912,4,10-05-22
U000001,MOV101136,3,08-05-23
U001752,MOV106380,3,05-03-24
U000015,MOV104966,4,02-05-24
U000255,MOV116181,2,06-04-18
U000021,MOV106689,4,05-06-21
U000014,MOV110790,4,07-18-23
U000020,MOV106752,3,11-15-25
U000053,MOV110790,4,01-20-21
U000028,MOV105990,4,11-05-21
U000005,MOV110809,4,10-07-15
U000013,MOV109221,4,06-27-18
U000003,MOV109221,3,01-19-25
U000024,MOV109221,2,06-03-18
U000013,MOV110026,4,01-10-25
U000572,MOV105896,5,02-12-24
U000004,MOV112232,4,10-21-24
U000009,MOV114896,4,03-15-23
U000001,MOV106331,3,11-09-25
U001649,MOV119272,5,12-16-25
U000001,MOV109221,5,04-13-25
U000020,MOV105990,3,12-25-21
U000001,MOV106048,5,03-21-19
U000001,MOV111550,5,06-16-23
U000003,MOV116536,4,10-15-17
U000026,MOV103605,3,10-17-24
U000002,MOV106935,2,10-18-17
U000135,MOV119635,4,01-30-25
U000029,MOV101108,5,08-01-25
U000012,MOV100006,4,12-07-19
U000536,MOV100006,4,05-17-20
U000072,MOV119635,3,06-06-21
U000010,MOV109221,5,01-16-16
U002799,MOV116504,3,04-24-25
U000001,MOV107103,5,08-05-22
U000051,MOV109602,4,02-28-23
U000001,MOV100557,1,10-20-23
U000008,MOV116203,3,09-21-15
U000013,MOV102992,4,11-23-23
U000167,MOV117962,4,06-17-24
U000002,MOV100006,3,06-16-22
U000051,MOV105990,3,07-16-23
U000024,MOV101108,3,04-02-19
U000001,MOV109221,4,11-23-25
U000001,MOV114670,4,07-23-22
U000096,MOV119204,2,06-20-22
U000010,MOV101501,1,10-23-19
U000004,MOV100006,4,03-01-16
U000022,MOV119635,2,01-21-21
U000049,MOV101202,4,05-16-25
U000001,MOV103794,4,09-03-25
U000033,MOV100006,4,12-29-20
U000006,MOV106783,2,03-12-21
U000004,MOV114710,3,02-27-24
U000013,MOV108360,3,07-18-23
U000005,MOV119635,4,01-20-15
U003049,MOV119186,4,04-26-24
U000015,MOV102969,4,01-29-23
U000053,MOV108035,4,09-01-23
U000014,MOV100006,5,12-23-24
U000007,MOV101912,3,06-26-22
U000006,MOV119635,4,04-08-24
U000005,MOV119204,2,07-24-25
U000001,MOV108870,3,12-12-24
U000919,MOV107770,3,07-04-25
U000015,MOV100006,3,01-25-23
U000343,MOV113735,5,01-11-24
U000001,MOV110790,4,06-01-23
U000011,MOV103610,4,12-18-25
U000003,MOV119272,3,03-26-24
U000006,MOV118556,4,07-21-21
U000043,MOV100006,3,02-21-22
U000004,MOV101108,5,03-22-24
U000018,MOV105990,4,08-31-20
U000001,MOV105990,5,05-22-22
U000001,MOV116741,2,07-03-22
U000001,MOV105990,2,02-23-24
U000076,MOV114289,5,11-14-23
U000011,MOV117485,4,06-23-23
U000319,MOV101237,3,04-17-24
U000003,MOV100006,5,07-30-18
U000024,MOV119635,3,08-09-20
U003549,MOV111340,3,08-26-18
U000384,MOV109822,3,02-04-25
U000008,MOV101922,5,05-13-25
U000006,MOV117793,4,05-19-24
U000011,MOV100006,3,01-18-17
U000013,MOV100006,5,05-07-20
U000004,MOV116181,3,06-20-15
U001219,MOV115028,3,09-23-25
U000006,MOV103768,3,05-15-21
U000001,MOV104768,3,09-22-22
U000003,MOV107386,4,10-10-25
U000001,MOV113048,3,11-15-22
U000391,MOV113609,3,11-01-20
U000039,MOV107307,3,01-17-19
U000002,MOV105700,3,06-25-21
U000007,MOV100006,4,10-06-21
U000084,MOV105644,4,10-02-24
U000020,MOV106337,4,06-13-19
U000020,MOV109221,3,05-02-24
U000022,MOV109166,3,09-23-15
U000118,MOV105990,2,08-13-18
U000001,MOV110882,4,06-26-25
U000055,MOV110015,4,04-17-19
U000014,MOV100006,4,05-20-22
U001849,MOV118556,3,11-20-20
U000032,MOV119635,2,09-11-25
U000011,MOV104770,5,03-06-17
U000190,MOV114993,4,12-10-21
U000004,MOV119635,4,02-17-18
U000002,MOV109997,5,04-10-23
U000006,MOV119272,5,01-23-15
U000070,MOV119272,4,01-07-25
U000007,MOV107106,3,03-20-20
U000081,MOV115830,5,06-05-24
U000129,MOV107817,2,02-18-24
U000008,MOV109221,4,10-05-16
U000001,MOV105990,2,07-09-25
U000001,MOV114626,4,12-28-23
U000001,MOV119635,5,07-30-20
U000978,MOV105990,3,01-21-22
U000017,MOV111434,5,10-27-22
U000133,MOV118556,4,03-20-20
U000001,MOV113048,4,12-19-24
U000001,MOV114626,5,08-06-22
U000003,MOV113048,4,02-05-15
U000225,MOV113204,3,10-25-24
U000002,MOV107070,5,12-30-16
U000005,MOV105990,4,12-09-16
U000011,MOV110790,4,03-30-18
U000002,MOV100006,4,01-30-20
U001875,MOV119714,4,11-23-23
U000001,MOV101539,4,05-18-25
U000051,MOV100006,4,11-06-25
U000048,MOV110809,3,04-11-22
U000022,MOV106146,2,04-07-18
U000056,MOV119635,4,07-10-22
U001055,MOV101202,4,11-01-24
U000012,MOV103444,4,11-29-19
U000001,MOV100006,3,09-25-21
U000020,MOV112801,3,01-17-25
U002567,MOV114626,3,04-07-23
U000008,MOV119635,4,05-26-17
U000389,MOV109221,5,07-13-25
U000518,MOV119671,4,05-20-25
U000001,MOV119272,4,
U000003,MOV113048,3,12-03-19
U000005,MOV106656,4,03-23-22
U000003,MOV104768,5,12-14-23
U000227,MOV109536,4,01-16-25
U000038,MOV116837,3,10-30-25
U000003,MOV117349,4,08-02-25
U000017,MOV100006,4,11-30-18
U000014,MOV101034,4,02-19-25
U000004,MOV114626,3,01-16-24
U000395,MOV100006,3,04-15-25
U000003,MOV119635,4,06-15-25
U000001,MOV110868,2,09-15-22
U000101,MOV104697,4,06-28-19
U001362,MOV100006,3,08-14-21
U000001,MOV104737,5,03-18-22
U000001,MOV100006,4,11-30-25
U000003,MOV100006,3,05-25-25
U000102,MOV114626,4,07-04-18
U000019,MOV108836,4,07-20-20
U000041,MOV111659,4,02-09-19
U000766,MOV114345,5,11-19-18
U000817,MOV105990,3,10-26-16
U000149,MOV104244,4,06-09-20
U000001,MOV114652,5,08-07-17
U001004,MOV117948,3,12-26-23
U000608,MOV100006,3,10-07-24
U000014,MOV103605,4,06-28-23
U000001,MOV105990,1,01-19-23
U000001,MOV101108,5,04-14-24
U000002,MOV100006,3,11-02-23
U000006,MOV100006,4,02-02-22
U000001,MOV110917,5,02-19-23
U000001,MOV111234,5,02-19-18
U000002,MOV113048,3,11-03-25
U000001,MOV105482,5,03-04-23
U000002,MOV118556,3,08-07-23
U000079,MOV100006,1,01-18-22
U000002,MOV107687,4,11-23-25
U000001,MOV116203,3,09-28-25
U000143,MOV119635,3,12-05-24
U000001,MOV113431,4,03-29-17
U000002,MOV100006,4,02-25-25
U000003,MOV106380,4,08-01-22
U000001,MOV119272,5,07-01-20
U000418,MOV100006,5,04-28-18
U000001,MOV119635,4,10-14-18
U000003,MOV103076,4,11-13-25
U000012,MOV105990,5,06-17-21
U000006,MOV114993,4,05-11-18
U000049,MOV100006,1,12-28-19
U000211,MOV109130,2,02-02-22
U002953,MOV102274,3,06-18-22
U000003,MOV119635,5,03-02-19
U000001,MOV100713,4,09-16-24
U000014,MOV117010,5,09-05-25
U000001,MOV118089,5,02-27-18
U000007,MOV118093,3,10-20-20
U000008,MOV112152,5,07-10-21
U000003,MOV115053,3,06-21-23
U000050,MOV104768,4,06-04-18
U002237,MOV109221,5,10-26-18
U000018,MOV109977,4,05-17-18
U000213,MOV100006,3,12-23-25
U000795,MOV106333,3,10-31-24
U000005,MOV112427,5,11-10-22
U000003,MOV105990,5,09-21-22
U003859,MOV114710,4,03-11-24
U000001,MOV102145,4,05-17-21
U000001,MOV119204,4,08-15-25
U000007,MOV111202,3,09-09-19
U000004,MOV113048,4,
U000006,MOV113692,5,05-12-23
U000013,MOV107386,4,09-20-25
U001620,MOV105644,3,11-14-22
U000011,MOV111885,4,01-04-24
U000094,MOV100713,5,12-08-23
U000033,MOV110026,1,12-26-21
U000009,MOV104979,4,06-19-24
U000076,MOV119272,4,01-02-22
U000012,MOV114993,5,12-02-25
U000004,MOV110447,3,05-09-23
U000678,MOV117541,5,11-09-18
U000001,MOV100006,4,07-01-15
U000461,MOV104436,2,04-19-21
U000879,MOV118556,3,09-28-24
U000527,MOV104315,4,06-26-25
U000006,MOV109088,4,05-01-25
U000001,MOV119204,2,10-07-20
U000007,MOV119272,3,07-25-25
U000005,MOV100427,4,03-12-25
U000001,MOV113766,2,06-30-23
U000002,MOV116161,4,04-01-24
U000002,MOV100006,4,04-02-25
U000081,MOV110292,3,08-27-17
U000004,MOV113178,5,12-23-19
U000002,MOV110026,4,09-09-19
U000002,MOV100300,4,11-10-25
U000003,MOV110790,4,12-30-17
U000003,MOV101202,5,12-05-22
U000014,MOV112938,4,07-29-21
U000019,MOV100557,2,03-27-20
U000004,MOV100006,4,03-27-25
U000330,MOV110026,2,12-01-20
U000003,MOV114433,4,01-31-24
U000002,MOV105990,4,07-11-24
U000128,MOV105990,5,07-04-22
U000018,MOV119204,4,05-01-20
U000001,MOV105053,4,03-07-25
U000012,MOV111434,4,08-05-22
U000127,MOV110026,,09-19-19
U000019,MOV104697,2,06-21-21
,MOV119204,2,06-27-19
U000036,MOV100006,5,01-29-23
U000049,MOV111491,4,09-20-24
U002074,MOV114611,5,04-14-25
U000358,MOV111837,2,09-10-20
U000001,MOV100006,3,04-01-18
U000007,MOV117978,5,05-30-25
U000007,MOV116787,2,02-17-24
U000003,MOV117948,4,02-17-19
U000066,MOV103643,3,02-27-22
U000001,MOV102324,2,07-15-18
U000369,MOV101103,4,08-21-16
U000093,MOV107913,4,12-16-16
U000016,MOV101108,4,03-31-25
U000002,MOV101492,4,11-17-19
U000675,MOV115170,3,07-14-24
U000124,MOV105438,4,04-20-25
U000001,MOV118556,4,07-20-25
U000003,MOV117948,5,07-23-23
U004036,MOV118474,4,01-25-19
U001372,MOV105990,5,11-15-18
U000833,MOV106037,4,02-27-17
U000009,MOV105990,1,11-03-23
U003098,MOV110262,3,05-20-17
U000039,MOV119635,4,09-14-18
U000007,MOV101108,4,
U000139,MOV109140,2,08-04-23
U000001,MOV100006,4,12-30-23
U001467,MOV117035,5,06-16-23
U000001,MOV103376,4,04-22-19
U000003,MOV103605,5,07-27-18
U000001,MOV101108,1,08-10-24
U000001,MOV110475,5,09-11-24
U000006,MOV110475,3,05-07-20
U000005,MOV100006,4,09-18-18
U000002,MOV105644,3,10-02-24
U000030,MOV108173,4,06-03-20
U000515,MOV100713,4,01-10-20
U000300,MOV114896,4,07-21-25
U000003,MOV119635,2,12-11-25
U000025,MOV113178,4,08-17-24
U000105,MOV101558,4,01-11-18
U000109,MOV110475,5,08-26-20
U001007,MOV108912,5,07-05-24
U000004,MOV119506,3,03-03-23
U000127,MOV100006,4,07-18-25
U000003,MOV114626,3,07-14-22
U000034,MOV101756,3,07-17-16
U001852,MOV102713,4,03-22-22
U000001,MOV100006,4,
U000039,MOV112232,2,10-20-19
U000001,MOV119272,5,05-09-25
U000251,MOV111003,5,12-17-25
U000018,MOV113048,3,05-16-21
U000004,MOV119204,4,05-16-18
U002051,MOV116203,2,05-16-23
U000145,MOV100006,5,04-17-23
U000004,MOV109776,4,06-17-20
U001491,MOV101202,5,08-11-24
U000089,MOV107621,5,03-24-24
U000013,MOV119635,4,01-01-24
U000002,MOV115939,5,09-08-19
U000049,MOV101539,4,11-23-24
U000017,MOV100006,4,07-07-22
U000001,MOV106640,3,12-05-25
U001830,MOV100006,4,10-25-24
U000042,MOV105990,4,10-04-16
U000791,MOV110026,3,01-23-25
U000024,MOV111786,2,07-17-24
U002357,MOV102189,3,07-21-25
U000005,MOV119272,5,04-26-21
U000008,MOV116956,3,04-06-22
U000001,MOV105770,3,02-16-21
U000001,MOV110868,4,05-23-16
U000012,MOV119429,1,05-11-17
U001533,MOV107831,5,07-23-21
U000045,MOV103334,4,11-24-16
U000256,MOV110026,4,10-22-19
U000051,MOV103325,3,03-30-18
U000034,MOV103806,4,07-22-23
U000001,MOV115219,4,09-05-25
U000010,MOV100542,4,05-28-20
U000001,MOV100006,4,05-12-23
U000001,MOV100006,4,09-29-24
U000001,MOV106333,4,11-17-19
U000004,MOV113700,2,10-03-23
U000001,MOV102707,2,05-03-24
U001249,MOV101108,,09-29-25
U000012,MOV119635,2,02-16-18
U001093,MOV104217,2,03-28-21
U000001,MOV100006,4,05-30-25
U000323,MOV111885,3,04-20-25
U000004,MOV106766,3,09-29-19
U000005,MOV100437,4,01-27-25
U000054,MOV106689,4,12-05-25
U000711,MOV110026,4,08-25-24
U000001,MOV105267,4,01-05-25
U000893,MOV119407,3,05-29-21
U000004,MOV104002,3,06-21-23
U000004,MOV100372,4,
U001157,MOV118492,5,11-09-17
U001608,MOV114909,4,05-28-21
U000001,MOV119030,4,09-16-21
U000001,MOV113551,5,10-13-19
U000002,MOV103216,4,04-10-25
U000004,MOV100557,5,11-07-25
U000649,MOV114626,1,06-03-20
U000001,MOV105896,2,12-07-24
U000002,MOV103454,4,04-26-20
U000001,MOV100006,3,07-03-17
U000002,MOV101136,4,08-25-22
U000031,MOV119635,4,03-20-21
U000851,MOV113048,5,12-09-23
U000001,MOV114626,4,11-08-25
U000008,MOV115881,3,01-14-22
U000035,MOV105702,5,10-29-24
U000540,MOV119635,4,02-20-18
U000001,MOV116333,3,04-04-22
U000009,MOV114626,,05-06-21
U000007,MOV100796,1,08-28-21
U000141,MOV113609,5,06-15-19
U000003,MOV107772,3,10-24-21
U000001,MOV118089,5,02-05-23
U000040,MOV114784,3,03-19-20
U001283,MOV114869,5,11-05-25
U000105,MOV119635,3,09-14-21
U000001,MOV114300,4,04-05-23
U000004,MOV100006,1,11-06-23
U000017,MOV109573,5,07-27-24
U000001,MOV112232,4,11-21-16
U000001,MOV119272,3,04-14-25
U000026,MOV114896,4,03-31-21
U000001,MOV119635,3,06-18-22
U000001,MOV100006,3,10-09-22
U000002,MOV119272,1,10-30-25
U000001,MOV105990,5,11-25-23
U000001,MOV110026,4,10-28-25
U000010,MOV114857,5,10-01-21
U000007,MOV119635,5,09-03-21
U000102,MOV113048,3,08-12-17
U000115,MOV105077,2,04-28-19
U002317,MOV100006,4,11-08-18
U000014,MOV101108,4,02-21-21
U000637,MOV100006,2,05-19-21
U000003,MOV109602,4,01-13-21
U003276,MOV106149,2,06-08-19
U000001,MOV107912,3,07-03-22
U000002,MOV102331,1,09-24-25
U000001,MOV114993,4,04-19-25
U003569,MOV103446,4,07-12-16
U000015,MOV109370,2,10-24-22
U000004,MOV103605,4,04-06-22
U000001,MOV106689,4,04-26-25
U000117,MOV101108,1,10-03-19
U000034,MOV102448,4,08-30-16
U000106,MOV105896,4,04-10-25
U000003,MOV105990,5,02-06-24
U000002,MOV110271,5,08-23-22
U000025,MOV104924,4,04-28-21
U000032,MOV106388,3,12-23-24
U000010,MOV110790,4,01-11-23
U000054,MOV102205,4,10-07-24
U000010,MOV101108,3,04-28-22
U000755,MOV111402,2,05-26-15
U000004,MOV100831,3,10-14-25
U000005,MOV100006,5,05-28-23
U000001,MOV100006,4,10-09-24
U000007,MOV100342,3,07-31-19
U000001,MOV110262,4,02-20-23
U000005,MOV100006,3,09-20-17
U000093,MOV112749,1,10-01-23
U000001,MOV100006,4,08-09-25
U000001,MOV106037,3,04-25-22
U000007,MOV104937,4,03-23-19
U000803,MOV105990,3,09-29-20
U000001,MOV112981,5,07-02-25
U000001,MOV114755,5,06-24-19
U000236,MOV110809,5,03-05-22
U000014,MOV105764,1,10-25-21
U000001,MOV105896,4,08-09-25
U000019,MOV119204,5,11-25-19
U000001,MOV103482,4,01-16-18
U000294,MOV105896,4,10-14-22
U000006,MOV101108,4,09-02-19
U000215,,3,01-30-24
U000003,MOV106957,5,06-18-22
U000011,MOV100557,4,08-13-25
U000003,MOV100006,3,02-05-22
U000148,MOV104882,4,02-06-25
U000050,MOV114626,5,03-11-20
U003043,MOV115367,5,11-26-20
U000012,MOV111029,2,03-09-18
U000108,MOV119635,5,04-19-25
U000001,MOV101108,4,06-23-17
U000006,MOV100044,5,04-12-25
U000001,MOV117215,4,11-25-18
U000003,MOV100487,4,01-13-23
U001857,MOV109759,1,02-23-22
U000008,MOV113418,3,02-28-20
U000002,MOV100006,3,11-24-18
U000001,MOV110844,5,09-10-25
U000004,MOV100006,4,12-15-25
U000001,MOV114626,5,09-10-17
U000567,MOV112232,4,04-11-21
U000001,MOV110475,5,09-15-21
U000001,MOV105275,3,05-27-24
U000141,MOV116470,4,06-18-25
U000003,MOV119328,5,09-25-25
U000012,MOV101108,4,11-08-25
U003377,MOV119204,3,01-15-25
U000005,MOV114755,5,12-18-24
U000024,MOV111445,5,08-05-21
U000001,MOV108506,4,03-26-25
U000053,MOV111001,5,05-13-20
U000001,MOV119635,5,06-11-20
U000014,MOV119204,3,06-28-20
U000001,MOV110828,1,05-19-25
U000694,MOV100303,2,09-07-24
U000001,MOV119635,3,09-14-20
U000007,MOV119635,4,11-14-22
U000019,MOV103950,2,10-06-23
U000001,MOV102358,4,05-02-15
U000001,MOV110262,3,10-29-24
U000013,MOV114626,5,04-18-24
U000064,MOV113048,3,10-12-25
U000012,MOV112386,4,06-15-25
U000002,MOV119204,3,01-23-24
U000001,MOV101108,2,09-21-17
U000002,MOV104768,3,03-18-19
U000001,MOV100006,5,07-30-19
U000001,MOV118474,3,08-09-25
U000007,MOV109166,4,04-04-21
U000008,MOV109735,5,11-12-19
U000008,MOV109221,4,10-16-25
U000005,MOV119635,2,12-22-21
U000001,MOV110026,5,05-05-23
U000003,MOV113301,5,04-19-21
U000016,MOV119635,3,01-24-16
U000001,MOV106330,4,12-13-25
U000019,MOV117851,5,03-09-25
U001818,MOV110026,4,11-13-17
U000022,MOV118813,2,10-06-22
U000023,MOV105361,2,05-29-25
U000003,MOV100006,4,12-25-25
U000001,MOV110790,5,04-06-24
U000004,MOV116710,5,05-31-25
U000003,MOV114424,1,03-19-20
U000384,MOV110262,4,12-08-21
U002034,MOV112232,4,04-13-25
U000003,MOV117948,5,04-15-17
U003075,MOV101108,3,06-29-24
U000020,MOV100006,5,08-21-23
U000001,MOV105896,5,08-08-25
U000069,MOV110026,4,03-15-20
U000015,MOV103103,5,04-15-17
U000001,MOV118556,3,06-25-25
U000015,MOV105990,2,08-15-23
U000044,MOV118753,4,10-09-22
U000013,MOV102376,5,12-27-25
U000002,MOV115902,3,08-16-20
U000001,MOV119712,3,05-15-25
U000001,MOV100006,5,01-14-22
U000076,MOV105422,4,05-12-25
U000002,MOV101473,2,06-25-22
U000468,MOV105990,4,04-18-18
U000007,MOV100713,1,02-21-23
U000025,MOV100006,5,05-26-25
U000003,MOV111159,4,10-01-18
U000034,MOV118159,4,01-25-24
U000077,MOV119116,3,10-08-24
U000569,MOV114626,3,09-17-24
U000006,MOV102978,5,09-15-23
U003611,MOV107518,5,10-12-24
U000664,MOV109221,4,07-26-24
U000005,MOV100006,5,12-09-21
U000020,MOV105077,3,06-25-24
U000231,MOV101539,5,09-21-24
U001166,MOV119635,4,12-21-25
U000004,MOV109221,4,06-01-24
U000001,MOV114693,5,06-13-24
U000001,MOV118028,3,08-13-20
U000020,MOV101002,5,10-27-25
U000204,MOV105990,2,12-26-20
U000035,MOV105896,4,05-07-19
U000115,MOV114784,4,09-26-22
U001062,MOV119272,5,05-18-25
U000001,MOV116615,2,11-12-24
U000001,MOV100880,1,12-05-23
U000024,MOV101462,4,08-20-21
U000085,MOV118151,2,01-03-21
U000001,MOV113048,4,08-07-24
U000001,MOV115581,5,07-30-20
U000009,MOV119822,5,12-12-22
U000015,MOV103334,3,05-08-18
U000088,MOV119635,2,06-20-22
U000024,MOV100006,5,01-06-16
U000386,MOV103444,5,01-17-19
U001660,MOV114567,3,02-19-23
U000002,MOV111655,4,01-27-25
U000007,MOV114626,3,05-27-21
U000001,MOV119688,3,04-08-16
U002805,MOV119635,3,08-18-25
U000065,MOV100006,5,08-21-20
U002972,MOV108517,4,07-28-24
U000036,MOV117978,4,06-01-20
U000008,MOV113455,3,06-05-23
U000007,MOV107147,5,06-07-19
U000083,MOV114109,3,02-04-15
U000004,MOV112347,4,10-04-23
U000074,MOV101034,4,05-23-24
U000570,MOV119272,5,
U000004,MOV119635,4,04-23-22
U000009,MOV102473,4,03-09-20
U000336,MOV116470,5,09-07-25
U000001,MOV104138,4,05-28-23
U000001,MOV107732,4,02-23-25
U000006,MOV110790,4,09-15-16
U000040,MOV116434,4,12-09-21
U000018,MOV103386,5,07-16-18
U000019,MOV112616,4,03-29-25
U000045,MOV114993,4,11-09-24
U000007,MOV104768,5,09-18-18
U002059,MOV112619,4,12-19-19
U000251,MOV115420,5,02-28-21
U000003,MOV109602,3,03-11-21
U001256,MOV110304,3,08-21-22
U000002,MOV117948,5,04-05-25
U000001,MOV101108,4,01-09-23
U000020,MOV105990,5,10-18-21
U000001,MOV115847,4,06-08-17
U001712,MOV113048,4,07-04-20
U000009,MOV105990,2,07-15-20
U000001,MOV116131,4,11-05-25
U000002,MOV116956,2,08-01-21
U000020,MOV112395,4,07-08-18
U000001,MOV105355,4,01-20-25
U001286,MOV100798,4,01-31-22
U000001,MOV109602,5,04-23-24
U000005,MOV114626,3,12-09-24
U000035,MOV111300,1,11-30-25
U000001,MOV107912,4,09-10-19
U000511,MOV111134,4,10-12-23
U000002,MOV119272,2,08-27-23
U000041,MOV119272,4,06-21-17
U001302,MOV100006,2,10-01-20
U000006,MOV119660,4,08-11-25
U000033,MOV105204,5,11-13-21
U000186,MOV102539,1,08-17-21
U001937,MOV113048,5,10-13-20
U000001,MOV109342,3,12-16-22
U000003,MOV110828,4,12-22-20
U000212,MOV103577,4,09-10-22
U002826,MOV105990,1,01-31-25
U000066,MOV100006,3,11-09-19
U000009,MOV105764,2,10-04-25
U000003,MOV116203,4,10-30-24
U000377,MOV114993,4,05-07-20
U000739,MOV101108,3,08-12-23
U000011,MOV117306,3,04-02-22
U004485,MOV106874,4,02-22-22
U000001,MOV114626,5,10-14-17
U000007,MOV101108,5,09-20-20
U000087,MOV100006,3,10-17-20
U002816,MOV100006,3,07-16-25
U000019,MOV100006,4,10-17-22
U000001,MOV110828,3,02-05-25
U000002,MOV100006,4,02-25-23
U000014,MOV100006,3,07-01-19
U000001,MOV105990,3,10-06-25
U000317,MOV119272,3,01-13-19
U000001,MOV116820,5,05-29-24
U000010,MOV119635,5,12-18-25
U000002,MOV111029,2,12-22-19
U000020,MOV110353,5,05-10-25
U000077,MOV119635,4,01-29-22
U000007,MOV117055,4,10-10-17
U000001,MOV101778,3,03-31-24
U000111,MOV110262,4,06-23-23
U000122,MOV100006,5,08-09-25
U000012,MOV109221,4,11-07-20
U000001,MOV114626,5,11-07-25
U000044,MOV112114,3,03-15-19
U000768,MOV104579,3,05-06-22
U000010,MOV111434,3,04-25-17
U000340,MOV117029,5,09-22-25
U000001,MOV106689,3,10-11-20
U000002,MOV117302,4,10-07-22
U000003,MOV119635,4,09-16-21
U000010,MOV101462,1,10-03-22
U000001,MOV118753,1,01-11-25
U000025,MOV113093,5,10-19-22
U000223,MOV118556,4,
U000001,MOV109166,4,11-13-22
U004187,MOV115324,4,12-17-25
U000166,MOV109140,3,11-25-21
U000032,MOV119272,4,09-11-25
U001346,MOV119635,3,09-14-19
U002658,MOV110922,1,06-22-22
U000020,MOV105693,4,11-01-17
U000001,MOV119272,3,11-21-19
U000181,MOV104003,4,09-17-20
U000001,MOV100006,2,11-23-20
U000557,MOV109843,4,02-14-25
U000208,MOV100006,2,10-07-21
U000180,MOV105990,3,05-02-24
U000023,MOV100006,3,05-26-19
U000001,MOV100557,4,03-29-25
U000754,MOV113633,4,07-01-25
U000002,MOV109340,5,10-01-21
U000006,MOV103532,4,10-03-22
U000004,MOV106458,4,02-06-25
U000058,MOV119272,5,03-05-23
U000001,MOV115663,5,09-17-23
U000003,MOV100006,3,06-07-25
U000001,MOV100006,4,12-25-24
U000012,MOV109252,4,02-05-23
U000001,MOV116741,2,01-05-22
U000009,MOV113235,4,01-03-19
U000001,MOV104138,5,04-03-25
U000001,MOV104975,2,02-18-25
U000842,MOV108419,2,05-09-18
U000003,MOV111416,4,12-16-24
U000049,MOV100006,3,08-15-24
U000660,MOV114993,4,02-14-19
U000020,MOV114626,4,01-30-25
U000003,MOV102011,4,01-25-23
U000001,MOV105693,1,04-26-25
U000006,MOV119637,3,01-15-22
U000020,MOV119272,,10-04-24
U000403,MOV105058,2,12-01-25
U000206,MOV103122,4,10-14-24
U000007,MOV100006,5,06-01-22
U000001,MOV101840,4,05-19-21
U000002,MOV107209,4,12-10-23
U000001,MOV110790,4,12-18-18
U000516,MOV100006,3,09-20-22
U000800,MOV110492,2,07-12-16
U000002,MOV119635,3,11-02-23
U000001,MOV118168,2,06-20-23
U000285,MOV108414,3,09-24-20
U000664,MOV116558,4,08-24-23
U000226,MOV107687,2,05-19-21
U000021,MOV103605,2,12-01-22
U000036,MOV114626,4,11-01-23
U000021,MOV105990,5,05-04-18
U000068,MOV107224,2,11-18-21
U000016,MOV111660,4,06-25-23
U000003,MOV114896,4,04-07-25
U000006,MOV104018,1,03-27-18
U000001,MOV100006,1,05-08-22
U000051,MOV109166,3,04-03-20
U000011,MOV100006,1,06-24-24
U000034,MOV110026,5,03-12-25
U000001,MOV101361,4,09-25-24
U000002,MOV108419,1,02-11-21
U000002,MOV118556,4,01-06-25
U000001,MOV107386,4,02-11-25
U000013,MOV118342,3,12-25-19
U000013,MOV100006,4,11-05-25
U000010,MOV110026,2,06-29-25
U000005,MOV100006,3,11-19-23
U000002,MOV111885,4,10-20-25
U000001,MOV110238,3,04-19-22
U000595,MOV117948,2,11-22-23
U000435,MOV114993,4,08-06-25
U000906,MOV103929,2,03-28-24
U000177,MOV100006,4,04-21-18
U000001,MOV100006,4,05-25-24
U000340,MOV104319,4,11-12-16
U000008,MOV108473,4,03-13-23
U000001,MOV110576,4,06-15-17
U000003,MOV107262,4,04-08-24
U000011,MOV101202,4,05-13-19
U000116,MOV116741,4,08-12-24
U000001,MOV117770,5,08-16-22
U000001,MOV116803,3,11-13-21
U000002,MOV119272,2,01-27-24
U000007,MOV103605,2,01-27-23
U000004,MOV119272,1,03-11-23
U000006,MOV103542,5,11-03-21
U000049,MOV114993,4,
U000001,MOV106670,3,01-11-25
U000004,MOV105990,3,08-04-24
U000193,MOV100006,4,11-03-21
U000996,MOV109280,3,09-07-25
U000307,MOV109205,3,07-14-17
U000140,MOV100831,4,01-06-19
U000001,MOV105990,4,05-25-22
U000001,MOV105990,4,08-02-23
U000034,MOV100006,2,11-26-25
U000793,MOV105896,4,11-01-20
U000020,MOV114993,5,12-29-24
U000001,MOV111392,4,10-30-22
U000006,MOV119635,5,09-11-24
U000034,MOV117287,5,02-26-25
U000031,MOV105990,3,08-02-25
U000001,MOV113048,5,10-20-25
U000073,MOV100006,2,04-07-17
U002238,MOV103605,5,03-07-25
U000014,MOV112035,3,06-24-25
U000017,MOV100006,4,07-05-23
U000082,MOV100006,5,09-30-16
U000004,MOV115933,5,05-19-21
U000250,MOV118859,4,05-25-25
U000004,MOV118556,4,02-05-22
U000002,MOV101108,3,09-20-24
U000683,MOV108912,5,07-20-24
U000009,MOV100006,4,12-18-22
U000032,MOV119635,1,01-19-25
U000002,MOV105990,4,10-01-20
U000005,MOV100006,4,09-01-24
U001763,MOV105896,5,08-10-23
U000396,MOV119635,4,03-05-23
U000022,MOV117978,3,04-05-24
U000042,MOV119635,4,10-01-25
U000001,MOV119635,4,08-10-24
U000001,MOV103806,5,11-04-17
U000001,MOV113233,4,02-01-23
U000002,MOV105990,5,05-24-25
U000011,MOV105990,4,03-31-15
U000413,MOV114896,5,03-07-23
U000467,MOV101822,5,
U000004,MOV116707,3,11-07-15
U000001,MOV119635,4,
U000002,MOV119272,1,09-06-17
U000002,MOV100713,4,07-10-21
U000001,MOV103841,4,10-17-17
,MOV100006,2,12-02-24
U000006,MOV114877,4,07-30-25
U000068,MOV116470,5,11-10-25
U000008,MOV100557,4,05-29-17
U000228,MOV100006,4,06-10-24
U000082,MOV105162,4,09-18-22
U000378,MOV100557,3,05-02-23
U000001,MOV105990,5,10-19-22
U001173,MOV114896,5,03-20-25
U000046,MOV100754,5,01-29-16
U000685,MOV116356,3,05-30-21
U000001,MOV103446,4,07-26-23
U000013,MOV108577,3,07-24-25
U000041,MOV110306,4,03-14-25
U000002,MOV119422,5,12-05-24
U000116,MOV111434,1,09-25-21
U000015,MOV119766,5,12-13-20
U000318,MOV111036,3,05-30-18
U000004,MOV100006,5,04-24-22
U000430,MOV119635,4,11-14-19
U000002,MOV119635,3,06-20-18
U000160,MOV109384,4,11-29-16
U000459,MOV102145,3,01-01-20
U000006,MOV116495,5,03-17-25
U003190,MOV114626,5,12-20-21
U000007,MOV105990,1,05-19-19
U000008,MOV102205,4,12-16-25
U000002,MOV110702,3,07-29-18
U000084,MOV114399,4,02-18-25
U000150,MOV114626,1,01-20-25
U000446,MOV118743,1,11-14-24
U000482,MOV102968,5,06-05-22
U000007,MOV104331,5,06-09-22
U000001,MOV114993,2,03-14-18
U000059,MOV114626,5,04-07-22
U000003,MOV114508,5,05-06-22
U000133,MOV110026,1,10-13-24
U000009,MOV119635,4,01-27-21
U000001,MOV111029,5,10-02-20
U000685,MOV100006,3,10-06-24
U000001,MOV106316,4,12-02-20
U001590,MOV107209,4,11-30-25
U000835,MOV100006,2,07-12-18
U000001,MOV101108,4,09-30-18
U000001,MOV109874,5,10-15-25
U000182,MOV119272,4,07-01-19
U000073,MOV101108,3,10-24-15
U000004,MOV111445,2,09-06-24
U000072,MOV100006,5,05-12-21
U000011,MOV106380,3,08-06-22
U000540,MOV100006,3,07-05-17
U000001,MOV107772,4,11-26-19
U000832,MOV113048,5,10-31-21
U000674,MOV118556,3,12-08-18
U000293,MOV109221,5,06-30-23
U000090,MOV114626,4,06-23-25
U000004,MOV109280,5,01-03-19
U000005,MOV104768,3,01-19-24
U000016,MOV103047,4,05-21-22
U000017,MOV109221,2,01-01-25
U000039,MOV110026,2,04-11-25
U000010,MOV115551,3,01-15-22
U000545,MOV118828,5,01-04-23
U000003,MOV105896,4,11-11-24
U002129,MOV119635,4,08-06-23
U000240,MOV113048,4,12-20-15
U000043,MOV100006,5,07-25-16
U000002,MOV103091,4,03-30-22
U000002,MOV111159,3,07-06-19
U000001,MOV118556,3,03-01-21
U000001,MOV114626,4,11-23-18
U000002,MOV108912,5,02-24-22
U000004,MOV105546,2,11-20-21
U000010,MOV109748,4,05-07-25
U000006,MOV118792,4,09-27-18
U000076,MOV100006,1,11-17-25
U000795,MOV103154,4,07-15-23
U000095,MOV109089,3,09-24-25
U000003,MOV115268,3,07-25-20
U000076,MOV110828,4,03-04-25
U000011,MOV100006,4,04-02-19
U000011,MOV101552,5,10-20-23
U000662,MOV117251,4,08-08-18
U003695,MOV100006,3,01-24-25
U000002,MOV108419,3,09-08-18
U000020,MOV119635,4,11-25-19
U000084,MOV101202,3,09-03-19
U000001,MOV119635,4,01-05-20
U000016,MOV105990,4,02-21-23
U000001,MOV119450,4,10-29-20
U000037,MOV101108,3,12-17-23
U000026,MOV119564,5,10-07-24
U000001,MOV108500,4,09-24-18
U000003,MOV100006,1,09-16-25
U000065,MOV105962,3,04-15-21
U000606,MOV117851,4,11-15-19
U000001,MOV100006,5,10-05-20
U000012,MOV114090,3,09-21-21
U000001,MOV100006,3,07-13-18
U000008,MOV114360,4,09-27-25
U004074,MOV105990,2,06-20-25
U000001,MOV106080,5,02-03-25
U000053,MOV105990,4,03-25-17
U002208,MOV111472,4,10-15-22
U000002,MOV103643,5,09-14-17
U000209,MOV100713,5,01-18-25
U000001,MOV100006,4,10-14-19
U000002,MOV101364,2,11-11-18
U000015,MOV101398,5,04-18-23
U000001,MOV106021,2,10-01-25
U000002,MOV105990,4,11-23-23
U000001,MOV100006,4,01-10-25
U000001,MOV100006,4,08-11-23
U001979,MOV105341,3,11-25-24
U000056,MOV109874,3,11-19-23
U000155,MOV118120,5,05-02-19
U000001,MOV101840,1,12-17-19
U000012,MOV110828,3,05-18-25
U000004,MOV100006,1,10-19-25
U000002,MOV100006,3,09-06-19
U000331,MOV110026,3,02-27-23
U000025,MOV111029,4,03-18-25
U000001,MOV118681,1,04-21-21
U000319,MOV107794,5,
U000090,MOV110828,1,10-03-23
U000001,MOV105536,4,02-18-21
U000104,MOV119635,5,10-08-25
U000083,MOV113048,2,10-18-16
U000251,MOV114663,4,05-11-19
U000007,MOV113766,4,10-07-18
U000001,MOV116203,2,11-01-19
U000001,MOV100006,3,02-26-25
U000011,MOV109221,5,12-28-24
U001776,MOV119635,2,06-18-19
U000002,MOV119635,5,
U000010,MOV110026,3,01-22-16
U000014,MOV108391,3,06-15-24
U000009,MOV114993,1,08-31-25
U000001,MOV118545,4,07-10-22
U000003,MOV119272,4,04-01-25
U000198,MOV119428,2,11-19-20
U000002,MOV114961,5,06-23-23
U000010,MOV113551,3,09-16-25
U000020,MOV112274,4,06-12-24
U000004,MOV117948,2,11-07-24
U000104,MOV100006,2,09-21-19
U000011,MOV119635,3,05-10-24
U000005,MOV110026,4,02-17-17
U000005,MOV119635,4,09-10-21
U000001,MOV119635,4,09-29-20
U000987,MOV104697,4,08-04-23
U000001,MOV109221,3,12-14-25
U000006,MOV119635,3,12-05-24
U000004,MOV113766,4,10-04-25
U000001,MOV114626,4,06-07-19
U000002,MOV105077,4,11-27-15
U000093,MOV119186,3,09-22-19
U000001,MOV103091,5,06-06-21
U000001,MOV100006,4,05-30-17
U001303,MOV110828,3,02-07-24
U000189,MOV118753,4,01-18-23
U000001,MOV110026,5,12-06-22
U000009,MOV114626,4,03-22-18
U000001,MOV100006,1,05-05-24
U000114,MOV117952,5,05-20-21
U000003,MOV100006,4,04-07-24
U000042,MOV114909,1,01-21-20
U001599,MOV113048,4,10-03-25
U000024,MOV114993,4,09-18-25
U000082,MOV105990,5,08-08-24
U000172,MOV118427,4,07-09-19
U000002,MOV104456,3,01-09-22
U001621,MOV102243,5,08-15-18
U000236,MOV114626,4,01-26-22
U000003,MOV119635,3,06-03-19
U000007,MOV105904,4,09-05-20
U000001,MOV100831,5,12-05-25
U000088,MOV106502,4,11-05-24
U000072,MOV116181,1,11-17-20
U000165,MOV103087,5,07-08-21
U000004,MOV118492,5,12-16-22
U000006,MOV100006,2,09-03-19
U000001,MOV104826,1,02-23-21
U000004,MOV102141,4,11-13-24
U000001,MOV116203,3,07-15-23
U000003,MOV109221,5,05-28-25
U000218,MOV100006,5,04-02-23
U000108,MOV103610,3,07-31-17
U000676,MOV119204,3,06-28-22
U000012,MOV100557,4,11-20-23
U000005,MOV108419,4,08-16-23
U000070,MOV100006,4,09-27-22
U000002,MOV100006,3,03-10-17
U000002,MOV114871,5,05-11-25
U000001,MOV117948,4,03-20-23
U000004,MOV118797,3,08-05-25
U000001,MOV100006,4,01-11-21
U000001,MOV117948,5,11-30-22
U000013,MOV100006,3,10-28-25
U000002,MOV112168,1,03-18-22
U000002,MOV102118,2,08-09-23
U000005,MOV119635,4,09-26-24
U000002,MOV101681,4,05-08-18
U000048,MOV112072,4,09-19-24
U000007,MOV105990,3,12-15-24
U003801,MOV100006,2,10-11-19
U000024,MOV119635,4,02-24-25
U000002,MOV119635,5,09-21-23
U000006,MOV105990,4,03-16-19
U000003,MOV119635,4,01-02-24
U000013,MOV100006,5,04-11-16
U003570,MOV100786,4,09-03-22
U000004,MOV107585,4,07-30-19
U000002,MOV101742,4,03-19-25
U000001,MOV119272,5,02-22-22
U000001,MOV105643,4,02-23-25
U000994,MOV108927,4,05-11-24
U000002,MOV116419,4,04-18-20
U000003,MOV113248,4,09-28-25
U001101,MOV100006,1,06-07-22
U000014,MOV101047,2,02-26-24
U000008,MOV100350,5,10-14-15
U000003,MOV105990,5,01-10-25
U000338,MOV107323,3,08-23-19
U000028,MOV114626,3,02-26-24
U000747,MOV114784,4,01-14-20
U000008,MOV100006,4,04-29-25
U000002,MOV100224,3,03-09-15
U000226,MOV100006,3,02-10-23
U000001,MOV108026,4,04-30-24
U000015,,4,02-02-19
U000502,MOV118326,3,08-28-23
U000002,MOV116707,5,03-05-25
U000002,MOV105644,1,11-23-19
U000720,MOV110790,4,03-30-18
U000012,MOV119272,2,09-30-20
U000003,MOV111034,5,04-19-23
U000179,MOV103511,4,03-21-23
U000009,MOV115268,5,01-28-23
U003803,MOV118374,3,06-30-23
U000001,MOV116131,4,04-12-25
U000001,MOV110861,1,03-22-18
U000010,MOV109646,4,02-14-25
U000020,MOV118492,5,11-11-21
U000003,MOV117066,4,03-19-19
U000006,MOV113048,3,02-15-21
U000026,MOV117255,,08-01-24
U000056,MOV103605,3,12-28-17
U000030,MOV108288,3,08-24-17
U000018,MOV113448,4,10-30-25
U000002,MOV105990,4,01-09-20
U000012,MOV114601,5,11-19-25
U000001,MOV100880,4,10-01-18
U000001,MOV107248,2,05-04-18
U000002,MOV116707,3,01-16-25
U000003,MOV100006,3,11-14-25
U000004,MOV100006,4,06-07-24
U000166,MOV110467,2,07-11-20
U000002,MOV119225,3,09-24-25
U000002,MOV111774,3,10-31-20
U000176,MOV105990,4,01-27-22
U001239,MOV101108,4,11-11-24
U000040,MOV103759,4,05-29-25
U000401,MOV119635,3,08-09-16
U000035,MOV100006,1,12-25-25
U000005,MOV119635,5,04-29-15
U000035,MOV114344,4,03-10-21
U000002,MOV100210,4,11-09-25
U000001,MOV100006,5,12-14-24
U000016,MOV100006,4,10-08-19
U000006,MOV119635,5,04-26-25
U000010,MOV102673,5,08-04-18
U000002,MOV102939,4,06-17-24
U000111,MOV109221,4,07-10-23
U000111,MOV111292,2,06-15-22
U000001,MOV103643,,08-29-24
U000006,MOV107622,4,08-22-23
U000007,MOV107913,3,12-10-25
U000002,MOV106333,4,03-30-25
U000016,MOV106689,5,
U002292,MOV119808,1,05-04-20
U000002,MOV119635,5,08-28-23
U000003,MOV100006,3,06-10-23
U000153,MOV117351,4,04-14-23
U000312,MOV102141,4,11-25-21
U000002,MOV100006,3,10-22-21
U000004,MOV116323,1,11-02-17
U000005,MOV100006,4,06-04-22
U001227,MOV101202,4,01-14-19
U000002,MOV119635,1,08-25-21
U000014,MOV109221,4,05-28-22
U000001,MOV100006,4,05-20-25
U000018,MOV109913,4,07-19-17
U001035,MOV102391,5,12-02-22
U000001,MOV119272,4,08-28-24
U002310,MOV111029,5,10-18-24
U000372,MOV110388,4,01-20-18
U000657,MOV104247,3,01-02-23
U000596,MOV115537,5,04-27-24
U000001,MOV110736,4,09-08-17
U000001,MOV119635,4,10-25-23
U000001,MOV111137,5,11-02-23
U000374,MOV118800,5,04-10-21
U000094,MOV119195,5,06-04-24
U000001,MOV112462,4,11-17-22
U003643,MOV107961,2,03-15-20
U000009,MOV100006,4,05-28-21
U000001,MOV119272,3,11-11-17
U000381,MOV105990,1,10-28-25
U000002,MOV106701,5,09-24-21
U000011,MOV101108,4,11-23-19
U000009,MOV116741,1,12-27-16
U000044,MOV105990,3,
U000010,MOV111725,4,08-01-25
U000136,MOV101108,3,06-16-17
U000001,MOV111124,3,01-22-20
U000042,MOV119107,4,01-30-20
U000006,MOV119635,3,02-21-20
U000001,MOV112800,4,04-12-17
U002319,MOV106037,1,11-07-23
U000087,MOV100006,5,03-30-20
U000001,MOV105990,3,08-23-25
U000003,MOV100006,3,12-13-16
U000001,MOV118541,4,06-01-23
U000013,MOV100006,4,09-18-21
U000455,MOV105939,2,11-03-24
U000136,MOV106333,5,09-12-23
U000004,MOV119547,4,03-31-18
U000001,MOV114896,3,10-27-20
U000107,MOV109221,5,06-20-18
U000001,MOV119635,4,11-16-21
U000002,MOV116580,4,05-14-18
U000001,MOV113048,3,01-23-25
U000007,MOV102011,2,03-04-18
U001489,MOV105990,3,06-15-20
U000210,MOV119635,3,05-03-24
U000004,MOV105896,2,08-30-23
U000002,MOV110503,5,02-03-25
U000800,MOV118035,4,03-22-21
U000011,MOV108434,5,03-17-19
U000056,MOV104074,1,07-22-24
U000148,MOV100006,4,03-31-23
U000001,MOV110026,4,11-16-16
U000026,MOV100006,3,06-22-25
U000011,MOV114993,3,03-15-25
U000001,MOV107503,4,01-30-21
U000734,MOV119635,5,04-28-25
U001932,MOV111876,4,12-20-18
U000011,MOV117251,3,09-04-17
U000002,MOV119635,5,11-07-23
U000015,MOV115463,5,08-17-25
U000005,MOV114988,5,07-15-16
U000020,MOV103334,4,08-10-21
U000001,MOV116784,4,11-01-22
U000028,MOV118291,3,07-22-24
U000002,MOV118335,5,12-14-25
U001821,MOV102376,4,07-25-23
U000037,MOV113766,4,10-18-19
U000003,MOV107827,3,07-12-17
U001463,MOV105896,4,05-25-25
U000028,MOV114784,4,05-26-22
U000111,MOV100006,1,07-18-18
U000244,MOV114626,5,08-11-22
U000052,MOV119635,5,12-28-18
U000001,MOV116331,5,06-14-22
U000001,MOV106544,4,07-17-20
U000019,MOV100006,4,04-10-20
U000002,MOV110769,5,08-27-22
U000001,MOV111434,3,05-30-25
U000001,MOV106330,2,08-29-24
U000809,MOV119272,5,06-29-24
U000020,MOV105990,,07-14-25
U000001,MOV103985,4,10-23-22
U000065,MOV119635,3,06-20-18
U000002,MOV105764,4,07-12-25
U000008,MOV106689,5,06-16-21
U000046,MOV105990,3,04-27-22
U000004,MOV100050,4,11-09-25
U000080,MOV100006,4,02-05-19
U000009,MOV106037,3,10-14-23
U000001,MOV115788,5,02-07-18
U000158,MOV100006,4,11-13-24
U000251,MOV100942,4,05-13-25
U000001,MOV106333,4,08-25-25
U000178,MOV112896,4,05-12-18
U000001,MOV114626,3,08-25-25
U000017,MOV118556,4,04-13-19
U002898,MOV100006,4,06-05-25
U001113,MOV116710,4,03-30-23
U000013,MOV103605,4,07-13-24
U000001,MOV101108,4,09-27-25
U000071,MOV100006,4,01-25-19
U000001,MOV105990,5,03-27-25
U000002,MOV100006,3,04-13-21
U000003,MOV100006,4,05-14-22
U000002,MOV100006,4,10-23-23
U000015,MOV116787,2,05-05-18
U000006,MOV100006,2,
U000057,MOV101396,4,07-15-21
U000014,MOV119635,4,07-02-17
U000002,MOV111029,4,04-14-25
U000001,MOV111472,4,08-29-21
U000001,MOV110294,5,03-27-21
U000003,MOV110026,3,09-20-16
U000022,MOV114050,4,
U000098,MOV116460,3,02-18-21
U000002,MOV101108,1,02-28-23
U000002,MOV100006,2,03-24-21
U000019,MOV109221,5,10-07-23
U000114,MOV100006,4,07-01-20
U000023,MOV113615,4,05-02-22
U000205,MOV105433,4,04-26-15
U003720,MOV112632,5,03-19-21
U000003,MOV101438,4,09-11-18
U000008,MOV108424,4,04-20-20
U000004,MOV100006,3,10-10-20
U003140,MOV110475,2,08-10-23
U000054,MOV112806,3,09-05-25
U000328,MOV112660,4,08-06-25
U000016,MOV114993,5,10-14-21
U000155,MOV100006,5,11-29-20
U000004,MOV113048,5,03-16-24
U000037,MOV118120,3,10-17-25
U000008,MOV119272,3,11-07-20
U000022,MOV111727,5,05-30-19
U000001,MOV110790,4,10-29-19
U001642,MOV118556,4,04-24-19
U000114,MOV119272,5,07-18-25
U000035,MOV100016,4,04-02-15
U000017,MOV116353,4,06-24-20
U000007,MOV105536,5,06-02-25
U000004,MOV112991,4,06-05-25
U000176,MOV113048,3,07-21-25
U002521,MOV112114,5,10-20-20
U000002,MOV109223,4,03-29-25
U000002,MOV112232,4,
U000001,MOV108912,5,06-16-19
U000027,MOV112692,3,10-24-25
U000218,MOV105693,3,11-25-18
U002294,MOV109321,4,03-31-17
U000625,MOV104798,4,10-29-18
U000002,MOV114626,4,09-25-19
U000001,MOV106471,3,09-01-20
U000003,MOV110514,5,04-29-21
U000003,MOV113835,3,06-27-24
U000454,MOV106377,3,08-10-23
U000014,MOV116813,4,04-28-24
U000037,MOV113223,1,01-09-18
U000004,MOV109807,4,10-01-25
U000003,MOV119592,4,08-02-20
U000964,MOV101787,5,03-15-25
U000207,MOV103334,4,10-20-23
U000001,MOV103323,4,04-28-24
U000006,MOV105267,4,01-12-20
U002214,MOV119272,3,07-04-24
U002910,MOV114257,2,11-21-21
U002600,MOV100910,4,09-13-22
U000002,MOV113048,4,02-13-21
U000024,MOV103605,3,06-14-17
U000004,MOV100006,3,05-10-24
U000014,MOV105644,4,03-05-22
U000005,MOV114644,4,10-23-16
U000001,MOV100557,4,11-22-22
U000050,MOV111786,4,02-10-21
U000001,MOV119204,4,12-13-16
U000122,MOV107452,4,10-03-24
U000001,MOV105438,4,01-17-25
U000019,MOV100006,4,06-13-22
U000001,MOV109602,3,03-20-16
U000040,MOV105896,5,01-24-22
U000008,MOV104737,2,08-21-20
U002462,MOV114967,1,02-22-25
U000004,MOV117162,1,10-28-21
U000094,MOV105868,5,07-02-25
U000018,MOV103125,5,02-28-17
U000001,MOV111058,4,06-21-25
U000002,MOV106850,4,12-18-20
U000021,MOV100006,5,11-18-24
U000066,MOV100006,3,12-12-23
U000001,MOV100006,2,09-09-22
U000002,MOV105990,4,06-24-19
U000055,MOV117698,4,02-01-25
U000020,MOV119272,4,03-09-17
U000002,MOV110262,5,02-22-23
U000029,MOV119272,3,03-20-16
U000032,MOV114710,1,12-09-23
U000001,MOV103882,4,11-08-18
U000001,MOV116956,5,08-14-20
U000001,MOV108777,5,05-26-20
U000095,MOV104768,5,04-20-25
U000003,MOV116710,5,08-01-18
U000037,MOV100006,4,09-18-17
U000008,MOV113015,3,05-16-21
U000012,MOV110809,2,04-20-20
U000003,MOV100006,3,09-23-20
U000288,MOV113876,3,04-06-23
U001147,MOV114896,4,09-09-23
U000028,MOV114626,4,08-12-20
U000001,MOV101108,3,02-10-24
U000071,MOV110828,4,02-26-25
U000813,MOV112065,1,03-14-15
U000072,MOV105990,2,11-05-23
U000473,MOV105222,4,08-18-19
U000008,MOV117066,5,03-27-18
U000130,MOV105990,4,04-01-25
U000075,MOV119272,3,06-05-25
U000001,MOV105077,3,09-09-21
U000098,MOV106546,5,10-02-25
U000007,MOV100006,1,07-31-21
U000052,MOV111333,2,02-24-15
U000001,MOV114993,4,11-14-21
U000002,MOV110790,4,12-30-15
U004483,MOV115070,4,01-08-24
U000008,MOV100542,2,05-03-21
U000030,MOV101908,3,09-22-22
U000019,MOV100615,4,07-26-25
U000036,MOV106333,4,09-20-22
U000029,MOV114993,5,11-04-23
U001850,MOV114784,4,02-20-21
U000002,MOV115268,4,09-15-25
U000001,MOV110026,2,04-01-25
U000004,MOV119540,3,07-01-25
U000001,MOV115312,4,04-21-22
U000002,MOV110144,3,02-21-19
U000071,MOV113615,2,10-08-25
U000037,MOV100006,1,07-11-25
U000007,MOV109221,3,05-21-15
U000015,MOV103492,3,
U000022,MOV100006,3,01-21-24
U000003,MOV101202,2,05-12-24
U000002,MOV118556,5,05-05-23
U000004,MOV119272,3,07-25-22
U000601,MOV100006,5,08-25-18
U000005,MOV101045,4,01-02-21
U000001,MOV118500,5,02-05-22
U000741,MOV103605,1,08-07-24
U000270,MOV119635,2,10-15-25
U000113,MOV105990,5,05-30-22
U000008,MOV106896,1,07-25-24
U000007,MOV103091,5,03-21-21
U000048,MOV109340,4,12-21-20
U001643,MOV109877,4,11-06-19
U000003,MOV119635,4,01-27-19
U000069,MOV111831,3,02-18-23
U000001,MOV105990,5,12-05-25
U000001,MOV119000,4,06-27-17
U000001,MOV101539,4,12-10-22
U000001,MOV108882,4,10-23-23
U000006,MOV119635,4,05-26-24
U000003,MOV102834,2,08-18-22
U000004,MOV115053,5,12-13-24
U000002,MOV105764,4,03-02-22
U000022,MOV100199,3,10-30-20
U000006,MOV103147,2,07-20-25
U000066,MOV110262,3,09-22-18
U000002,MOV114424,1,08-04-25
U000013,MOV100931,5,11-11-15
U000010,MOV105460,5,12-17-24
U001306,MOV100006,2,09-07-21
U000001,MOV100831,4,11-23-17
U000448,MOV100006,3,09-02-17
U000001,MOV112876,5,12-20-24
U000154,MOV119635,4,02-24-21
U000128,MOV108973,3,07-11-23
U000638,MOV119635,4,12-19-22
U000264,MOV111271,5,03-22-25
U000043,MOV117770,5,11-03-22
U000002,MOV114784,4,09-11-17
U000029,MOV100006,4,10-03-25
U000001,MOV103727,5,01-17-24
U000074,MOV110771,3,09-20-21
U000005,MOV102023,4,10-29-21
U000032,MOV103605,4,11-20-23
U000003,MOV101202,3,04-17-15
U000024,MOV106370,4,11-20-22
U000001,MOV104567,5,10-07-17
U000001,MOV100006,4,02-01-24
U000004,MOV119635,3,09-04-24
U000001,MOV119635,4,07-19-24
U000586,MOV119186,5,06-07-24
U000020,MOV113132,5,10-10-22
U000395,MOV106689,3,10-20-23
U000002,MOV117948,5,11-19-19
U000259,MOV101108,2,03-23-23
U003117,MOV118828,5,02-25-22
U000215,MOV101539,3,06-25-24
U000001,MOV100931,3,09-26-18
U000010,MOV103610,1,02-09-20
U003919,MOV119204,5,02-28-21
U000003,MOV116009,4,06-18-20
U000001,MOV119672,4,04-17-19
U000017,MOV116861,4,12-10-24
U000034,MOV110992,5,07-26-25
U000002,MOV100006,2,05-28-23
U000007,MOV114626,2,01-17-25
U000006,MOV102388,5,07-13-24
U000046,MOV100006,4,08-04-24
U000001,MOV105990,2,02-23-15
U000001,MOV117851,4,06-23-25
U000039,MOV117447,3,09-27-25
U000023,MOV107795,4,08-30-22
U000559,MOV119635,4,05-29-20
U000004,MOV100006,5,10-12-17
U000001,MOV118089,3,10-16-24
U000676,MOV119295,3,08-01-22
U000044,MOV114405,3,10-18-17
U000007,MOV101108,4,06-24-24
U000003,MOV100880,2,11-04-19
U000002,MOV116681,1,03-23-23
U000001,MOV116203,3,06-07-15
U000001,MOV119272,2,09-04-21
U000054,MOV101108,2,09-23-25
U000009,MOV119272,1,08-12-25
U000011,MOV117746,3,07-03-24
U000080,MOV100006,3,10-25-25
U000039,MOV101462,4,07-31-18
U000009,MOV100165,3,03-15-25
U000001,MOV119635,5,08-13-24
U000172,MOV101108,4,12-16-25
U000005,MOV115774,5,09-19-25
U002136,MOV119635,4,09-24-25
U000022,MOV100006,5,12-11-22
U000109,MOV106834,5,03-11-25
U000179,MOV101202,4,06-01-21
U000001,MOV113048,2,10-06-23
U000003,MOV102202,4,05-19-16
U000144,MOV118556,5,05-26-24
U000001,MOV100841,3,12-04-17
U000002,MOV100557,2,01-21-18
U000007,MOV106037,5,09-27-20
U000004,MOV114931,5,06-19-25
U000016,MOV104768,5,06-26-25
U000003,MOV106850,3,05-12-18
U000003,MOV114993,3,09-03-25
U000009,MOV111271,3,03-02-21
U000001,MOV107913,3,03-05-21
U000002,MOV106532,5,05-07-25
U000186,MOV119513,3,04-22-18
U000197,MOV107180,4,08-09-19
U000977,MOV114626,5,11-22-22
U000003,MOV106874,4,10-20-18
U000411,MOV104270,3,05-27-23
U000059,MOV100342,4,05-12-25
U000006,MOV100006,4,06-02-21
U000862,MOV106080,1,07-01-21
U000013,MOV117728,4,11-05-20
U000395,MOV100006,3,
U000111,MOV115152,1,12-04-17
U000035,MOV114626,4,03-04-19
U000001,MOV118073,4,04-07-19
U000066,MOV100006,4,10-09-23
U002052,MOV102554,3,11-20-19
U000002,MOV114626,5,03-20-15
U000035,MOV109977,4,04-13-21
U000003,MOV111782,3,11-29-24
U000013,,4,12-02-24
U000001,MOV117793,3,08-28-19
U000004,MOV114993,2,06-15-25
U000002,MOV108912,3,10-06-22
U000015,MOV106834,2,09-17-25
U000049,MOV110790,5,03-25-23
U000007,MOV100006,2,10-11-17
U000001,MOV109633,5,12-19-20
U000378,MOV114993,4,08-27-21
U000120,MOV119635,3,12-28-19
U000165,MOV100006,5,04-27-25
U000001,MOV102743,5,03-08-23
U000091,MOV112268,3,08-17-20
U000005,MOV115837,3,08-08-25
U000003,MOV110018,2,04-16-23
U000003,MOV111169,5,07-26-25
U000001,MOV115197,5,04-23-20
U000022,MOV119635,3,07-12-20
U000310,MOV109140,3,07-13-25
U000001,MOV119635,1,03-07-24
U000490,MOV106389,4,07-18-25
U000002,MOV100006,3,
U000003,MOV114344,4,08-10-22
U000002,MOV113048,5,08-14-22
U000016,MOV100006,4,07-26-19
U000006,MOV118556,4,04-06-25
U000067,MOV119635,1,06-03-24
U000001,MOV118374,3,11-22-22
U000056,MOV117924,3,06-26-18
U000001,MOV119635,5,12-21-18
U000002,MOV114626,4,09-24-24
U000026,MOV100006,3,08-28-20
U000690,MOV105990,4,07-03-21
U000019,MOV116144,4,05-20-22
U000010,MOV100713,4,12-06-22
U000006,MOV107942,3,07-09-18
U000012,MOV104768,3,11-08-21
U000239,MOV107098,3,11-26-25
U000005,MOV119672,3,09-17-20
U002137,MOV110026,3,05-18-18
U000233,MOV114090,4,02-26-25
U000158,MOV119635,2,10-25-22
U000007,MOV115268,3,08-06-23
U000147,MOV103532,4,10-17-25
U000001,MOV103032,4,05-25-24
U000001,MOV100006,3,01-29-21
U000069,MOV102274,4,10-10-18
U000500,MOV105990,5,06-13-22
U000770,MOV119635,5,07-29-22
U000010,MOV115383,3,02-28-17
U002619,MOV116741,3,01-13-17
U000147,MOV100831,4,08-10-19
U000001,MOV119552,4,04-14-23
U000020,MOV105990,4,01-01-18
U000001,MOV119272,3,05-23-24
U000008,MOV105022,4,02-04-25
U002106,MOV119635,2,10-18-15
U000056,MOV102959,3,04-06-17
U000017,MOV116470,4,02-20-22
U000017,MOV100006,3,10-11-23
U000001,MOV105347,4,09-26-18
U000009,MOV101108,3,01-11-15
U000001,MOV104247,3,07-25-24
U000038,MOV100006,4,02-15-25
U000005,MOV109166,5,05-06-18
U000005,MOV100831,3,02-03-16
U000432,MOV107168,4,10-01-23
U004122,MOV100557,5,03-07-15
U000026,MOV116710,5,10-21-25
U000174,MOV105990,4,09-04-19
U000071,MOV117866,5,11-08-24
U000009,MOV118435,3,12-19-19
U000026,MOV119635,5,03-28-21
U000005,MOV119272,3,10-18-20
U000023,MOV118474,4,08-14-19
U000002,MOV106380,1,12-28-21
U000041,MOV115071,4,08-08-15
U000075,MOV113766,4,08-12-17
U000009,MOV114626,4,02-15-25
U000004,MOV105990,2,11-16-19
U000623,MOV114710,4,04-02-19
U000014,MOV107209,2,06-04-22
U000001,MOV103779,4,04-28-24
U002170,MOV118380,3,02-06-23
U000484,MOV100006,4,09-22-25
U000063,MOV100006,2,11-05-25
U000350,MOV108259,5,05-30-24
U000028,MOV117349,4,12-16-25
U000070,MOV105764,3,02-22-21
U000342,MOV103759,5,12-05-21
U000001,MOV114869,5,11-13-24
U000004,MOV103605,3,08-03-25
U000001,MOV109205,4,01-06-25
U000017,MOV107326,3,07-10-25
U000023,MOV108508,2,01-13-18
U000028,MOV118492,3,09-18-20
U000030,MOV105847,5,03-06-23
U000001,MOV114906,3,09-19-20
U000001,MOV113141,3,06-10-17
U000421,MOV113195,3,01-06-18
U000037,MOV117251,4,05-28-25
U000060,MOV105764,1,02-24-23
U000009,MOV100006,4,08-03-25
U000004,MOV101108,4,09-28-21
U000001,MOV110828,4,05-14-23
U000002,MOV107386,5,11-29-25
U000001,MOV114993,4,05-08-17
U000095,MOV106063,4,10-30-20
U000004,MOV115253,3,06-11-19
U000065,MOV100006,5,02-01-21
U000130,MOV101409,4,12-25-23
U000073,MOV100006,4,12-03-24
U000011,MOV100006,4,04-11-24
U004331,MOV119272,3,05-23-19
U000001,MOV108475,2,12-29-25
U000004,MOV100754,3,06-11-23
U000004,MOV115010,3,04-17-25
U000001,MOV100006,2,07-02-23
U000458,MOV116580,5,06-09-24
U000003,MOV105896,4,11-25-17
U000001,MOV108755,4,01-15-22
U000002,MOV102798,5,12-18-23
U000062,MOV119272,3,08-13-23
U000002,MOV100006,3,02-12-25
U000052,MOV114360,4,10-08-25
U000004,MOV100006,1,10-09-24
U000171,MOV112708,4,06-19-18
U000053,MOV108836,2,12-16-17
U000022,MOV104752,4,09-21-20
U000006,MOV106037,3,09-25-22
U000359,MOV113615,3,05-07-23
U000057,MOV111159,4,10-06-19
U000011,MOV106154,2,09-23-25
U000119,MOV105990,3,07-14-20
U000373,MOV105538,4,02-07-15
U000002,MOV105990,5,11-21-25
U000002,MOV100006,5,12-28-22
U000002,MOV114701,4,09-02-15
U000021,MOV105990,4,03-30-18
U000001,MOV109221,4,12-02-19
U000001,MOV110475,4,01-19-19
U000001,MOV107967,5,11-27-25
U002779,MOV110388,3,03-16-21
U000004,MOV114291,4,05-21-25
U000005,MOV100006,3,02-22-18
U000001,MOV119635,4,08-16-23
U000001,MOV114626,4,04-10-24
U000032,MOV119272,5,07-13-22
U000233,MOV110026,4,09-16-21
U000003,MOV112232,4,05-19-19
U000006,MOV102047,5,04-09-21
U000049,MOV109648,4,01-19-25
U000002,MOV100006,2,10-07-24
U000339,MOV106063,5,10-08-24
U000546,MOV114626,3,10-15-23
U000350,MOV100006,5,09-01-22
U000094,MOV112500,5,09-06-20
U000025,MOV105783,5,09-19-24
U000205,MOV101643,2,05-21-20
U000141,MOV110828,2,10-18-21
U000001,MOV103587,4,09-13-21
U000002,MOV119272,3,11-23-22
U000001,MOV119822,4,03-16-22
U000010,MOV118375,3,07-05-15
U003051,MOV112036,5,04-09-24
U000013,MOV100557,4,09-06-24
U000003,MOV112981,5,05-07-21
U000004,MOV103160,3,05-17-25
U001100,MOV114993,2,05-21-25
U000103,MOV100006,4,06-26-25
U000004,MOV101108,3,07-13-23
U000001,MOV100006,3,04-08-21
U000001,MOV111407,3,01-12-15
,MOV111415,3,10-29-23
U000004,MOV109221,2,01-17-22
U004293,MOV117837,4,01-02-22
U000001,MOV119635,4,11-09-25
U000183,MOV113768,4,12-26-23
U000001,MOV114784,5,02-14-23
U000031,MOV100006,5,03-09-23
U000001,MOV105990,1,03-21-25
U000001,MOV100006,4,11-23-21
U000775,MOV115268,1,03-08-23
U000031,MOV108342,4,06-05-20
U000002,MOV100006,3,08-01-24
U000001,MOV100006,4,01-31-19
U001754,MOV119635,3,03-04-24
U000053,MOV114896,1,09-27-19
U000003,MOV115420,4,08-29-25
U000017,MOV108774,5,11-28-22
U000004,MOV102303,4,02-09-23
U000044,MOV105990,4,09-18-25
U000001,MOV119635,4,12-16-22
U000027,MOV119272,4,01-29-20
U000003,MOV113026,3,01-12-21
U000036,MOV100006,3,01-15-21
U000002,MOV109602,4,10-21-25
U000005,MOV103450,3,02-14-23
U000029,MOV109536,5,02-20-24
U000126,MOV100006,4,04-12-22
U000081,MOV104697,4,11-18-24
U000017,MOV107014,4,02-21-23
U000002,MOV101688,2,07-27-25
U000017,MOV119781,5,11-11-23
U000003,MOV114626,3,04-01-21
U000026,MOV118556,4,06-23-25
U000003,MOV100006,3,09-18-24
U000001,MOV119272,3,06-06-22
U000002,MOV101840,3,10-17-22
U000031,MOV113048,5,10-12-24
U000010,MOV116564,4,04-06-24
U000007,MOV109221,4,04-13-25
U000002,MOV100006,5,02-28-19
U000002,MOV100771,3,04-06-24
U000003,MOV106966,3,08-11-17
U000002,MOV107070,3,11-05-20
U000003,MOV113475,4,10-27-24
U000027,MOV100006,3,12-27-24
U000044,MOV114993,5,07-18-24
U000002,MOV109270,4,07-04-22
U000395,MOV100557,1,11-06-22
U000002,MOV101108,3,12-12-22
U000001,MOV119272,5,04-02-18
U000001,MOV102610,3,08-13-24
U000395,MOV109970,3,04-14-22
U000001,MOV112909,3,07-18-23
U000001,MOV114155,3,02-24-23
U000009,MOV114797,4,02-26-22
U000002,MOV105476,3,12-04-22
U000003,MOV112232,4,12-03-20
U000002,MOV105422,1,06-04-25
U000002,MOV117447,3,10-26-21
U000048,MOV119635,5,05-26-16
U000243,MOV109536,2,11-19-21
U000008,MOV114993,5,04-01-23
U000002,MOV119272,5,10-12-25
U000001,MOV100614,4,01-18-25
U000001,MOV103605,5,02-18-22
U000017,MOV104683,3,05-02-21
U000001,MOV106378,5,03-24-24
U000002,MOV110868,4,10-05-20
U000005,MOV109825,5,10-17-20
U000533,MOV119660,2,06-07-18
U000035,MOV100006,3,12-20-20
U000001,MOV119272,4,04-06-24
U000001,MOV118556,2,07-26-25
U000979,MOV100557,1,05-01-17
U000001,MOV114993,3,01-20-21
U000001,MOV107017,1,03-24-22
U000008,MOV114993,4,01-25-20
U000016,MOV103233,1,08-09-18
U001444,MOV118556,5,10-05-25
U000244,MOV111885,4,04-26-23
U000055,MOV106504,2,09-01-24
U000001,MOV116956,3,11-28-23
U000001,MOV118828,5,10-29-22
U000003,MOV106245,3,06-21-21
U000001,MOV100006,3,10-20-25
U000001,MOV103723,4,11-04-25
U000018,MOV119635,4,08-03-25
U000009,MOV100557,4,08-30-17
U000001,MOV109602,4,04-08-17
U000002,MOV103664,4,03-04-20
U000056,MOV103610,5,01-24-21
U000001,MOV109612,3,01-28-25
U000001,MOV105482,4,11-11-25
U000253,MOV103097,3,11-18-17
U000007,MOV113048,4,05-25-19
U000004,MOV105990,4,08-19-21
U002791,MOV106689,5,05-20-25
U000001,MOV106834,4,02-06-24
U000055,MOV103605,4,05-09-20
U000027,MOV101539,3,03-02-15
U000026,MOV100006,5,01-15-24
U000227,MOV106380,5,11-09-20
U003864,MOV116710,4,02-02-19
U001397,MOV106850,4,03-27-20
U000001,MOV116580,2,09-27-23
U001408,MOV117581,3,09-29-25
U000005,MOV112876,4,02-10-19
U002160,MOV117421,3,10-04-17
U000044,MOV109166,3,10-11-21
U000007,MOV100006,4,05-04-21
U000008,MOV119006,5,11-13-18
U000429,MOV119204,4,11-25-17
U001322,MOV102735,3,01-30-19
U000005,MOV105581,4,09-03-22
U002874,MOV119204,4,08-02-25
U000019,MOV100006,5,06-20-25
U000001,MOV108082,4,05-05-24
U000002,MOV106825,5,12-23-25
U000003,MOV109221,3,09-27-24
U002255,MOV119635,3,05-25-22
U001094,MOV113615,2,09-17-24
U000154,MOV106689,3,06-06-25
U000001,MOV101859,3,05-25-25
U000001,MOV113048,3,03-06-17
U000007,MOV116710,5,06-23-24
U000001,MOV104334,1,04-19-25
U000120,MOV114626,2,12-16-25
U000048,MOV119672,5,02-09-25
U000001,MOV113717,5,07-21-22
U000002,MOV100006,4,05-03-21
U000010,MOV100006,1,05-06-23
U000001,MOV101108,4,04-28-18
U000004,MOV101912,4,10-12-22
U000002,MOV100006,4,02-05-17
U000057,MOV119548,4,01-10-17
U000036,MOV100557,1,07-25-22
U000001,MOV119630,4,12-24-24
U000058,MOV111782,3,12-03-21
U000012,MOV105764,1,09-23-21
U000002,MOV104685,4,12-16-25
U000001,MOV114424,4,11-25-17
U000002,MOV110307,1,05-16-21
U000005,MOV101108,4,08-13-20
U000014,MOV106063,2,08-17-15
U000003,MOV110724,4,07-17-20
U000002,MOV109660,2,09-16-21
U000006,MOV109221,4,05-15-15
U000925,MOV107687,2,10-31-20
U000008,MOV114520,4,04-27-24
U000013,MOV115747,5,12-19-19
U000114,MOV117851,4,06-11-18
U000022,MOV110418,4,04-03-25
U000007,MOV105077,5,09-20-21
U000021,MOV117251,2,10-04-25
U000002,MOV117397,4,01-09-25
U000001,MOV101108,4,03-13-25
U000028,MOV113766,5,05-30-19
U000171,MOV101202,4,08-22-24
U000001,MOV111598,5,10-14-22
U000004,MOV100006,4,01-29-18
U000001,MOV114993,3,11-06-21
U000250,MOV104697,2,12-09-24
U001854,MOV118261,3,10-27-25
U000002,MOV100557,4,12-22-17
U000001,MOV110128,4,06-27-25
U000361,MOV100006,4,09-24-18
U000011,MOV113223,2,12-08-19
U003193,MOV100006,4,04-16-20
U000014,MOV116131,3,03-09-25
U001627,MOV119635,4,10-09-19
U000001,MOV109040,5,06-25-22
U000015,MOV113418,3,01-05-22
U000004,MOV117948,4,09-10-19
U000250,MOV113147,3,
U000002,MOV119186,2,10-01-25
U000712,MOV118556,4,01-23-24
U000001,MOV116580,4,07-12-23
U000003,MOV116710,5,10-25-20
U000008,MOV111507,3,03-21-17
U000484,MOV116536,3,08-27-25
U000004,MOV103605,4,12-02-22
U000001,MOV116470,4,11-18-22
U000001,MOV108217,5,08-25-24
U000001,MOV100006,4,01-22-25
U000005,MOV100006,5,08-11-25
U000001,MOV104954,4,07-10-23
U000346,MOV107980,4,09-19-23
U000001,MOV119635,4,06-29-25
U000087,MOV117665,4,06-02-25
U000076,MOV110325,4,10-07-25
U000017,MOV114022,3,02-07-22
U000007,MOV102303,4,09-08-25
U000007,MOV103147,2,06-02-18
U000220,MOV106874,2,01-23-25
U000057,MOV100006,1,05-24-25
U000007,MOV118510,5,12-12-22
U000363,MOV113633,3,10-11-23
U000001,MOV119204,3,05-07-21
U000003,MOV104979,5,10-14-24
U000605,MOV105990,3,04-12-23
U000007,MOV111159,2,01-28-19
U000012,MOV117251,4,03-01-18
U000161,MOV118089,4,04-11-18
U000366,MOV115841,4,02-13-21
U000005,MOV101027,4,12-16-16
U000004,MOV110475,1,03-10-25
U000003,MOV112876,4,09-26-25
U000134,MOV118182,5,08-16-22
U000135,MOV112232,2,07-26-19
U000005,MOV116580,3,05-09-18
U000002,MOV113048,1,03-20-20
U000048,MOV119635,3,07-21-18
U000766,MOV114626,3,05-25-17
U000003,MOV101202,3,10-07-24
U000006,MOV111686,2,05-08-23
U000027,MOV103334,4,12-05-19
U000015,MOV117254,3,11-26-17
U000003,MOV107386,5,06-24-18
U000003,MOV105495,4,01-29-24
U000058,MOV104768,4,02-19-23
U000003,MOV110220,2,12-04-25
U000007,MOV100006,5,06-12-21
U000029,MOV110828,4,10-15-23
U000263,MOV119635,5,08-26-23
U000012,MOV104436,3,08-28-21
U000080,MOV101756,4,12-02-21
,MOV118556,3,03-07-16
U000002,MOV105486,3,10-06-25
U000050,MOV100006,4,04-13-24
U002164,MOV119272,2,09-20-21
U000029,MOV116169,1,03-30-24
U000002,MOV119635,4,12-31-17
U000214,MOV119635,4,09-12-25
U000017,MOV100557,4,04-24-24
U000018,MOV111671,3,12-04-23
U000313,MOV110475,4,05-06-24
U000003,MOV108508,4,10-12-25
U000004,MOV104054,5,09-04-24
U000018,MOV119272,4,11-22-22
U000001,MOV119204,2,10-18-24
U000004,MOV100006,4,02-11-24
U000002,MOV112903,3,09-08-23
U000001,MOV115097,4,08-23-23
U000017,MOV107753,4,10-21-24
U000002,MOV100006,4,08-19-23
U000078,MOV104975,2,03-19-25
U000009,MOV105990,2,08-21-23
U000096,MOV105990,4,06-02-21
U000017,MOV118294,3,
U000001,MOV119635,4,07-31-24
U000325,MOV109107,3,11-13-25
U000619,MOV106025,4,05-30-17
U000001,MOV116154,5,05-29-25
U001374,MOV113223,3,
U000200,MOV106590,3,11-03-15
U000005,MOV105263,2,08-17-25
U000029,MOV103601,5,02-20-22
U000003,MOV106380,3,06-15-20
U000494,MOV118556,5,05-11-23
U000010,MOV114784,3,09-25-25
U000739,MOV101539,5,11-22-25
U000702,MOV107369,4,07-08-15
U000015,MOV106476,3,10-25-24
U000009,MOV100006,5,05-27-17
U000008,MOV115409,3,01-23-15
U001020,MOV113766,4,10-08-25
U000428,MOV118474,2,03-28-24
U000001,MOV100006,2,08-03-24
U000003,MOV116170,4,12-21-22
U000001,MOV106689,4,10-16-25
U000341,MOV119272,4,09-08-20
U000010,MOV113197,2,01-14-20
U000173,MOV100006,5,10-14-23
U000001,MOV110026,4,07-06-22
U000033,MOV116956,4,10-02-19
U000781,MOV111531,4,06-30-16
U001377,MOV100006,2,07-19-21
U000002,MOV100831,4,04-20-22
U000400,MOV105422,3,11-27-17
U000019,MOV114993,4,01-02-24
U000002,MOV101202,3,10-04-25
U000079,MOV109221,4,11-04-19
U003781,MOV113766,5,05-06-23
U000006,MOV109221,5,10-20-17
U000003,MOV100006,5,12-04-24
U000051,MOV118159,5,08-31-23
U000010,MOV113048,4,09-22-21
U000001,MOV100006,2,08-14-22
U000005,MOV100006,3,04-25-25
U000003,MOV119272,1,09-11-25
U002942,MOV100941,5,02-20-24
U000134,MOV100006,2,04-24-24
U000003,MOV104768,4,10-02-25
U000172,MOV119018,4,08-26-22
U000070,MOV101108,5,12-23-25
U000011,MOV100557,3,04-24-25
U000001,MOV116309,1,07-23-25
U001030,MOV103605,3,
U000108,MOV112561,3,07-25-22
U000003,MOV117066,2,01-25-24
U000152,MOV105990,4,05-30-22
U000001,MOV100006,5,05-08-19
U000001,MOV108836,4,03-18-17
U000152,MOV114993,4,02-02-24
U000206,MOV117948,5,09-23-23
U001359,MOV106940,5,07-13-25
U001093,MOV104217,2,03-28-21
U000010,MOV119635,3,10-05-25
U000002,MOV119635,5,11-16-19
U000005,MOV100557,3,10-07-25
U000048,MOV103125,5,08-18-20
U000422,MOV119799,3,07-18-16
U000001,MOV112932,1,01-18-25
U000051,MOV119635,5,09-26-25
U000040,MOV102950,3,06-22-24
U000003,MOV115268,4,01-14-21
U000016,MOV119635,2,07-08-15
U002473,MOV105990,3,07-19-24
U001754,MOV118237,4,12-21-20
U000014,MOV100006,4,03-01-21
U000002,MOV105896,2,09-19-24
U001263,MOV116699,3,01-09-21
U000026,MOV116400,3,05-08-24
U000032,MOV105990,3,03-31-16
U000003,MOV111339,5,01-29-25
U004472,MOV112012,3,04-28-21
U000034,MOV115479,5,04-16-24
U000002,MOV114626,1,04-14-16
U000031,MOV109602,3,05-01-22
U003009,MOV100751,4,04-23-19
U000003,MOV100831,3,09-22-18
U000119,MOV114896,3,05-21-24
U001231,MOV100006,5,11-14-24
U000017,MOV117948,4,08-07-19
U000010,MOV111434,5,08-24-23
U000001,MOV101108,1,06-17-17
U000144,MOV114896,4,05-01-20
U000020,MOV115070,4,02-07-20
U000013,MOV100006,3,04-09-19
U000005,MOV106154,4,08-09-15
U000015,MOV106874,1,09-15-16
U000001,MOV119204,5,07-21-22
U000001,MOV114784,4,03-27-20
U000057,MOV103863,4,02-16-21
,MOV100170,3,02-13-25
U000002,MOV110585,3,07-27-17
U000002,MOV101108,5,06-30-23
U000001,MOV100751,5,02-19-19
U000005,MOV116181,1,11-22-25
U000070,MOV115409,5,04-30-19
U000002,MOV104244,4,02-28-23
U000025,MOV100006,4,04-13-24
U000003,MOV114433,4,06-12-25
U000899,MOV112277,5,04-12-25
U000028,MOV107682,5,08-29-25
U000002,MOV116181,4,02-06-17
U004319,MOV109166,5,08-23-22
U000008,MOV111786,4,05-08-20
U000001,MOV118556,5,11-03-23
U000210,MOV103527,5,07-12-22
U000042,MOV117066,5,08-05-25
U000001,MOV105644,4,03-18-24
U000005,MOV111096,2,08-10-21
U000001,MOV100006,4,01-21-23
U000001,MOV116481,3,05-15-25
U000008,MOV103605,4,03-07-16
U000041,MOV101108,3,10-30-24
U000002,MOV116470,5,07-26-19
U000001,MOV100006,4,10-22-17
U000016,MOV105990,2,09-13-25
U000030,MOV119635,4,02-21-22
U000190,MOV115192,5,02-15-21
U000014,MOV114570,4,02-24-25
U000082,MOV114626,2,04-23-20
U000017,MOV114511,4,06-11-18
U000786,MOV114961,1,06-22-21
U000003,MOV102132,,12-31-20
U000002,MOV119660,5,03-24-22
U000061,MOV112114,3,08-16-23
U000004,MOV117447,2,05-29-23
U000087,MOV119204,5,07-19-23
U000007,MOV101108,5,08-26-22
U000016,MOV112232,4,08-09-15
U000004,MOV102303,3,06-15-17
U000005,MOV117167,3,10-18-25
U000003,MOV117793,3,07-24-25
U000008,MOV104768,5,10-22-25
U000087,MOV108377,1,07-14-17
U000001,MOV109221,2,11-08-21
U000035,MOV111443,2,04-20-17
U000013,MOV100006,4,09-03-19
U000032,MOV119635,5,
U000002,MOV111434,3,11-28-23
U000009,MOV119635,4,03-02-24
U000001,MOV117919,5,08-10-24
U000233,MOV115689,4,08-27-16
U000001,MOV119745,2,03-25-23
U000031,MOV114360,3,07-09-16
U000069,MOV115219,1,09-23-25
U002490,MOV116538,5,10-07-24
U000007,MOV118556,5,09-11-18
U001196,MOV100006,3,10-28-24
U000185,MOV100006,3,11-05-19
U000004,MOV106104,3,05-04-25
U000013,MOV104752,4,05-17-24
U000003,MOV116203,5,07-18-15
U000015,MOV110790,4,12-27-20
U000009,MOV100432,,02-06-16
U000465,MOV103307,2,08-11-20
U000005,MOV107934,5,07-15-25
U000003,MOV105764,3,03-27-21
U000001,MOV100006,1,01-18-25
U000003,MOV119635,4,05-13-23
U000392,MOV100373,5,05-29-21
U000004,MOV105994,4,07-12-19
U000170,MOV119272,4,01-12-24
U000001,MOV113117,2,09-28-25
U000162,MOV110497,5,07-11-21
U000002,MOV117251,2,08-03-20
U000020,MOV118035,3,09-18-25
U000001,MOV114993,3,11-03-22
U000015,MOV103125,5,01-15-22
,MOV111029,5,07-07-21
U000071,MOV102769,3,02-16-21
U000254,MOV119635,5,05-02-20
U000232,MOV106165,4,07-15-25
U000024,MOV114975,1,06-14-25
U001427,MOV103605,5,11-30-15
U000001,MOV119272,1,11-03-25
U000295,MOV101108,4,09-16-17
U000002,MOV116956,3,05-08-24
U000006,MOV100006,4,07-26-17
U000141,MOV113048,3,01-01-20
U000023,MOV100006,4,11-29-21
U001103,MOV103125,4,10-10-24
U000001,MOV107526,4,12-16-24
U000001,MOV100006,3,
U000001,MOV101108,4,07-23-20
U000022,MOV116155,3,01-16-25
U000002,MOV100557,5,07-23-20
U000014,MOV106691,3,10-25-25
U000003,MOV109883,4,10-04-24
U000001,MOV116203,3,12-20-18
U000002,MOV100006,3,05-30-21
U002051,MOV105990,5,07-06-21
U000088,MOV112833,3,11-13-20
U000004,MOV112147,3,04-29-25
U000072,MOV114821,5,04-03-22
U000148,MOV111434,5,11-26-21
U000001,MOV100006,5,04-21-25
U000002,MOV102038,1,07-15-23
U000001,MOV118556,2,04-19-19
U000715,MOV119635,4,06-30-24
U000003,MOV119635,5,11-24-21
U000095,MOV116203,5,05-08-24
U000006,MOV114993,5,11-14-24
U000068,MOV109738,5,05-24-22
U000001,MOV105990,3,08-22-25
U000204,MOV118556,3,03-29-25
U000003,MOV103999,3,09-14-25
U003126,MOV100713,5,03-18-25
U000044,MOV116710,4,10-01-22
U000003,MOV116336,4,07-12-25
U000319,MOV116131,3,12-05-21
U000003,MOV117601,4,10-23-15
U000003,MOV100006,2,09-14-16
U000076,MOV103847,3,03-26-22
U000003,MOV114626,4,09-30-23
U000002,MOV114626,3,05-05-25
U000001,MOV113005,3,06-10-20
U000006,MOV119635,4,05-14-22
U000001,MOV118383,4,11-13-23
U000001,MOV100006,4,01-28-21
U000002,MOV105990,2,06-07-17
U000622,MOV100006,4,02-23-21
U000001,MOV105644,4,10-18-24
U000001,MOV100006,4,01-12-18
U000225,MOV100006,4,11-14-23
U000003,MOV100006,4,12-21-17
U000005,MOV119272,4,01-15-21
U000029,MOV114626,4,04-06-22
U000041,MOV100006,3,03-27-23
U000013,MOV100006,1,01-19-25
U000450,MOV118828,2,01-15-16
U003110,MOV105896,4,06-28-24
U000064,MOV105644,2,06-22-23
U000240,MOV117919,5,04-06-23
U000016,MOV119272,3,06-23-22
U000001,MOV116154,4,01-25-20
U000001,MOV119635,,10-10-22
U000149,MOV105402,3,09-17-24
U000004,MOV114710,2,11-24-21
U000013,MOV115500,4,03-31-23
U000001,MOV105990,4,05-26-17
U000980,MOV110822,2,09-23-23
U000001,MOV103125,5,05-15-20
U000009,MOV105896,5,01-28-24
U002841,MOV100006,4,09-20-25
U000011,MOV105990,5,10-11-20
U000001,MOV106924,3,11-17-22
U000199,MOV100129,2,12-13-21
U000027,MOV108506,4,10-12-20
U000022,MOV113048,5,01-07-17
U000001,MOV104697,3,03-16-24
U000001,MOV100542,2,10-20-25
U000016,MOV100006,3,08-01-16
U000006,MOV106156,5,09-04-25
U000826,MOV119635,4,05-26-24
U000017,MOV109166,4,05-03-23
U001080,MOV100006,4,05-26-22
U000051,MOV117316,5,03-04-24
U000047,MOV100463,4,11-25-22
U000052,MOV114993,4,07-02-17
U000011,MOV114896,3,12-29-25
U000017,MOV100354,2,08-21-21
U000001,MOV101108,4,01-12-22
U000005,MOV100027,3,10-06-22
U000015,MOV105990,5,04-29-17
U000078,MOV103841,3,06-28-20
U000002,MOV105644,4,12-03-16
U000001,MOV106037,4,06-01-21
U000001,MOV101161,3,04-02-21
U000330,MOV109837,3,04-23-23
U001600,MOV112903,4,08-28-17
U000027,MOV118075,4,10-31-23
U000046,MOV119635,5,03-31-20
U000001,MOV113048,4,10-31-22
U000093,MOV101871,4,08-06-20
U000002,MOV101828,4,10-30-25
U001539,MOV109524,1,06-21-23
U000021,MOV119635,4,01-24-16
U000050,MOV100006,4,12-08-25
U000060,MOV105990,5,09-20-24
U000062,MOV109166,2,07-20-25
U000050,MOV119635,3,11-07-25
U000089,MOV100831,3,02-18-24
U000001,MOV113483,5,
U000004,MOV111434,3,02-03-18
U000001,MOV119635,2,01-28-25
U001447,MOV110026,4,08-01-23
U000001,MOV105644,1,07-27-24
U000003,MOV100783,4,09-08-17
U000054,MOV111029,4,06-01-24
U000017,MOV100006,4,01-28-23
U000005,MOV100006,3,07-15-25
U000002,MOV100006,5,02-21-18
U000007,MOV105990,5,02-20-15
U000087,MOV109869,3,04-20-17
U000001,MOV101108,3,10-13-20
U000003,MOV115312,4,08-21-22
U000001,MOV116358,3,03-19-22
U000961,MOV105990,4,08-27-24
U000133,MOV103262,1,10-16-21
U000025,MOV100006,3,05-24-25
U000025,MOV101108,4,01-29-25
U002089,MOV119635,3,
U000010,MOV100006,3,08-16-20
U000017,MOV114626,4,12-28-24
U000002,MOV110982,4,04-04-25
U000008,MOV113766,2,05-24-25
U000001,MOV106834,4,10-01-25
U000003,MOV114626,2,03-28-18
U001161,MOV101108,3,02-18-20
U000008,MOV114670,2,09-04-24
U000001,MOV109903,3,05-13-24
U000194,MOV107227,1,06-07-25
U000004,MOV118510,4,09-07-25
U000003,MOV100006,4,10-19-24
U000005,MOV111669,4,04-12-15
U000013,MOV101539,3,02-21-24
U000002,MOV119272,3,06-03-25
U000002,MOV100557,4,05-30-25
U000004,MOV106080,5,05-03-24
U000017,MOV102302,4,06-25-16
U000098,MOV116429,4,06-27-22
U000001,MOV105896,2,10-15-25
U000140,MOV100006,4,07-06-22
U000826,MOV118753,4,05-08-25
U000021,MOV119635,5,06-20-17
U000004,MOV100978,4,11-24-15
U000071,MOV112232,1,03-09-25
U000038,MOV119272,4,02-06-20
U000010,MOV106699,5,09-28-17
U002849,MOV114626,4,02-08-19
U000004,MOV105644,3,02-15-23
U000002,MOV118974,4,04-27-25
U000130,MOV107979,3,11-12-20
U000009,MOV104238,5,11-04-25
U000023,MOV113048,5,11-17-21
U000002,MOV105644,4,04-03-23
U000579,MOV101202,5,11-07-22
U000010,MOV100448,4,10-09-15
U000004,MOV107912,4,04-07-24
U000691,MOV114800,5,03-05-22
U000004,MOV109221,4,05-28-18
U000003,MOV113048,2,09-06-25
U000046,MOV118492,3,06-27-25
U000001,MOV116664,5,09-14-18
U000722,MOV105990,4,12-11-25
U000185,MOV100006,4,11-22-25
U001084,MOV102540,3,09-05-23
U000004,MOV105990,4,03-06-18
U000004,MOV105896,4,09-25-23
U000001,MOV110790,4,10-03-18
U000023,MOV104768,4,11-08-20
U000001,MOV119272,3,07-25-23
U002564,MOV113633,5,11-02-25
U001551,MOV100006,4,01-24-23
U000004,MOV107348,4,12-25-19
U000034,MOV111087,5,08-11-24
U000087,MOV100006,,06-07-24
U000112,MOV114945,2,10-11-19
U000010,MOV105990,3,02-04-23
U002551,MOV104768,5,07-26-20
U000211,MOV111808,4,06-07-21
U000002,MOV100751,3,04-22-20
U000001,MOV116741,3,02-02-24
U000001,MOV100006,3,11-09-25
U000040,MOV105340,4,10-17-17
U000001,MOV119272,4,11-23-19
U002936,MOV109140,5,06-19-23
U000004,MOV100942,5,09-19-19
U000003,MOV119635,4,09-22-18
U000036,MOV113048,3,08-17-25
U003983,MOV119635,4,11-15-22
U000001,MOV100006,3,12-20-23
U000368,MOV110262,5,06-06-22
U000148,MOV103983,4,06-22-20
U000002,MOV112954,2,01-05-25
U000001,MOV100006,3,07-23-18
U000197,MOV102047,5,05-24-22
U000006,MOV116956,5,07-06-22
U000037,MOV101108,5,11-10-25
U000027,MOV100491,4,12-04-25
U000109,MOV116203,2,08-31-15
U000002,MOV118988,3,02-16-21
U000002,MOV100006,5,09-12-22
U000001,MOV116787,3,03-16-24
U000002,MOV109869,3,07-01-24
U001171,MOV111179,4,07-23-24
U000034,MOV100006,5,06-07-25
U001920,MOV105990,4,08-28-19
U000009,MOV105990,5,05-16-25
U000003,MOV100557,4,08-23-25
U000010,MOV105731,4,05-31-24
U000051,MOV117851,5,12-29-19
U000012,MOV101108,5,04-16-24
U000050,MOV106279,4,03-04-18
U000005,MOV116056,4,06-02-25
U000040,MOV109221,3,11-10-17
U000029,MOV104768,3,11-12-24
U000396,MOV119635,4,05-02-25
U000007,MOV119184,3,09-03-23
U001038,MOV114626,4,10-29-24
U000005,MOV100006,2,11-11-25
U000004,MOV100006,3,12-10-20
U000003,MOV105644,5,10-22-25
U003035,MOV117251,4,03-05-22
U000006,MOV110790,4,11-25-15
U000052,MOV104514,5,07-30-25
U001395,MOV119635,3,03-18-19
U000002,MOV100006,4,01-14-25
U000004,MOV118510,5,06-11-25
U000006,MOV119635,3,06-20-19
U000003,MOV107813,2,02-21-25
U000016,MOV100031,4,05-08-25
U000001,MOV117167,4,08-21-23
U000258,MOV105361,2,11-03-19
U000173,MOV119186,3,05-11-24
U000010,MOV119635,1,08-31-22
U000007,MOV110995,4,02-10-24
U000001,MOV105990,3,03-31-18
U000001,MOV101108,4,01-12-23
U000001,MOV100006,4,07-30-20
U000035,MOV117406,5,04-30-25
U000016,MOV114993,5,07-09-23
U000003,MOV111012,5,09-03-20
U000002,MOV119635,3,11-18-18
U000004,MOV110262,5,12-25-23
U000008,MOV116792,2,05-12-16
U000044,MOV114626,3,01-10-20
U000005,MOV115268,4,05-28-18
U000069,MOV105990,3,07-14-19
U000003,MOV119186,2,10-11-25
U000001,MOV105990,4,09-10-23
U000005,MOV106333,3,06-17-19
U000118,MOV115754,3,09-15-19
U000002,MOV118556,2,11-02-19
U001240,MOV101108,1,07-01-24
U000003,MOV105990,3,10-10-23
U000311,MOV103451,,06-15-24
U000179,MOV105990,5,12-02-22
U000001,MOV101108,4,10-14-19
U000004,MOV114218,4,10-21-23
U000003,MOV100006,3,12-27-16
U000022,MOV119754,4,11-25-23
U000071,MOV110467,5,12-24-22
U000011,MOV100006,5,04-02-24
U000062,MOV103444,2,07-23-25
U000002,MOV107070,2,06-05-17
U003262,MOV100006,5,04-15-18
U000103,MOV119635,3,11-16-21
U000001,MOV110475,1,09-26-21
U000003,MOV113048,3,08-13-17
U000013,MOV104870,3,11-27-20
U000692,MOV100006,5,08-09-24
U000001,MOV114465,5,09-16-23
U000114,MOV103806,4,03-09-21
U000008,MOV100006,3,04-14-24
U000002,MOV105444,,08-18-23
U003089,MOV118393,5,08-06-23
U000006,MOV116536,4,10-29-23
U000008,MOV117669,3,10-25-24
U000011,MOV112733,4,09-26-18
U000001,MOV105990,2,02-27-23
U000001,MOV114896,1,06-23-21
U001663,MOV118374,4,05-31-21
U000046,MOV111431,3,12-28-17
U000005,MOV101108,3,07-21-21
,MOV105162,5,07-23-25
U000001,MOV114626,3,04-21-25
U000014,MOV119635,3,08-06-23
U000001,MOV111692,3,10-14-21
U000200,MOV112493,5,11-15-21
U000019,MOV119047,2,11-06-19
U000008,MOV110828,5,08-22-20
U000002,MOV100006,3,07-04-24
U000007,MOV100006,4,10-13-18
U000002,MOV100006,5,07-04-21
U000032,MOV101108,4,10-08-23
U000002,MOV118474,5,10-11-19
U000001,MOV110026,4,08-05-24
U000001,MOV100006,4,03-22-25
U000001,MOV114993,4,10-29-24
U000001,MOV111692,4,07-19-24
U000024,MOV110026,3,07-27-23
U000034,MOV114626,4,06-17-20
U000009,MOV116181,5,04-21-24
U000201,MOV110026,4,06-07-20
U000085,MOV104768,2,07-04-23
U000001,MOV119635,4,09-05-15
U000029,MOV116787,3,08-08-23
U000001,MOV105364,4,10-05-20
U000030,MOV115268,3,12-17-25
U000728,MOV109221,3,01-20-21
U001233,MOV111159,4,11-09-15
U000080,MOV116001,4,04-19-24
U000004,MOV117948,5,
U000283,MOV113757,2,01-09-25
U000002,MOV100557,4,11-26-20
U000001,MOV100006,4,07-23-15
U000402,MOV100006,5,01-18-25
U000014,MOV111632,1,01-10-21
U000003,MOV106701,5,10-07-24
U002469,MOV116992,3,09-18-22
U000012,MOV107961,5,09-12-25
,MOV111749,4,02-05-24
U000303,MOV109326,4,08-19-15
U000002,MOV113048,5,
U000005,MOV107168,3,09-01-25
U000003,MOV103323,4,02-15-21
U000024,MOV103334,3,06-08-18
U000007,MOV100006,2,11-14-24
U000001,MOV117851,2,09-07-25
U000487,MOV119635,2,09-19-21
U000037,MOV111103,2,07-12-25
U000001,MOV118397,2,10-07-25
U000964,MOV110467,5,04-16-20
U003917,MOV119635,3,07-02-20
U000008,MOV109524,4,01-12-20
U000001,MOV109040,5,02-09-25
U000008,MOV118988,4,05-27-25
U000001,MOV100557,4,02-18-22
U000734,MOV111226,5,09-28-25
U000016,MOV112672,5,10-24-21
U000001,MOV108053,3,04-26-15
U000001,MOV119660,4,08-20-25
U000007,MOV114626,3,06-18-25
U000242,MOV114391,3,05-15-24
U000082,MOV114896,4,09-19-16
U000001,MOV119635,5,10-11-16
U000008,MOV100006,4,07-15-21
U000323,MOV107864,1,10-06-19
U000006,MOV102058,4,01-09-25
U000666,MOV101803,3,01-24-20
U000001,MOV115501,4,04-25-25
U000434,MOV110790,5,10-25-23
U000018,MOV100006,3,06-26-24
U000343,MOV119635,4,07-25-24
U000277,MOV100006,1,11-30-25
U002257,MOV119119,3,09-06-20
U000023,MOV114663,4,10-01-25
U003943,MOV100006,4,11-10-25
U000003,MOV100006,4,03-08-25
U000301,MOV109809,4,08-12-17
U000001,MOV114626,2,
U000478,MOV105764,3,10-26-25
U000001,MOV103242,4,03-11-25
U000004,MOV119272,4,10-14-25
U000035,MOV110790,4,12-18-22
U000001,MOV108108,3,10-02-19
U000263,MOV110026,3,02-16-19
U000168,MOV107531,4,02-09-19
U000008,MOV119272,3,02-08-25
U000001,MOV113048,4,05-11-24
U000001,MOV111434,4,02-20-19
U000014,MOV117251,4,09-09-25
U000008,MOV119635,4,05-07-25
U000011,MOV119272,1,09-18-22
U000002,MOV118828,4,07-03-24
U000001,MOV119272,5,06-22-21
U000545,MOV100006,5,11-08-17
U000002,MOV110182,4,04-27-24
U000409,MOV107224,4,03-25-18
U000702,MOV111075,3,07-24-22
U000001,MOV119635,3,07-16-24
U000001,MOV111029,4,11-02-16
U000001,MOV114626,4,08-08-18
U000016,MOV101108,4,02-13-21
U001078,MOV107276,5,08-23-24
U000001,MOV101440,5,07-30-15
U000445,MOV100557,4,02-25-25
U000041,MOV100006,4,04-27-24
U000010,MOV100006,4,05-24-22
U000002,MOV100006,4,09-19-23
U000037,MOV100006,4,02-19-25
U000005,MOV106909,3,10-31-25
U000002,MOV109140,1,02-08-15
U000005,MOV112232,5,02-15-22
U000017,MOV101396,4,05-08-17
U000011,MOV102508,4,01-16-18
U000105,MOV100006,4,03-04-15
U000001,MOV105990,3,01-11-21
U000006,MOV104247,2,07-22-20
,MOV113741,3,09-10-25
U000005,MOV119635,5,05-04-17
U000057,MOV109602,5,04-07-22
U000001,MOV113048,3,05-22-25
U000001,MOV111472,3,05-09-21
U000001,MOV111025,5,06-11-23
U000001,MOV119272,5,04-16-25
U000001,MOV105990,5,07-09-22
U001558,MOV118556,2,01-09-23
U000001,MOV107912,4,05-07-22
U001323,MOV115580,1,05-12-25
U002599,MOV100006,5,06-27-17
U000001,MOV100006,5,05-03-23
U000002,MOV117948,5,12-19-17
U000002,MOV105536,4,04-02-25
U000002,MOV114993,2,06-03-23
U000006,MOV103252,4,12-05-23
U000046,MOV109919,3,05-30-24
U000006,MOV107327,1,05-14-25
U000001,MOV116956,4,08-09-25
U000001,MOV100006,1,06-18-25
U000758,MOV114805,1,07-06-20
U000002,MOV110294,4,10-29-25
U000001,MOV101108,2,04-23-24
U000001,MOV117511,4,03-09-21
U000026,MOV119371,4,03-09-24
U000928,MOV117251,4,03-14-16
U000025,MOV114626,4,04-07-17
U000315,MOV110144,3,01-28-23
U003190,MOV100006,5,07-25-21
U000287,MOV119673,3,11-28-23
U000006,MOV109602,4,05-14-22
U000016,MOV101108,5,01-16-22
U000002,MOV119635,4,12-07-25
U000001,MOV118556,5,08-11-22
U000003,MOV100006,5,01-07-23
U000336,MOV105990,3,05-13-23
U000003,MOV119635,4,05-01-24
U000001,MOV100006,2,11-11-18
U000001,MOV100006,1,08-29-25
U000842,MOV110869,3,02-24-25
U000009,MOV115409,5,05-29-23
U000512,MOV100006,3,09-28-19
U000005,MOV100006,4,02-13-22
U000002,MOV101202,4,07-29-23
U000045,MOV110026,4,01-06-25
U000003,MOV110015,5,10-16-17
U000033,MOV104768,4,11-26-22
U000020,MOV105990,5,06-06-24
U000094,MOV100006,4,08-12-16
U000479,MOV101027,4,10-05-21
U000001,MOV100006,3,10-09-25
U002303,MOV100006,1,10-24-20
U000069,MOV110475,5,12-18-17
U000001,MOV100006,1,08-23-24
U002759,MOV100006,5,09-01-25
U000035,MOV118828,5,04-26-23
U000011,MOV110790,4,06-09-16
U000004,MOV106037,3,09-08-25
U000001,MOV106689,4,08-09-15
U000014,MOV116073,5,11-02-22
U000024,MOV119339,4,04-03-24
U000002,MOV119635,3,08-07-25
U000005,MOV108414,5,04-20-19
U000090,MOV107836,1,05-22-20
U000003,MOV100831,4,06-13-23
U000946,MOV102529,3,12-20-21
U000002,MOV103182,5,08-18-17
U000806,MOV100557,1,10-29-23
U000018,MOV117251,4,01-22-20
U000012,MOV117924,4,08-24-21
U000965,MOV100006,4,09-15-25
U000002,MOV119272,4,05-14-16
U000169,MOV104436,3,08-05-25
U000760,MOV103125,5,11-03-23
U000001,MOV119635,3,12-30-20
U000426,MOV119433,2,03-20-23
U000010,MOV118036,5,10-16-25
U000001,MOV101539,4,08-22-15
U000007,MOV100006,5,05-03-24
U000007,MOV119635,4,10-16-19
U000066,MOV101326,2,11-04-23
U000762,MOV104100,5,10-11-25
U000013,MOV114755,4,10-26-21
U000002,MOV119225,3,10-28-22
U000004,MOV115546,5,03-09-17
U000001,MOV100006,4,07-31-23
U000001,MOV107912,3,04-13-24
U000020,MOV105990,5,12-14-20
U000873,MOV104629,4,03-19-16
U001759,MOV118556,4,11-30-20
U000002,MOV108660,1,02-18-23
U001593,MOV119635,4,02-25-25
U000001,MOV109524,3,02-06-23
U000007,MOV100006,2,11-10-21
U000013,MOV105990,4,08-11-23
U000718,MOV116219,3,05-02-22
U000129,MOV108099,3,11-12-21
U000006,MOV100006,3,01-29-25
U000449,MOV116741,3,08-04-25
U000005,MOV119635,4,01-20-15
U000019,MOV117035,1,07-14-24
U000003,MOV116995,5,12-17-17
U000001,MOV110790,4,01-15-17
U000254,MOV101108,3,12-15-19
U000036,MOV100006,3,06-16-23
U000020,MOV105990,2,02-07-22
U000001,MOV104986,4,08-13-25
U000007,MOV114896,4,03-22-24
U000012,MOV105170,3,07-31-25
U000048,MOV115962,2,01-17-21
U000018,MOV105990,5,02-24-22
U000001,MOV101108,1,06-02-23
U000007,MOV105990,4,04-15-24
,MOV119635,2,03-22-18
U000002,MOV100006,4,02-06-23
U000001,MOV109524,3,05-17-25
U000009,MOV105438,4,09-07-18
U000003,MOV100006,1,
U000002,MOV119660,2,11-09-19
U000242,MOV104979,1,06-30-22
U000001,MOV105277,2,03-07-16
U000333,MOV100754,4,10-31-21
U000028,MOV100006,4,03-05-21
U000531,MOV102884,3,10-13-17
U000074,MOV100595,4,09-05-23
U000010,MOV101268,5,06-19-21
U000004,MOV110828,5,06-16-18
U000061,MOV117948,5,03-03-24
U002088,MOV111034,3,09-11-24
U002247,MOV119635,5,07-08-24
U000001,MOV101202,3,10-14-17
U000001,MOV100006,3,08-03-25
U000035,MOV100006,4,11-27-23
U000001,MOV116406,3,10-28-24
U002740,MOV118556,5,02-24-18
U000187,MOV105896,4,09-24-21
U000004,MOV100006,3,04-30-25
U000719,MOV117205,4,05-10-20
U000003,MOV106197,4,10-17-16
U000001,MOV118556,4,05-25-23
U000001,MOV105896,3,10-25-17
U002295,MOV118177,4,11-20-24
U000020,MOV119547,5,05-02-21
U000003,MOV114510,5,02-15-21
U000026,MOV118556,5,03-02-25
U001890,MOV114909,4,07-20-19
U000172,MOV100006,2,04-21-23
U000001,MOV101202,4,01-22-19
U000005,MOV113248,2,09-03-15
U000001,MOV111271,3,02-28-21
U000046,MOV119635,4,07-09-17
U000002,MOV117948,5,10-20-22
U000009,MOV119204,4,07-02-25
U000071,MOV119635,4,08-18-25
U000002,MOV101202,4,10-04-25
U000046,MOV100006,1,12-03-16
U000019,MOV119272,2,11-07-22
U000007,MOV105990,4,04-15-24
U000026,MOV100006,5,12-30-19
U000002,MOV114601,5,04-24-20
U000002,MOV113734,5,06-14-24
U000007,MOV100808,5,09-16-22
U000002,MOV112097,3,05-08-25
U000044,MOV105990,3,03-22-22
U000150,MOV105990,5,02-06-25
U000002,MOV119635,4,07-08-25
U000068,MOV105990,3,02-17-23
U000005,MOV110475,5,02-21-15
U000016,MOV108952,5,09-28-19
U000001,MOV110026,2,08-25-15
U000002,MOV100891,4,07-18-16
U000002,MOV100006,4,06-09-16
U000068,MOV105524,5,05-28-25
U000002,MOV114424,2,08-19-23
U001025,MOV105990,2,10-16-24
U000002,MOV119272,5,12-19-19
U000733,MOV117066,4,10-12-23
U000043,MOV105990,4,01-27-24
U000001,MOV117851,5,05-15-19
U000001,MOV111300,4,05-25-24
U000001,MOV100006,1,10-24-16
U000001,MOV103047,5,08-27-18
U000001,MOV106380,5,06-09-24
U000713,MOV119272,2,03-13-23
U000001,MOV119635,4,06-01-25
U000024,MOV113719,3,02-17-22
U000167,MOV100006,4,04-21-24
U000315,MOV108419,3,07-18-18
U000005,MOV100006,4,08-17-20
U000007,MOV110321,4,05-07-18
U000003,MOV100006,3,04-05-19
U000006,MOV103605,2,03-08-22
U000006,MOV100877,5,04-04-22
U000208,MOV100006,4,09-05-24
U000017,MOV109602,3,09-29-21
U000012,MOV101108,4,09-20-17
U000200,MOV112701,3,08-22-24
U000007,MOV100006,4,11-21-18
U000001,MOV105077,2,11-08-23
U000003,MOV108836,5,06-16-23
U000002,MOV116795,2,12-16-15
U000066,MOV113048,4,11-20-22
U000008,MOV114626,4,05-12-19
U000001,MOV100006,5,09-18-19
U000146,MOV100006,4,10-06-18
U000124,MOV115883,3,08-24-24
U004103,MOV100006,5,08-11-25
U000003,MOV100006,4,09-07-24
U003569,MOV101108,5,01-02-24
U000005,MOV109221,5,05-07-17
U000011,MOV119635,3,04-26-24
U000015,MOV106834,4,08-04-24
U000002,MOV109546,3,03-03-21
U000001,MOV116536,1,05-29-25
U000008,MOV105482,3,04-11-19
U000122,MOV114432,1,05-06-20
U000071,MOV103088,4,10-03-25
U000002,MOV100713,5,06-29-25
U000101,MOV108181,4,03-29-19
U000007,MOV119635,4,12-08-25
U000036,MOV114755,4,10-12-22
U000003,MOV101108,3,07-20-24
U000038,MOV114626,3,03-02-22
U001974,MOV106710,3,
U000007,MOV112743,3,10-29-24
U000004,MOV113800,4,11-04-25
U000060,MOV114626,1,06-21-20
U000003,MOV102303,1,09-09-24
U002731,MOV102023,3,12-27-19
U000001,MOV112513,3,10-09-24
U000007,MOV117978,4,12-26-24
U000019,MOV100006,3,07-22-25
U000001,MOV105644,5,02-13-23
U000006,MOV109221,5,11-23-23
U000016,MOV100006,4,05-31-25
U000003,MOV119029,1,06-02-16
U000031,MOV119738,5,12-06-25
U000149,MOV100006,4,10-13-22
U000001,MOV108038,5,09-26-23
U000002,MOV100557,5,08-21-21
U000123,MOV100006,3,08-16-21
U000004,MOV111434,1,07-17-25
U000001,MOV106037,4,04-24-24
U000007,MOV108377,4,10-02-18
U000015,MOV119272,4,12-21-18
U003452,MOV119635,3,04-23-25
U000004,MOV100006,1,06-06-22
U000047,MOV101575,4,09-22-21
U000003,MOV105990,5,11-08-24
U000002,MOV100006,3,01-24-20
U000281,MOV118331,4,09-13-20
U000011,MOV106037,4,12-24-24
U000182,MOV116452,4,12-02-24
U000010,MOV116705,3,01-24-17
U000908,MOV119635,3,05-21-25
U000004,MOV105990,4,12-08-25
U001104,MOV110790,4,01-04-22
U000001,MOV105962,1,12-20-25
U000021,MOV105482,2,05-01-19
U000001,MOV114626,1,01-22-15
U003919,MOV100006,3,09-26-24
U000055,MOV115297,3,03-19-21
U000088,MOV107772,4,05-03-21
U000168,MOV117031,4,02-09-24
U000001,MOV100006,3,11-10-21
U001851,MOV100974,4,11-22-24
U000001,MOV118731,4,02-23-22
U000001,MOV119272,4,06-07-24
U000001,MOV119272,3,06-09-24
U000044,MOV100931,4,04-04-21
U000002,MOV106925,,10-23-16
U000005,MOV100006,3,03-11-23
U002273,MOV102519,2,09-02-17
U000146,MOV119635,4,04-28-18
U000002,MOV101108,4,04-04-19
U000003,MOV117146,4,02-13-25
U000044,MOV110353,5,03-25-20
U000203,MOV100006,3,10-27-22
U000504,MOV100006,2,05-21-22
U000001,MOV106154,4,05-28-24
U000010,MOV119635,2,10-03-24
U000027,MOV117978,4,06-24-24
U002188,MOV108836,1,12-10-17
U001746,MOV114896,4,02-24-23
U000039,MOV105990,5,08-23-23
U000001,MOV109564,5,11-21-22
U000513,MOV100006,3,09-21-18
U000002,MOV100751,4,10-08-23
U000130,MOV110285,1,03-18-22
U002007,MOV119635,3,09-03-22
U000003,MOV105644,5,03-20-23
U000002,MOV116260,4,05-12-20
U000011,MOV100006,4,05-15-25
U000177,MOV101539,4,02-09-18
U000002,MOV118828,4,03-07-23
U000001,MOV113688,2,09-06-15
U000150,MOV113717,4,01-24-22
U001224,MOV100006,2,02-25-19
U000002,MOV100006,4,04-11-24
U000001,MOV119635,5,
U001831,MOV102730,4,11-29-25
U000001,MOV101681,4,08-10-17
U000022,MOV109221,4,12-15-22
U000002,MOV100006,3,06-14-16
U000002,MOV109221,5,09-20-18
U000016,MOV105990,4,05-24-21
U000145,MOV106159,3,06-03-24
U000001,MOV116349,4,04-24-23
U000027,MOV100006,5,11-09-15
U000003,MOV119204,5,12-12-17
U000006,MOV110269,5,11-11-20
U003909,MOV101108,5,03-23-22
U000063,MOV109142,3,09-23-21
U000001,MOV119635,4,02-02-23
U000384,MOV119660,2,01-20-21
U000029,MOV100006,3,07-21-25
U003186,MOV103091,4,03-12-21
U003108,MOV108578,5,10-22-24
U000001,MOV116140,2,06-08-24
U000001,MOV112903,4,12-10-18
U000622,MOV118556,3,07-30-17
U000001,MOV119204,2,07-01-21
U000002,MOV111271,4,08-13-17
U000001,MOV102994,4,09-01-19
U000012,MOV100006,3,07-13-17
U000001,MOV103028,4,03-06-23
U000105,MOV100783,3,11-19-25
U000027,MOV100557,4,10-21-25
U000034,MOV100006,5,11-23-23
U000021,MOV110467,2,01-17-24
U000001,MOV100006,4,11-25-24
U001968,MOV118210,5,05-03-25
U000001,MOV108317,5,05-20-19
U000131,MOV114682,3,06-10-17
U000009,MOV101922,1,12-21-21
U000005,MOV111292,2,02-03-21
U000027,MOV104153,4,11-20-21
U000002,MOV105990,4,02-09-19
U000001,MOV119272,2,10-08-22
U000010,MOV101084,4,05-28-23
U000342,MOV116131,3,11-24-18
U000005,MOV115011,3,05-08-18
U000002,MOV100006,4,10-14-19
U000003,MOV102285,4,
U000001,MOV103147,3,07-22-25
U000006,MOV105897,1,03-12-16
U000001,MOV100006,2,08-03-22
U000001,MOV105120,4,05-16-23
U000001,MOV106660,1,01-13-23
U000003,MOV111034,4,04-29-23
U002189,MOV106371,4,03-07-25
U000425,MOV100006,4,08-09-24
U000086,MOV100006,2,09-08-25
U000001,MOV106156,5,01-25-18
U001640,MOV116000,4,05-20-24
U000193,MOV105077,4,10-08-18
U000001,MOV105811,3,07-24-23
U000028,MOV119272,5,06-07-17
U000001,MOV114626,4,12-18-21
U000002,MOV113908,3,10-30-25
U000652,MOV100006,1,03-08-16
U000008,MOV114626,1,02-04-25
U000007,MOV111029,3,10-16-20
U000319,MOV113667,3,04-18-22
U000030,MOV113048,4,02-12-18
U000321,MOV102405,4,10-09-15
U000057,MOV101108,3,10-26-24
U000003,MOV105358,3,09-28-20
U000003,MOV105990,2,01-27-25
,MOV115268,5,11-24-24
U000001,MOV107772,5,03-21-19
U000002,MOV100006,5,12-21-23
U000009,MOV100528,4,11-01-25
U000005,MOV109554,4,03-10-24
U000005,MOV105990,3,03-07-21
U000024,MOV105990,4,11-15-20
U000011,MOV103773,3,11-19-24
U000928,MOV104147,3,01-17-25
U000002,MOV111111,4,09-18-25
U000014,MOV105990,3,12-05-20
U001687,MOV119635,4,09-09-23
U000021,MOV105422,2,02-23-25
U000002,MOV119204,5,
U000001,MOV101202,5,03-03-18
U000006,MOV111011,3,11-11-23
U000174,MOV114199,3,04-22-20
U000018,MOV100006,5,12-16-18
U000005,MOV109567,3,10-21-20
U000003,MOV117948,2,08-07-24
U000011,MOV114626,4,06-09-16
U000509,MOV106333,4,05-10-22
U000001,MOV105764,4,03-06-23
U000001,MOV100006,4,07-08-25
U000003,MOV109809,3,08-18-17
U002656,MOV100990,3,01-06-18
U000016,MOV111632,5,04-30-21
U000001,MOV119635,4,08-02-21
U000020,MOV105990,4,03-17-25
U000001,MOV106380,5,11-01-23
U000005,MOV115657,4,10-12-23
U000003,MOV102852,4,10-24-18
U000111,MOV105990,4,11-13-18
U000001,MOV108506,5,11-14-22
U004387,MOV116178,,10-18-19
U000002,MOV100557,3,08-08-19
U000001,MOV119086,4,12-17-23
U000006,MOV100006,4,05-13-21
U000039,MOV100050,3,11-20-20
U000015,MOV100006,1,09-30-25
U000012,MOV113048,4,03-30-22
U000003,MOV110436,4,09-08-25
U000432,MOV117385,5,01-08-16
U003305,MOV100006,5,04-14-22
U001316,MOV106075,4,12-12-25
U000010,MOV103334,4,01-22-25
U000018,MOV119635,3,10-03-25
U000777,MOV106127,2,12-26-18
U000003,MOV104768,5,01-10-16
U000870,MOV100006,5,11-30-21
U002353,MOV108518,4,08-28-20
U001014,MOV104630,4,10-25-16
U001582,MOV114047,4,04-07-21
U000001,MOV100006,2,07-03-21
U000024,MOV111159,4,06-08-18
U000055,MOV119635,1,06-11-18
U000006,MOV100006,3,06-18-21
U000006,MOV105990,5,01-17-20
U000020,MOV119635,5,08-31-18
U000001,MOV110790,4,
U000004,MOV101108,3,07-17-20
U001127,MOV111091,2,05-08-25
U000001,MOV113766,4,11-03-17
U000001,MOV103964,5,11-26-17
U000001,MOV100006,5,09-26-25
U000004,MOV101530,5,04-03-24
U000582,MOV113048,4,06-24-22
U000063,MOV110809,2,05-17-25
U000173,MOV105990,4,06-10-19
U002054,MOV100006,3,06-05-24
U000001,MOV100006,4,12-27-15
U000001,MOV109913,3,01-09-22
U000135,MOV105234,5,10-24-17
U000030,MOV119272,3,01-27-17
U000015,MOV106689,3,06-25-24
U000008,MOV106333,2,11-07-23
U000001,MOV101108,3,05-20-19
U000028,MOV119272,4,01-12-22
U000011,MOV116580,4,02-15-17
U000016,MOV117251,4,
U000001,MOV100006,5,04-05-23
U000002,MOV104436,4,01-05-20
U002966,MOV100006,2,07-18-19
U000001,MOV112232,2,03-20-20
U000001,MOV101108,4,09-16-24
U000006,MOV117251,4,03-16-24
U000034,MOV110182,5,01-13-23
U000001,MOV111159,3,01-12-20
U000001,MOV109874,1,03-19-23
U000180,MOV119630,4,10-23-23
U000099,MOV100303,5,09-14-19
U000015,MOV119635,4,09-10-20
U004391,MOV113048,2,08-09-23
U000186,MOV100154,3,03-01-24
U000034,MOV117948,5,10-18-22
U000496,MOV108434,4,02-03-25
U000057,MOV113990,3,12-26-18
U000041,MOV112232,4,03-14-24
U000001,MOV114066,4,07-10-23
U000011,MOV105644,4,01-20-19
U000006,MOV119635,5,07-16-17
U000001,MOV101108,4,08-30-25
U000001,MOV110790,2,03-30-25
U000025,MOV119635,3,02-26-24
U000120,MOV101599,5,12-03-25
U000001,MOV108183,4,01-13-24
U000264,MOV109221,3,10-09-22
U000106,MOV109536,3,11-04-18
U004358,MOV118556,5,08-31-22
U000008,MOV102207,5,06-08-24
U000159,MOV100006,2,07-04-19
U000114,MOV100006,4,09-20-18
U004355,MOV115420,2,01-01-24
U000205,MOV119635,5,02-15-25
U000013,MOV118231,5,02-28-25
U000001,MOV101512,2,02-12-23
U000024,MOV112855,2,07-05-22
U000108,MOV103147,4,07-15-18
U000002,MOV118543,3,01-27-21
U000002,MOV118662,5,11-10-24
U000109,MOV103527,4,09-26-25
U000001,MOV101361,3,08-15-25
U000131,MOV100006,3,10-02-25
U003414,MOV118556,3,04-22-25
U000010,MOV118556,4,09-25-25
U000003,MOV110026,3,11-15-20
U000002,MOV100831,3,03-26-22
U000149,MOV116565,2,10-21-21
U000569,MOV101108,4,10-12-25
U000002,MOV104018,4,12-07-24
U000001,MOV111622,3,07-19-19
U000011,MOV119204,4,05-12-23
U000012,MOV105990,4,10-23-18
U000070,MOV109221,4,07-27-25
U000123,MOV105990,4,10-09-24
U000032,MOV113988,5,02-06-19
U000001,MOV100557,5,08-28-24
U000025,MOV113633,5,01-21-18
U000199,MOV101102,3,10-25-20
U000001,MOV117066,5,06-08-21
U000001,MOV115268,4,09-08-25
,MOV103125,5,09-20-21
U000001,MOV100006,1,09-04-24
U000001,MOV112232,3,03-03-22
U000004,MOV110262,4,06-11-25
U001558,MOV103182,3,07-04-21
U000053,MOV100006,4,09-09-24
U000072,MOV108912,2,06-08-25
U000029,MOV100006,4,04-12-25
U000002,MOV109332,3,06-16-25
U000014,MOV119272,4,05-02-19
U000001,MOV100006,3,07-02-21
U000005,MOV119272,2,03-25-25
U000063,MOV100006,4,09-03-22
U000001,MOV111823,4,03-21-19
U000009,MOV100006,2,01-04-25
U000098,MOV101108,4,02-25-18
U000042,MOV100006,3,06-04-18
U000001,MOV114896,4,02-06-22
U000003,MOV107912,5,06-21-21
U000112,MOV100006,2,08-25-17
U000001,MOV106834,5,08-29-20
U000001,MOV107912,4,11-12-24
U000001,MOV118043,5,08-07-24
U000051,MOV100006,3,09-23-25
U000035,MOV109536,5,09-19-25
U000156,MOV100006,1,06-08-25
U000223,MOV113132,3,03-23-20
U002528,MOV118556,3,06-16-24
U003422,MOV109874,5,01-06-16
U000013,MOV100006,3,06-09-17
U000001,MOV104883,4,08-15-23
U000001,MOV101108,4,03-05-24
U000004,MOV114869,5,10-26-23
U000001,MOV100006,3,02-24-18
U000001,MOV112232,3,06-19-25
U000001,MOV114784,3,03-31-23
U000023,MOV113766,3,12-12-24
U000008,MOV100006,4,10-29-25
U000001,MOV103125,4,12-16-23
U000409,MOV113048,1,02-20-21
U000022,MOV119635,2,05-16-22
U000005,MOV102151,4,07-19-21
U000032,MOV100681,4,10-19-19
U000002,MOV100006,4,09-29-23
U000099,MOV117251,3,10-23-25
U000012,MOV105764,4,09-03-25
U000479,MOV108308,5,
U000051,MOV106154,3,08-30-22
U001064,MOV105054,3,06-09-24
U000243,MOV115420,5,05-05-24
U000020,MOV100491,5,10-09-25
U001881,MOV106333,4,12-05-19
U000659,MOV105896,3,08-14-20
U001314,MOV107386,4,04-17-24
U000332,MOV100222,3,02-15-22
U000006,MOV117066,3,04-29-25
U002417,MOV118465,2,11-03-25
U000046,MOV114626,1,01-20-17
U000074,MOV114345,4,08-10-18
U000002,MOV103032,4,02-10-15
U000043,MOV104620,3,09-29-20
U000016,MOV101251,5,03-24-17
U000037,MOV110995,5,04-22-19
U000397,MOV111042,1,06-24-23
U000013,MOV101108,3,05-20-25
U000002,MOV114626,2,08-24-20
U000019,MOV114427,5,04-02-18
U000616,MOV119635,4,11-02-23
U000057,MOV101108,3,01-28-23
U000003,MOV110790,5,01-11-20
U000006,MOV108990,4,06-07-21
U000003,MOV109340,,11-26-20
U000002,MOV113800,3,08-06-20
U000032,MOV109602,3,12-27-15
U002924,MOV109221,5,08-16-23
U000024,MOV109221,4,11-26-17
U000018,MOV105990,4,03-07-23
U000111,MOV119635,3,08-24-23
U000001,MOV105990,4,12-09-25
U000069,MOV100006,2,10-09-18
U000001,MOV105896,4,08-18-23
U000150,MOV102099,2,07-16-20
U000003,MOV105704,4,
U001426,MOV104270,5,05-02-22
U000041,MOV113048,5,11-13-23
U000001,MOV106008,4,10-24-20
U000002,MOV108836,3,07-06-17
U000001,MOV119272,4,11-14-24
U001300,MOV100006,4,05-16-25
U000011,MOV114769,4,03-01-25
U000001,MOV109536,4,11-28-23
U000360,MOV119272,3,11-04-23
U000005,MOV105896,4,10-09-24
U000001,MOV115615,3,01-04-20
U001789,MOV105990,1,05-28-23
U000009,MOV115383,4,09-08-22
U000003,MOV102678,1,08-07-23
U000004,MOV106165,3,05-31-25
U000027,MOV116663,2,09-06-25
U000878,MOV101202,3,09-24-25
U000001,MOV117948,5,09-22-23
U000003,MOV105896,4,08-03-25
U000003,MOV116956,5,11-07-20
U000001,MOV110809,4,07-31-25
U000160,MOV110026,4,08-05-25
U000562,MOV105234,5,02-09-16
U000001,MOV105990,4,08-15-25
U000001,MOV107386,4,07-07-21
U000028,MOV109777,2,05-03-23
U000003,MOV110437,3,07-30-16
U004180,MOV119635,2,01-28-18
U000356,MOV119635,3,02-08-18
U000001,MOV114896,5,11-22-17
U000111,MOV105616,3,01-06-17
U000022,MOV107447,4,02-22-19
U000055,MOV115077,3,10-27-24
U000001,MOV109221,5,12-02-25
U000001,MOV116536,3,03-16-15
U000011,MOV114896,4,06-05-18
U000001,MOV106064,2,07-28-25
U000001,MOV116926,3,05-09-16
U000001,MOV105990,5,04-04-22
U000038,MOV100006,4,02-19-24
U000456,MOV117835,5,03-17-23
U000015,MOV111271,5,09-17-23
U000001,MOV110861,3,01-17-22
U000001,MOV115409,5,05-24-19
U000007,MOV106380,2,10-15-22
U000003,MOV118159,3,05-11-16
U000007,MOV109602,3,01-25-19
U001555,MOV105896,5,02-15-19
U000646,MOV117948,5,01-13-25
U002166,MOV114626,4,09-24-20
U000005,MOV117793,5,04-10-22
U000031,MOV119272,1,12-12-17
U000008,MOV105990,3,01-19-23
U000324,MOV119272,4,12-26-18
U000128,MOV118492,1,09-23-21
U000004,MOV112778,3,11-22-18
U000002,MOV101108,1,05-05-18
U000024,MOV100006,2,03-19-18
U000008,MOV105990,4,01-14-25
U000001,MOV105990,3,12-29-23
U000247,MOV100006,4,01-16-25
U000001,MOV108805,4,07-15-24
U000001,MOV104768,5,07-07-22
U000004,MOV114626,3,08-26-23
U000060,MOV110026,5,11-15-23
U000586,MOV100006,4,09-14-18
U000128,MOV103610,4,05-31-25
U000088,MOV110490,5,10-07-22
U000010,MOV108589,3,12-10-24
U000001,MOV101202,5,07-30-24
U000005,MOV118921,4,08-22-17
U000004,MOV116134,2,06-22-22
U000015,MOV114626,3,05-17-25
U000010,MOV117729,5,04-29-23
U000001,MOV113766,4,08-21-25
U000001,MOV101947,5,07-13-25
U000041,MOV103582,3,10-09-21
U000095,MOV115194,4,03-15-25
U000009,MOV110726,3,08-28-15
U000014,MOV102853,4,07-27-22
U000004,MOV114784,3,09-20-23
U000024,MOV100006,4,03-14-23
U000135,MOV101108,3,06-14-25
U000001,MOV112232,4,10-26-25
U000179,MOV100006,3,01-22-23
U000001,MOV102968,5,07-01-24
U000327,MOV119635,4,10-28-20
U000206,MOV119162,5,02-26-22
U000006,MOV105990,2,08-02-25
U000003,MOV109602,4,02-19-25
U000006,MOV107484,4,02-04-20
U000731,MOV100006,5,03-25-17
U000109,MOV105764,2,03-24-22
U000004,MOV100751,4,06-18-22
U000001,MOV103605,5,01-17-15
U000280,MOV119272,5,08-26-25
U001289,MOV100006,1,10-18-25
U000711,MOV105482,3,10-19-24
U001990,MOV100006,4,01-12-22
U000001,MOV116181,3,06-17-25
U000020,MOV100006,5,06-04-22
U000001,MOV119635,3,11-23-17
U000010,MOV114379,2,01-31-19
U000081,MOV119635,4,02-01-19
U000001,MOV110504,4,05-06-20
U000222,MOV110388,3,08-09-19
U000113,MOV100006,3,02-20-18
U000001,MOV108133,2,11-17-19
U000908,MOV109340,3,10-27-22
U000517,MOV100535,2,11-28-23
U000011,MOV100006,3,07-24-16
U000001,MOV114909,4,09-29-19
U000001,MOV116429,5,03-11-19
U000007,MOV112462,4,10-16-22
U000648,MOV109221,5,09-18-22
U000001,MOV119635,3,08-12-24
U000052,MOV105896,4,11-20-25
U000208,MOV108588,4,07-15-25
U000098,MOV113048,5,05-22-21
U000047,MOV111434,3,08-10-19
U001064,MOV100006,3,09-04-15
U000024,MOV119635,4,01-26-25
U000388,MOV107468,3,05-27-21
U000038,MOV113656,1,10-29-23
U000005,MOV118828,5,03-15-24
U000003,MOV105077,2,08-19-25
U000001,MOV111434,5,06-26-25
U000090,MOV115929,4,12-01-25
U000001,MOV116536,5,05-29-25
U000033,MOV101108,1,12-14-23
U000064,MOV101266,4,06-13-25
U000001,MOV100006,4,03-16-24
U000205,MOV118510,2,07-26-19
U000002,MOV105644,4,02-20-24
U000001,MOV116741,5,04-17-22
U001451,MOV100901,4,05-10-23
U000004,MOV110285,2,02-07-19
U000037,MOV100557,3,01-13-18
U000013,MOV100006,5,03-07-15
U000001,MOV105990,4,04-17-25
U000001,MOV119635,4,01-11-18
U000001,MOV100006,4,03-17-21
U000179,MOV100006,2,02-08-18
U000001,MOV109221,4,09-25-25
U000001,MOV106321,5,01-04-25
U000830,MOV100006,3,11-24-25
U000008,MOV115371,5,08-22-20
U000729,MOV109795,3,03-27-21
U000001,MOV119660,3,09-16-19
U000035,MOV100006,3,09-07-16
U000017,MOV110790,1,
U000007,MOV114797,5,12-25-21
U000014,MOV111120,3,06-22-22
U000106,MOV105990,5,05-03-21
U000053,MOV101202,4,06-12-25
U000028,MOV116552,3,12-22-25
U000001,MOV100006,5,06-07-19
U000012,MOV107912,1,01-03-22
U000002,MOV100006,3,10-21-21
U000013,MOV112232,4,01-17-21
U000001,MOV106445,3,04-26-22
U000002,MOV100006,4,01-06-21
U000002,MOV100006,,03-13-19
U000249,MOV103610,3,11-11-24
U000960,MOV115691,3,07-18-25
U000320,MOV117066,2,03-16-25
U000001,MOV105355,4,02-06-24
U000511,MOV111134,4,10-12-23
U000001,MOV119635,4,06-22-20
U000002,MOV106165,5,11-15-15
U000522,MOV100006,3,06-24-24
U000082,MOV101108,1,03-05-25
U000019,MOV113203,5,10-25-25
U000001,MOV105990,4,07-17-24
U000002,MOV101136,4,09-25-22
U000003,MOV109221,5,03-20-21
U000340,MOV114626,3,10-29-16
U000095,MOV111271,4,12-05-24
U000013,MOV104842,4,04-17-20
U000001,MOV103502,4,12-19-21
U000039,MOV113048,5,07-14-25
U000103,MOV100006,5,03-18-24
U000127,MOV119635,5,07-27-23
U000166,MOV104436,4,06-01-15
U000034,MOV101136,3,07-27-18
U000027,MOV100006,4,01-04-16
U000017,MOV111434,4,11-11-19
U001484,MOV116710,4,02-25-24
U000004,MOV109221,4,05-19-22
U001313,MOV113048,3,06-12-25
U000581,MOV113048,4,11-25-20
U000308,MOV104018,5,07-20-19
U000001,MOV100006,4,07-03-25
U000001,MOV112232,5,04-05-23
U000477,MOV100557,3,01-24-23
U000054,MOV100006,2,04-17-18
U000270,MOV105896,3,06-17-18
U000020,MOV116710,2,06-25-25
U000004,MOV114626,5,02-21-25
U000357,MOV119150,5,08-11-18
U004250,MOV109874,4,10-10-23
U000002,MOV103605,4,11-24-25
U000001,MOV119672,4,01-02-19
U000030,MOV114391,4,12-08-16
U000012,MOV116199,4,01-17-25
U000001,MOV116308,4,11-08-17
U000021,MOV113048,3,03-27-23
U000136,MOV100006,2,05-20-25
U000001,MOV100006,5,09-30-21
U000001,MOV119635,4,07-14-25
U000039,MOV103323,4,10-01-23
U000009,MOV118556,3,12-21-17
U000002,MOV119635,1,09-03-17
U000016,MOV100427,3,05-15-16
U000003,MOV110871,2,02-02-16
U002156,MOV105896,5,10-19-21
U000004,MOV111692,5,03-03-24
U000006,MOV119635,4,05-06-22
U000040,MOV118767,4,03-17-24
U000149,MOV100557,4,02-15-25
U000013,MOV118674,4,04-25-25
U000133,MOV103605,3,07-01-19
U000014,MOV119635,3,10-01-24
U002632,MOV104744,3,10-11-19
U000199,MOV109280,5,08-02-25
U000115,MOV110790,3,06-26-24
U000007,MOV117851,2,10-21-25
U000296,MOV114626,4,10-14-24
U000016,MOV114729,4,07-24-21
U000102,MOV100006,5,06-10-23
U000005,MOV101108,1,07-25-25
,MOV110790,,08-02-20
U000006,MOV105990,4,07-18-23
U000008,MOV119635,3,01-23-23
U000001,MOV119635,5,09-25-21
U000005,MOV119635,5,08-11-25
U000013,MOV108805,4,04-05-22
U000001,MOV119635,4,12-12-17
U000001,MOV100006,5,12-17-23
U000009,MOV107224,4,10-30-21
U000144,MOV100006,3,09-09-17
U000006,MOV110026,4,12-07-25
U000001,MOV105895,3,10-06-25
U000040,MOV119635,3,10-03-15
U000003,MOV112325,1,10-01-24
U000115,MOV105990,3,10-06-25
U000001,MOV110026,5,02-09-24
U000007,MOV109554,4,07-25-19
U000073,MOV113259,3,01-27-20
U000088,MOV106037,4,02-13-25
U000033,MOV117851,4,10-16-25
U000010,MOV105990,3,08-02-22
U000001,MOV100006,1,06-27-25
U000019,MOV100006,2,06-29-21
U000002,MOV105644,4,07-08-25
U000003,MOV115153,5,04-03-23
U000080,MOV109058,3,07-08-16
U000015,MOV112855,4,03-13-25
U000077,MOV106874,4,08-17-21
U001120,MOV119328,4,05-27-15
U000026,MOV119635,4,12-10-20
U000002,MOV105896,,02-14-19
U000001,MOV102666,2,04-04-25
U000001,MOV102806,3,07-11-21
U000281,MOV119204,3,08-05-24
U000001,MOV119204,3,01-28-22
U000007,MOV103354,5,08-19-21
U000050,MOV114626,3,05-27-25
U000001,MOV113048,4,10-05-25
U000155,MOV102500,1,04-18-22
U001314,MOV110726,3,04-11-22
U000024,MOV116336,4,07-13-24
U000010,MOV119272,4,08-27-24
U000044,MOV119272,4,01-07-18
U000479,MOV114626,4,07-10-19
U000002,MOV111402,3,09-15-17
U000002,MOV100006,3,10-24-25
U001608,MOV119272,4,10-20-20
U000007,MOV100006,3,10-02-17
U000136,MOV114510,5,06-05-21
U002514,MOV113048,2,06-26-25
U004183,MOV116580,3,07-31-20
U000001,MOV116962,3,06-04-19
U000011,MOV104018,4,12-29-21
U000001,MOV118556,4,04-25-25
U000015,MOV100557,3,02-28-24
U000005,MOV106037,4,01-09-22
U000730,MOV117948,5,01-25-24
U000002,MOV109221,5,01-22-20
U000034,MOV108053,5,08-19-18
U000983,MOV119635,3,03-02-22
U000126,MOV100006,4,07-13-19
U003294,MOV113657,3,02-04-25
U002071,MOV119753,4,03-23-20
U000032,MOV110014,3,10-15-25
U000001,MOV104758,1,05-17-25
U000031,MOV100557,4,07-31-21
U000534,MOV110026,1,01-04-24
U000290,MOV119204,4,11-25-25
U000001,MOV105990,5,
U000044,MOV105644,4,08-07-23
U000027,MOV100006,3,09-05-23
U000011,MOV119635,4,09-28-24
U000539,MOV114993,3,10-27-22
U000007,MOV119490,3,07-26-20
U000003,MOV117600,5,11-10-25
U000004,MOV119272,5,03-05-25
U000001,MOV106333,1,12-08-21
U000002,MOV119635,4,07-10-23
U000016,MOV111271,4,09-26-21
U000737,MOV114601,4,04-29-24
U001672,MOV119635,3,05-30-23
U001401,MOV100006,3,12-17-24
U000015,MOV105704,3,10-12-25
U000023,MOV112232,3,11-29-25
U002379,MOV112179,3,07-31-17
U000001,MOV109221,4,11-08-24
U000001,MOV115268,3,10-21-24
U000004,MOV101320,3,10-23-25
U000014,MOV114731,4,12-31-25
U000151,MOV110026,3,04-08-24
U000030,MOV119272,4,05-31-22
U001485,MOV100006,4,09-19-22
U000001,MOV118502,3,12-10-21
U000004,MOV117948,1,10-07-25
U000137,MOV110790,5,12-16-23
U001014,MOV100542,4,09-13-19
U000269,MOV111724,3,03-13-20
U000012,MOV106154,2,05-29-25
U000002,MOV110163,3,06-04-17
U000030,MOV109221,4,02-21-21
U000736,MOV101492,5,02-01-25
U000001,MOV111159,1,08-04-24
U000001,MOV100006,2,08-12-25
U000001,MOV119635,3,08-04-18
U000001,MOV118374,2,10-27-22
U000009,MOV118556,4,01-06-24
U000007,MOV105644,2,06-25-21
U000223,MOV114626,3,05-29-16
U000520,MOV100006,5,03-01-25
U000002,MOV119635,4,06-10-21
U000038,MOV110262,4,03-02-16
U000001,MOV100006,3,10-15-20
U000001,MOV104247,2,06-09-23
U000113,MOV100342,4,09-21-17
U000146,MOV101539,4,05-05-25
U000018,MOV100006,3,02-03-24
U000035,MOV105077,4,12-15-17
U000001,MOV116956,5,01-28-19
U000248,MOV119635,4,11-09-25
U000581,MOV115413,3,10-06-23
U000004,MOV100006,3,04-10-23
U000001,MOV113432,2,05-24-19
U000001,MOV101840,5,12-20-22
U000005,MOV114233,4,04-28-19
U000014,MOV101202,3,09-24-21
U000010,MOV109288,4,10-21-25
U000051,MOV114601,5,04-16-25
U000005,MOV101108,4,08-19-15
U000002,MOV119272,5,02-06-22
U000010,MOV107675,4,03-07-23
U000001,MOV119635,1,04-30-23
U000130,MOV109602,5,06-07-25
U000337,MOV111472,4,08-31-25
U000001,MOV114896,5,12-24-23
U000001,MOV111595,4,08-04-24
U000001,MOV114784,3,03-06-22
U000016,MOV100006,3,04-10-25
U000003,MOV100006,3,10-27-20
U000002,MOV107181,5,08-10-24
U000172,MOV114784,4,09-25-19
U000001,MOV100557,3,11-23-25
U000004,MOV100006,4,02-05-23
U000001,MOV110790,5,06-04-18
U000011,MOV104768,4,08-05-21
U000018,MOV119635,5,01-13-24
U001528,MOV116710,5,11-09-25
U000018,MOV106689,4,05-31-19
U000001,MOV106347,4,04-16-25
U000017,MOV101108,2,03-20-19
U000004,MOV101108,4,12-24-25
U000110,MOV115635,4,10-07-24
U001502,MOV119272,2,07-11-21
U000021,MOV103610,2,12-16-21
U001845,MOV117066,4,03-26-25
U000001,MOV118839,2,05-21-19
U000005,MOV100006,4,11-02-16
U000028,MOV113048,5,03-11-21
U000002,MOV112232,5,08-08-25
U003205,MOV119272,1,05-20-18
U002018,MOV113615,3,04-18-20
U000006,MOV100006,2,09-30-22
U000008,MOV100006,3,01-22-24
U000001,MOV100006,4,01-22-22
U000001,MOV110026,1,07-11-25
U000007,MOV119272,4,07-02-24
U000009,MOV101108,4,10-11-22
U000763,MOV104768,3,05-03-19
U000013,MOV111271,5,09-20-19
U000028,MOV110353,4,11-06-19
U000001,MOV118556,4,11-04-20
U000003,MOV112232,4,03-19-21
U000004,MOV108263,2,10-02-23
U000590,MOV110475,1,11-24-17
U000001,MOV119619,3,12-19-23
U000001,MOV100006,4,02-02-25
U000243,MOV119635,4,03-17-25
U000336,MOV108348,1,03-04-25
U000010,MOV112232,4,02-18-25
U000065,MOV100006,4,08-02-22
U000002,MOV100006,3,02-01-22
U000490,MOV117029,4,08-21-21
U000224,MOV110262,4,05-03-24
U000007,MOV113072,4,02-09-25
U000001,MOV104816,3,10-31-24
U000009,MOV116536,3,07-18-25
U000061,MOV119350,3,06-05-18
U000002,MOV101879,3,11-01-24
U000292,MOV100006,5,11-10-16
U000130,MOV100751,3,04-07-21
U000072,MOV117728,4,01-25-24
U000005,MOV102730,3,04-08-21
U000002,MOV101492,4,12-23-23
U000188,MOV119635,4,09-10-23
U000014,MOV113048,5,07-11-20
U000001,MOV119635,4,03-10-25
U000498,MOV100006,4,01-30-22
U000008,MOV119272,5,07-15-25
U000010,MOV119272,4,03-19-18
U000002,MOV105768,3,09-11-25
U000002,MOV116047,2,07-27-20
U000205,MOV118556,4,10-15-25
U000008,MOV108188,4,09-13-22
U000190,MOV114626,3,02-11-18
U000049,MOV114993,4,11-01-24
U000013,MOV100634,1,03-23-24
U000016,MOV105791,5,
U000002,MOV105990,1,01-24-22
U000027,MOV107508,5,05-08-24
U000228,MOV119272,4,08-23-23
U000003,MOV105428,4,02-16-24
U000015,MOV106321,4,11-27-20
U000003,MOV110594,2,09-23-25
U000021,MOV106500,2,03-20-19
U000017,MOV119635,1,11-04-25
U000001,MOV104879,5,08-19-22
U000005,MOV115421,5,10-05-21
U000002,MOV103226,3,11-30-18
U000777,MOV100006,3,09-26-16
U000010,MOV107961,5,11-24-24
U000002,MOV104270,5,05-14-20
U000001,MOV119635,5,10-23-22
U000016,MOV119635,4,02-27-25
U000740,MOV107386,4,08-13-23
U000016,MOV113048,5,09-16-21
,MOV100006,5,06-25-20
U000251,MOV100006,3,07-11-23
U000001,MOV119202,4,03-21-20
U000002,MOV109748,4,09-20-19
U000001,MOV112114,4,10-15-23
U000313,MOV111574,2,08-17-25
U000002,MOV112619,4,11-13-25
U000001,MOV105990,5,05-08-17
U000001,MOV119635,4,09-25-21
U000007,MOV118556,3,08-06-20
U000007,MOV118660,5,10-03-23
U000129,MOV118411,4,10-03-23
U000001,MOV100006,5,03-10-16
U000281,MOV100006,4,09-05-16
U000001,MOV109280,4,10-10-25
U000006,MOV119635,4,08-31-21
U000009,MOV102666,3,02-03-20
U000001,MOV110900,1,09-19-20
U000001,MOV119163,1,05-20-23
U000009,MOV100372,3,09-09-22
U000005,MOV106037,4,12-08-25
U000093,MOV105990,4,02-11-18
U000291,MOV113048,3,08-18-19
U002231,MOV111159,4,09-20-23
U000665,MOV107912,3,08-12-17
U000225,MOV113338,4,10-09-23
U000706,MOV119635,4,03-11-24
U000008,MOV113195,4,05-19-21
U000091,MOV102931,5,11-12-21
U000027,MOV103605,4,09-23-25
U000758,MOV101108,2,04-01-25
U000267,MOV100006,1,04-23-19
U000302,MOV110304,5,03-18-23
U000057,MOV118164,3,02-27-25
U000004,MOV113715,4,11-17-21
U000523,MOV106321,4,06-15-24
U000059,MOV114626,2,10-15-17
U000019,MOV107912,3,02-11-22
U000165,MOV110162,4,05-17-18
U000262,MOV119204,3,11-22-25
U000001,MOV100006,4,04-19-18
U000001,MOV112018,4,12-15-24
U000048,MOV111423,4,09-17-24
U000029,MOV113048,5,09-20-19
U000001,MOV103681,3,09-23-25
U000122,MOV117251,4,05-09-22
U000006,MOV100006,3,12-02-19
U000428,MOV110497,4,01-01-25
U000010,MOV118374,5,06-04-23
U000011,MOV105990,1,02-23-24
U000002,MOV119635,1,02-01-25
U000002,MOV102405,4,03-11-24
U000038,MOV109166,3,01-20-16
U000220,MOV105764,1,09-27-25
U000006,MOV112232,4,11-12-19
U000003,MOV102448,5,06-20-25
U000001,MOV114869,5,07-16-20
U000001,MOV111103,4,12-28-15
U000022,MOV114626,1,12-08-17
U000004,MOV113233,5,10-05-19
U000003,MOV116621,5,11-03-22
U000005,MOV103941,5,09-20-24
U000001,MOV113436,5,09-23-24
U000037,MOV111271,5,02-14-20
U000618,MOV100831,3,05-19-18
U000156,MOV102818,3,08-27-25
U000003,MOV104520,3,06-04-21
U000002,MOV102343,2,05-12-22
U000055,MOV100006,1,02-04-23
U000471,MOV101290,5,07-30-25
U000002,MOV117948,3,12-19-19
U000014,MOV105990,2,02-14-24
U000019,MOV114168,3,10-07-20
U000005,MOV101108,4,03-31-22
U000002,MOV109166,5,06-13-25
U000028,MOV111029,3,09-16-24
U002269,MOV100713,5,07-02-18
U000710,MOV100249,3,01-01-21
U000307,MOV119272,4,11-23-24
U000001,MOV109652,4,12-23-20
U000005,MOV104018,3,05-09-19
U000006,MOV104281,5,04-04-25
U000110,MOV100006,1,12-30-25
U000002,MOV105990,3,06-04-24
U000106,MOV119229,5,05-12-25
U004136,MOV100006,4,09-03-21
U000011,MOV119272,1,08-28-24
U000080,MOV111014,5,02-26-22
U000036,MOV105990,2,03-22-25
U000018,MOV105990,4,06-20-21
U000001,MOV101202,3,12-21-21
U000008,MOV110991,3,08-01-18
U000009,MOV114755,5,06-04-23
U000001,MOV116222,3,10-11-23
U000006,MOV113048,5,02-02-25
U000001,MOV108359,4,06-18-25
U000008,MOV114896,3,09-17-24
U000116,MOV100520,3,01-14-18
U000010,MOV100950,4,11-04-21
U000010,MOV101108,2,11-14-17
U000011,MOV109849,4,06-06-19
U000002,MOV109751,4,02-19-17
U000278,MOV115929,4,05-10-24
U000299,MOV114877,2,09-25-22
U000013,MOV114993,5,03-08-19
U000006,MOV107961,5,05-29-23
U000002,MOV109378,3,11-03-24
U000034,MOV112147,3,
U000001,MOV119660,4,02-19-25
U000388,MOV104579,4,09-05-25
U000426,MOV103334,5,01-08-23
U000003,MOV100006,4,04-10-20
U000018,MOV101202,4,07-29-25
U000009,MOV119635,4,07-11-23
U000002,MOV109399,5,07-25-25
U000174,MOV106775,2,05-02-19
U000021,MOV101108,4,01-21-23
U000436,MOV119204,4,03-24-18
U000001,MOV105644,4,10-14-19
U000001,MOV100006,4,07-13-25
U000220,MOV108391,5,06-01-23
U000161,MOV109221,3,05-01-18
U000019,MOV108973,4,01-09-23
U000010,MOV109221,5,12-11-18
U000542,MOV119272,4,03-01-23
U000021,MOV110828,3,11-22-17
U000013,MOV100006,3,05-08-25
U000024,MOV119635,3,12-18-25
U002504,MOV110828,4,07-20-23
U000008,MOV119635,4,10-15-25
U000004,MOV108391,4,02-24-19
U000006,MOV109602,2,01-18-24
U000001,MOV119204,5,02-03-21
U000001,MOV100511,4,10-30-25
U000001,MOV103577,5,11-05-21
U000782,MOV100006,4,05-11-25
U000006,MOV119635,1,03-20-24
U000506,MOV102023,3,11-11-17
U000040,MOV103147,5,03-10-25
U000001,MOV108779,3,05-06-24
U000011,MOV114816,5,11-02-23
U000005,MOV111700,1,09-13-15
U000001,MOV119635,3,10-26-20
U000026,MOV106037,3,10-31-23
U000008,MOV100208,1,12-20-23
U000001,MOV115158,4,02-07-22
U000001,MOV100006,4,05-19-23
U000208,MOV100006,4,09-13-22
U000996,MOV107361,4,09-06-24
U000031,MOV114784,5,02-03-25
U000001,MOV100006,4,05-17-22
U000001,MOV109221,5,08-16-20
,MOV104999,4,09-04-25
U000001,MOV112784,4,12-24-18
U000060,MOV119204,4,01-27-18
U000672,MOV112165,4,08-09-18
U000002,MOV100691,4,03-02-25
U000058,MOV107070,1,10-31-24
U000098,MOV106063,1,12-27-24
U000005,MOV103610,2,
U000003,MOV101108,2,04-01-25
U000013,MOV100006,4,06-27-24
U002102,MOV116705,2,05-22-18
U000002,MOV114784,3,04-24-22
U000030,MOV107327,4,09-22-23
U000002,MOV103320,1,03-31-19
U000289,MOV114797,5,04-11-24
U000117,MOV112876,4,02-12-23
U000002,MOV109140,1,03-31-18
U000001,MOV119635,5,08-29-19
U000080,MOV114993,5,04-17-18
U000115,MOV109834,5,11-12-25
U000268,MOV102260,5,08-20-19
U000004,MOV105948,3,01-26-18
U000002,MOV115138,5,05-08-25
U002118,MOV102553,3,08-14-20
U000001,MOV100006,3,10-08-17
U000012,MOV109166,3,04-23-22
U000006,MOV100342,4,01-23-22
U000462,MOV109221,3,02-06-25
U000006,MOV113048,4,08-19-25
U000002,MOV118556,5,03-04-25
U000016,MOV110440,5,09-15-24
U000517,MOV102448,4,08-24-23
U000005,MOV110221,4,11-01-22
U000001,MOV113048,3,07-30-25
U000001,MOV111037,2,01-02-19
U000122,MOV100006,3,04-22-19
U000005,MOV110790,3,12-29-20
U000005,MOV119635,3,10-13-23
U000023,MOV114232,1,08-21-21
U001066,MOV110002,5,05-14-16
U000007,MOV113073,5,08-09-24
U000830,MOV101775,2,07-12-23
U000001,MOV100831,4,12-11-24
U000036,MOV101108,1,04-26-16
U000027,MOV119635,3,02-19-18
U000011,MOV110790,1,04-23-16
U000017,MOV105990,4,03-23-22
U000001,MOV101211,1,09-09-21
U000347,MOV119635,5,05-06-19
U000136,MOV119635,5,04-13-25
U000058,MOV103610,3,07-15-22
U000001,MOV100006,3,
U000008,MOV119635,4,02-26-21
U000001,MOV105990,2,
U000003,MOV106640,3,05-18-21
U002403,MOV114993,1,10-27-20
U000002,MOV100006,5,04-03-20
U000012,MOV119635,5,09-02-16
U000026,MOV119635,2,04-02-25
U000062,MOV100208,4,02-09-22
U000075,MOV105438,5,08-25-25
U000006,MOV100006,5,05-13-21
U000045,MOV113048,4,11-14-18
U000004,MOV112743,3,11-29-19
U000004,MOV119822,4,10-24-20
U000559,MOV117251,4,09-04-21
U004202,MOV103334,5,02-18-22
U000021,MOV100006,4,10-03-23
U001225,MOV108419,1,04-16-25
U000004,MOV114822,4,05-21-20
U000002,MOV100006,2,08-24-21
U000008,MOV105990,3,08-27-21
U000002,MOV105990,4,05-14-23
U000001,MOV118411,4,06-18-20
U000057,MOV105699,4,12-17-23
U000034,MOV106689,5,04-26-23
U000002,MOV103605,1,12-23-25
U000822,MOV108356,1,12-12-20
U000003,MOV108836,3,11-10-17
U000001,MOV119635,3,05-05-22
U000007,MOV107303,3,11-18-22
U000001,MOV101492,2,04-08-20
U000001,MOV119635,4,07-25-25
U000010,MOV107070,4,04-20-24
U000001,MOV108836,5,09-24-25
,MOV119635,3,10-20-24
U001178,MOV109221,3,09-25-18
U000002,MOV105961,3,07-22-20
U000315,MOV107913,4,12-10-25
U000672,MOV112260,4,01-08-20
U000003,MOV119272,5,07-26-18
U000004,MOV119272,3,03-17-22
U001632,MOV108065,5,10-21-25
U000039,MOV107772,3,06-24-19
U000001,MOV102141,2,09-18-16
U002305,MOV118605,5,03-23-20
U000001,MOV100006,3,10-07-23
U000029,MOV117146,3,02-01-23
U000001,MOV110790,4,01-31-24
U000534,MOV119635,4,06-17-19
U000986,MOV119204,3,10-30-23
U000001,MOV100006,3,06-02-17
U000001,MOV112021,5,12-26-21
U001229,MOV100006,2,10-29-25
U000002,MOV107497,3,09-26-15
U000396,MOV118556,4,12-08-19
U000012,MOV109602,5,07-23-25
U000032,MOV103605,2,11-19-17
U000001,MOV118556,4,03-26-24
U000001,MOV107511,4,04-28-21
U000001,MOV117793,4,03-21-19
U000027,MOV119635,5,02-19-21
U000181,MOV114946,4,10-27-22
U000001,MOV100006,4,04-01-25
U000052,MOV119490,4,05-28-22
U000006,MOV101941,5,09-03-20
U000028,MOV113048,5,10-21-23
U001288,MOV114993,4,03-10-25
U000005,MOV114658,2,04-03-24
U000005,MOV113048,4,08-04-20
U000001,MOV100557,3,06-12-17
U000001,MOV110933,1,04-15-19
U000014,MOV106850,4,01-11-21
U000002,MOV100006,3,02-18-22
U000001,MOV111782,3,10-19-20
U000004,MOV117066,2,05-02-25
U000001,MOV105990,3,04-01-25
U000002,MOV117108,3,07-23-24
U003732,MOV101840,4,01-09-23
U000495,MOV107386,4,01-02-19
U000008,MOV113646,4,08-31-21
U000011,MOV100006,3,11-09-15
U000001,MOV105990,4,01-12-24
U000025,MOV110161,3,04-12-17
U000023,MOV105990,4,11-18-22
U000065,MOV101108,4,04-17-25
U000003,MOV118321,4,07-06-20
U000575,MOV119272,4,01-10-23
U000010,MOV105999,4,07-31-20
U000040,MOV100006,4,12-06-16
U000001,MOV103151,4,07-17-21
U000003,MOV119635,3,10-20-20
U000004,MOV105896,5,10-30-20
U000744,MOV119635,3,07-14-22
U000678,MOV109221,5,10-21-18
U000347,MOV119272,3,11-22-23
U000001,MOV117948,4,07-31-21
U000001,MOV103577,3,05-19-23
U000001,MOV101108,5,10-21-17
U001568,MOV108499,4,06-11-25
U000003,MOV114784,2,10-28-25
U000357,MOV100831,4,12-09-24
U000050,MOV108342,5,08-16-18
U000799,MOV105037,4,06-05-25
U000002,MOV100557,4,01-17-24
U000001,MOV114424,4,03-17-25
U000042,MOV111034,4,07-13-24
U000020,MOV103122,5,03-22-21
U000007,MOV114626,3,06-18-25
U000005,MOV100006,4,06-23-24
U003223,MOV112643,2,01-27-21
U000019,MOV119272,5,01-22-23
U000019,MOV119272,4,08-29-24
U000003,MOV100006,3,01-18-25
U000007,MOV103605,5,07-23-25
U000010,MOV105990,5,08-01-22
U000077,MOV100006,2,03-08-17
U000030,MOV111692,4,11-12-21
U000163,MOV104557,2,06-27-24
U000004,MOV116181,4,08-05-19
U000001,MOV100006,4,11-27-23
U000005,MOV110018,4,02-25-25
U000050,MOV110790,4,01-20-24
U000005,MOV119635,3,03-23-23
U000001,MOV100006,5,
U000054,MOV102873,1,08-29-21
U000039,MOV101202,4,11-24-22
U000153,MOV106889,5,09-19-25
U000001,MOV114626,3,07-16-22
U000002,MOV111439,1,06-12-22
U000003,MOV105428,4,02-16-24
U000015,MOV102873,2,11-20-23
U000001,MOV101420,5,04-22-25
U000009,MOV116470,3,03-02-25
U000287,MOV109166,3,04-17-25
U000096,MOV119272,3,08-08-24
U000159,MOV118418,5,10-22-22
U000011,MOV108792,4,09-18-24
U000238,MOV104764,4,11-29-17
U000005,MOV101115,4,08-23-25
U000006,MOV111159,3,11-29-24
U000658,MOV113604,5,05-17-25
U000052,MOV112692,4,12-15-23
U001802,MOV103047,4,08-05-19
U000028,MOV117251,5,08-27-24
U000030,MOV118828,5,09-19-23
U000002,MOV105896,4,02-08-25
U000006,MOV108894,2,07-17-17
U000001,MOV116169,1,05-15-25
U000279,MOV105001,3,10-19-18
U000001,MOV100006,2,12-12-24
U000003,MOV100006,4,02-28-23
U000001,MOV100208,4,01-18-21
U000182,MOV112097,5,04-28-25
U001206,MOV101830,4,01-29-18
U000048,MOV105990,5,12-02-22
U000450,MOV119272,5,05-07-23
U000002,MOV113048,5,09-24-19
U000001,MOV103147,4,03-11-19
U000001,MOV100006,3,
U000019,MOV110790,4,10-16-24
U000005,MOV100996,3,09-01-24
U000007,MOV102844,4,06-06-25
U000006,MOV112232,3,03-01-20
U000319,MOV100006,4,09-20-23
U000006,MOV105966,3,09-24-25
U000125,MOV105990,3,03-13-24
U000001,MOV105990,3,09-15-24
U000007,MOV100006,4,12-01-25
U000042,MOV116663,3,02-18-24
U000399,MOV101202,5,09-06-17
U000016,MOV106129,4,12-18-21
U000001,MOV103779,3,07-10-24
U000797,MOV103719,4,10-08-22
U000001,MOV111451,4,12-01-24
U000001,MOV107139,4,07-02-21
U000001,MOV100006,2,07-31-25
U000126,MOV103610,4,11-19-25
U000020,MOV100006,5,09-19-20
U000001,MOV118903,3,03-13-25
U000004,MOV101922,4,09-21-18
U000089,MOV102801,4,10-24-22
U000005,MOV101202,3,01-20-21
U000010,MOV106842,2,08-20-18
U000001,MOV110475,5,07-06-23
U000065,MOV106156,5,12-25-21
U000020,MOV119272,4,08-25-25
U000073,MOV114993,2,11-26-23
U002767,MOV103228,4,12-06-20
U000017,MOV103224,4,02-08-18
U000051,MOV118164,4,02-28-15
U000001,MOV100006,3,04-18-23
U000002,MOV100374,5,04-26-24
U000001,MOV111876,3,03-23-16
U000013,MOV117485,5,02-18-25
U000001,MOV119204,4,09-14-19
U000002,MOV103091,2,02-19-21
U000073,MOV114153,3,04-27-23
U000001,MOV101108,1,10-11-20
U000003,MOV103605,5,07-24-16
U000002,MOV100006,4,05-19-20
U000238,MOV114357,4,12-11-25
U000001,MOV100006,5,06-20-15
U000001,MOV100006,2,03-17-18
U000116,MOV100006,1,07-23-25
U000007,MOV113418,1,10-20-21
U000008,MOV116580,4,11-25-25
U000450,MOV113048,3,07-30-18
U000010,MOV119272,3,08-10-23
U000004,MOV114512,5,06-04-24
U000018,MOV113048,4,03-27-21
U000049,MOV108200,4,08-30-25
U000004,MOV109166,5,01-18-15
U000001,MOV105990,4,02-04-22
U000001,MOV114626,3,04-29-21
U001298,MOV118580,3,06-19-25
U001628,MOV104140,3,01-19-22
U000106,MOV110790,1,11-11-22
U000002,MOV117321,3,09-17-25
U000040,MOV119842,4,08-29-23
U000001,MOV119064,3,07-08-18
U000003,MOV109340,4,07-10-23
U001189,MOV113734,3,05-04-18
U000028,MOV114993,3,09-15-22
U000001,MOV100006,4,04-09-25
U000005,MOV112579,4,02-11-24
U000001,MOV100487,4,11-21-22
U000065,MOV100006,5,09-14-25
U000005,MOV104768,3,06-30-25
U000021,MOV112137,4,12-13-22
U000002,MOV111029,5,07-26-24
U000002,MOV118792,4,01-13-24
U000003,MOV119272,2,04-01-19
U000037,MOV117948,2,10-14-18
U000091,MOV100006,3,10-06-23
U000001,MOV100951,3,03-24-18
U000001,MOV110526,5,01-10-22
U000353,MOV116300,4,05-03-23
U000044,MOV104752,4,03-30-19
U000001,MOV103882,5,05-02-24
U000095,MOV100410,3,03-04-23
U000002,MOV112643,4,04-20-21
U000159,MOV106458,4,08-27-20
U000007,MOV106689,3,03-04-20
U000001,MOV119799,4,01-06-19
U000001,MOV115929,3,05-27-25
U003448,MOV119204,4,08-26-25
U000691,MOV119635,4,08-11-21
U000035,MOV118342,5,01-12-16
U000011,MOV114399,1,04-13-15
U000002,MOV109729,4,04-11-22
U000864,MOV114424,3,
U000006,MOV119635,4,06-13-21
U002726,MOV100006,5,10-20-21
U000014,MOV111120,3,06-22-22
U000008,MOV114784,4,11-01-23
U000001,MOV105990,4,08-21-23
U000010,MOV107386,2,08-11-20
U000025,MOV117287,3,12-08-24
U000002,MOV119272,2,11-02-25
U001951,MOV117851,5,11-03-19
U000124,MOV114432,3,06-27-15
U000029,MOV119225,4,06-29-20
U000105,MOV108855,3,04-26-18
U000003,MOV114091,4,03-27-21
U000002,MOV110026,1,03-16-20
U000081,MOV105990,4,05-01-23
U000026,MOV118290,1,09-14-25
U000162,MOV103605,4,04-02-23
U000012,MOV117352,2,11-12-18
U000021,MOV112632,4,08-12-19
U000916,MOV105990,4,05-10-24
U002812,MOV117344,4,09-25-25
U002118,MOV110026,3,01-10-19
U000006,MOV100006,4,05-30-16
U000100,MOV114626,4,04-26-19
U000007,MOV102220,1,03-06-25
U000012,MOV119635,5,12-31-25
U000004,MOV116835,1,10-21-19
U000001,MOV109205,3,05-08-25
U000046,MOV107842,4,06-11-20
U000053,MOV100006,3,09-07-23
U000002,MOV101108,4,04-14-23
U000046,MOV108005,4,11-10-24
U001684,MOV114993,4,08-15-24
U000135,MOV105896,5,01-03-23
U000027,MOV103080,5,01-10-25
U000484,MOV100557,4,10-21-25
U000001,MOV113800,5,08-15-21
U000001,MOV100006,5,09-11-24
U000001,MOV108419,4,11-05-24
U000197,MOV110828,3,12-06-19
U004486,MOV101108,5,04-13-24
U000001,MOV100006,4,04-11-24
U000006,MOV100006,3,03-11-19
U000024,MOV111037,3,11-16-25
U000026,MOV117475,4,09-03-20
U000008,MOV101492,3,11-03-23
U002233,MOV113048,3,02-08-23
U000030,MOV118828,5,12-26-23
U000003,MOV108419,4,12-02-25
U000111,MOV113048,1,07-16-22
U000002,MOV111434,2,01-26-25
U000001,MOV102769,4,01-10-25
U000002,MOV109807,4,01-17-20
U001088,MOV113682,4,03-07-25
U000078,MOV100006,5,08-02-24
U000030,MOV100006,,04-02-20
U000145,MOV100006,4,03-11-25
U000773,MOV119635,4,05-22-21
U002506,MOV108419,5,11-11-23
U000066,MOV106689,5,03-20-25
U000003,MOV108594,5,06-12-22
U000024,MOV104557,1,06-23-21
U000001,MOV106689,4,04-28-24
U000001,MOV117066,4,09-28-25
U000286,MOV107983,4,06-26-23
U000294,MOV119635,3,01-23-25
U001524,MOV105911,3,01-22-24
U000002,MOV100940,5,06-14-16
U000003,MOV114626,5,12-06-23
U000005,MOV119204,3,08-18-22
U004363,MOV117948,1,02-08-23
U000001,MOV119272,4,06-28-23
U000767,MOV105990,3,01-17-19
U000001,MOV100006,4,09-17-17
U000085,MOV108506,5,10-04-24
U000001,MOV100410,4,07-30-24
U000003,MOV113048,3,03-27-25
U000147,MOV103605,2,07-29-19
U000074,MOV100006,5,03-22-25
U000006,MOV112437,4,06-05-23
U000324,MOV100006,2,08-08-17
U000001,MOV100006,5,12-02-25
U000018,MOV105265,4,10-09-25
U000020,MOV100006,4,01-24-21
U000470,MOV113048,4,10-24-23
U000812,MOV114626,4,10-19-24
U000001,MOV113881,5,08-23-23
U000013,MOV112232,4,10-12-25
U000062,MOV119635,5,08-16-19
U000002,MOV112513,3,11-03-24
U000002,MOV102068,2,03-08-17
U000001,MOV117885,5,02-14-21
U000229,MOV100006,3,11-28-18
U000072,MOV119272,5,01-29-17
U000168,MOV100006,4,02-04-24
U000007,MOV106110,3,04-25-20
U000797,MOV101108,4,08-15-20
U000004,MOV114626,3,
U000152,MOV108973,5,06-18-23
U000045,MOV114626,3,01-29-25
U000001,MOV113688,4,10-24-23
U000173,MOV119635,3,11-18-21
U000003,MOV100006,4,04-23-24
U000001,MOV109354,5,01-03-20
U000010,MOV119272,5,09-20-23
U000001,MOV104247,3,05-26-20
U003964,MOV100006,4,03-30-24
U000003,MOV100006,4,02-18-25
U000053,MOV105990,1,01-26-18
U000192,MOV107257,3,10-24-20
U000031,MOV119635,3,08-29-22
U001200,MOV108630,4,06-18-24
U000001,MOV119272,1,01-25-22
U000005,MOV103759,4,09-13-16
U000004,MOV101108,2,09-30-24
U000001,MOV115929,5,02-14-22
U000001,MOV100769,5,02-12-18
U000010,MOV101108,1,03-30-25
U000067,MOV113048,5,11-13-19
U000008,MOV101108,4,01-09-24
U000001,MOV110015,3,01-19-20
U000018,MOV105990,1,04-18-24
U000021,MOV113223,4,07-04-25
U000006,MOV114626,4,01-12-24
U000005,MOV109221,5,08-26-23
U000009,MOV119090,3,04-19-21
U000001,MOV116606,3,08-15-22
U001844,MOV100831,4,08-08-18
U000093,MOV100006,2,06-28-19
U000006,MOV112232,2,09-03-21
U000001,MOV116741,5,06-11-25
U000060,MOV112981,3,07-15-24
U000013,MOV104635,2,03-03-22
U000013,MOV110144,4,05-30-25
U000019,MOV113223,4,01-25-20
U000002,MOV104752,4,04-08-23
U000828,MOV113048,2,07-22-24
U000001,MOV100006,4,01-16-21
U000003,MOV107774,3,04-02-21
U000560,MOV114626,3,07-30-23
U003116,MOV100713,3,05-17-25
U000048,MOV100006,3,03-31-24
U000070,MOV116956,3,11-29-22
U000028,MOV119204,4,04-05-25
U000010,MOV100210,5,05-02-19
U000063,MOV101539,4,09-16-25
U000003,MOV103605,5,01-28-25
U000001,MOV102996,3,05-02-25
U000020,MOV119635,3,10-16-19
U000002,MOV100557,2,02-22-24
U000063,MOV109221,3,09-14-17
U000014,MOV105990,4,05-27-21
U000499,MOV106103,3,09-08-25
U000006,MOV119635,5,01-19-21
U000002,MOV115032,5,06-06-25
U000008,MOV117421,3,06-14-25
U000001,MOV107149,5,08-22-20
U001637,MOV107761,1,05-11-20
U000001,MOV118556,3,01-16-25
U000001,MOV100006,2,07-25-25
U000025,MOV118545,2,02-21-22
U000008,MOV117948,2,02-06-22
U000001,MOV100831,5,05-08-18
U000002,MOV105990,2,05-15-24
U000012,MOV109727,1,03-31-25
U000003,MOV119635,3,09-21-16
U000029,MOV100962,5,04-05-23
U000014,MOV110026,4,09-03-22
U000001,MOV106944,5,08-20-16
U000508,MOV100880,4,01-30-23
U000045,MOV111650,4,12-29-24
U000008,MOV101108,4,09-25-23
U000007,MOV103605,3,06-06-21
U004079,MOV100006,4,07-31-20
U000267,MOV104768,5,08-17-19
U000001,MOV119272,3,05-07-22
U000010,MOV106333,3,10-18-25
U000006,MOV106689,4,06-22-24
U000002,MOV105990,4,06-19-16
U000001,MOV101421,3,02-13-24
U000356,MOV112672,4,11-02-23
U000007,MOV117849,5,04-27-20
U000004,MOV114784,4,12-15-24
U000003,MOV115268,1,10-02-18
U000001,MOV115759,5,01-07-18
U000140,MOV110790,2,02-25-25
U000075,MOV113267,1,06-11-19
U003540,MOV100044,5,12-28-25
U001970,MOV105688,2,01-24-18
U000156,MOV114993,3,06-04-23
U002481,MOV112044,5,02-28-25
U001689,MOV119272,4,10-29-16
U000205,MOV118641,4,07-27-19
U000074,MOV100006,3,08-31-25
U000020,MOV119164,5,06-07-25
U002132,MOV116142,3,
U000035,MOV100006,5,06-03-20
U000001,MOV107386,4,01-07-25
U000001,MOV114626,3,06-29-25
U000001,MOV100342,2,
U000001,MOV119272,4,02-16-25
U000001,MOV119635,3,02-03-25
U000001,MOV114896,5,11-01-21
U000004,MOV104928,4,12-23-22
U000040,MOV101539,3,02-28-15
U000002,MOV106662,3,10-02-24
U000003,MOV107537,2,12-25-17
U000411,MOV119109,2,05-11-22
U000024,MOV100006,4,09-13-20
U000002,MOV113223,2,05-19-17
U000002,MOV100006,4,12-13-25
U000002,MOV105990,5,05-21-25
U000069,MOV113223,5,03-11-16
U000234,MOV101108,3,10-16-25
U000017,MOV108319,3,06-08-21
U000001,MOV107509,,11-14-19
U000006,MOV115356,4,09-19-20
U000008,MOV100006,1,04-29-25
U000008,MOV105990,4,01-14-25
U000001,MOV114816,5,07-30-20
U000002,MOV100432,4,06-28-17
U000003,MOV109613,3,06-15-18
U000064,MOV118556,4,11-13-24
U000001,MOV108339,4,07-26-20
U000017,MOV113195,5,09-20-25
U000060,MOV117251,5,11-30-19
U000006,MOV102448,5,07-12-19
U000002,MOV113048,4,02-22-23
U000001,MOV112232,4,10-23-23
U000009,MOV100006,2,08-31-19
U001499,MOV108661,3,10-07-22
U000001,MOV115932,4,12-08-21
U000003,MOV115070,4,05-01-24
U000012,MOV100006,4,03-20-23
U000002,MOV119204,5,02-03-24
U000248,MOV107307,4,09-24-25
U000456,MOV101539,5,03-24-25
U000047,MOV114993,4,02-08-23
U000099,MOV113048,4,10-05-18
U000001,MOV100006,4,09-21-23
U000087,MOV111491,4,02-04-25
U000003,MOV116484,4,12-31-20
U000001,MOV119021,2,05-21-25
U000003,MOV105990,4,09-19-21
U000021,MOV100937,2,03-15-24
U000045,MOV100006,5,07-22-22
U002764,MOV113876,2,01-20-19
U000361,MOV109554,3,02-18-19
U002596,MOV114601,4,10-25-20
U000001,MOV119272,3,06-27-25
U000001,MOV109874,4,09-18-24
U000001,MOV114784,3,11-28-23
U000079,MOV101237,1,10-14-25
U000001,MOV101480,4,08-29-25
U000001,MOV112384,4,01-16-21
U000003,MOV103597,4,11-23-25
U000001,MOV116956,4,08-24-25
U000054,MOV100210,1,03-04-25
U000003,MOV118681,4,05-04-16
U000031,MOV104569,4,12-02-22
U000565,MOV109776,4,03-19-22
U000436,MOV113048,4,05-10-19
U000001,MOV103210,4,08-30-25
U000005,MOV112232,5,04-22-21
U000026,MOV112513,5,02-16-22
U000003,MOV117665,5,10-25-23
U000018,MOV116803,4,01-02-21
U000001,MOV100006,4,05-08-21
U000237,MOV119227,4,01-08-24
U000556,MOV119272,3,09-12-24
U000081,MOV101523,1,02-23-24
U000001,MOV110026,3,04-08-24
U000001,MOV115070,4,02-17-24
U000005,MOV105649,4,08-11-20
U001589,MOV118556,1,01-15-24
U000645,MOV104867,4,11-12-16
U000002,MOV105962,3,09-05-18
U000002,MOV113774,5,12-22-25
U000012,MOV110397,4,05-31-17
U000002,MOV110828,2,01-22-18
U000002,MOV100006,4,04-10-22
U000135,MOV101237,4,08-11-20
U000001,MOV100208,3,04-19-22
U000706,MOV113401,4,09-28-24
U000001,MOV101257,5,05-20-21
U000100,MOV112232,1,07-18-15
U000002,MOV101871,1,07-02-18
U000001,MOV114570,5,10-10-25
U000001,MOV104018,4,09-26-24
U000050,MOV100006,4,12-16-19
U000001,MOV117388,4,11-30-23
U000005,MOV115929,4,04-09-25
U000001,MOV100006,4,05-10-18
U000003,MOV100006,4,10-06-22
U000008,MOV114626,4,09-09-16
U000033,MOV100006,4,09-13-24
U000001,MOV109809,2,02-20-25
U000006,MOV111329,5,07-22-24
U000001,MOV119272,4,10-31-25
U000003,MOV119272,1,07-12-24
U000002,MOV109340,3,10-30-20
U000029,MOV118107,5,08-30-21
U000001,MOV115965,4,11-30-18
U000006,MOV113670,3,12-11-23
U000001,MOV118660,5,07-28-24
U000795,MOV105285,4,08-22-18
U000001,MOV109221,5,05-19-25
U000012,MOV109776,4,04-15-25
U000101,MOV115344,5,04-07-22
U000002,MOV102023,4,03-22-23
U000001,MOV106440,1,11-01-20
U000005,MOV102179,3,03-21-24
U000001,MOV115439,4,11-10-24
U003291,MOV113746,4,09-22-24
U000001,MOV111029,4,07-31-25
U000236,MOV119164,4,06-07-24
U000002,MOV100006,1,07-11-24
U000002,MOV110026,3,08-04-22
U001990,MOV119635,3,12-24-25
U000003,MOV104526,3,02-03-25
U000194,MOV103605,2,08-29-24
U000003,MOV113123,5,10-29-21
U000002,MOV111159,3,08-22-24
U000450,MOV108377,5,04-03-25
U000003,MOV106330,3,05-15-23
U000008,MOV100006,4,01-20-21
U000001,MOV105896,3,02-04-23
U000005,MOV100006,5,08-09-23
U000001,MOV111451,3,01-19-17
U000005,MOV117066,4,04-08-22
U000001,MOV117360,4,06-11-21
U000002,MOV116536,4,12-24-22
U000007,MOV101188,2,02-15-25
U000006,MOV100006,3,12-25-16
U000001,MOV101942,5,03-27-25
U000143,MOV106874,3,05-19-24
U000162,MOV100006,3,07-30-20
U000011,MOV110790,5,05-05-23
U000005,MOV119094,4,10-28-25
U001771,MOV106814,3,10-27-25
U000014,MOV101108,4,01-19-17
U000011,MOV119635,4,06-11-19
U000044,MOV114993,5,11-30-23
U000013,MOV117983,3,07-12-24
U000001,MOV118556,4,03-22-16
U000009,MOV114993,2,04-25-16
U000007,MOV113048,5,12-21-19
U000003,MOV114784,4,08-06-16
U000001,MOV115960,2,07-26-25
U000009,MOV101286,5,09-06-24
U000001,MOV105667,5,07-10-18
U000010,MOV100012,4,10-29-20
U002136,MOV114626,3,06-11-19
U000004,MOV100006,4,05-04-16
U000006,MOV119658,4,11-11-24
U000217,MOV114784,3,07-03-21
U000001,MOV117812,4,06-14-19
U001645,MOV100006,2,03-25-22
U000006,MOV100006,3,08-26-24
U000754,MOV102124,4,11-13-18
U000001,MOV114626,3,07-17-23
U000015,MOV114579,1,09-23-24
U000018,MOV111034,2,12-01-19
U000001,MOV101840,4,11-18-20
U000005,MOV109037,5,10-16-25
U000011,MOV116663,2,09-09-24
U000135,MOV117251,1,05-06-25
U000113,MOV100006,3,05-23-19
U000001,MOV105990,5,12-25-23
U000008,MOV100006,5,10-14-17
U000008,MOV106287,3,04-03-19
U000069,,3,09-12-22
U000014,MOV101590,4,09-12-25
U000016,MOV118548,5,02-04-17
U000038,MOV103047,5,08-14-15
U000009,MOV107813,3,11-09-24
U000762,MOV108419,3,04-25-18
U000039,MOV110828,4,06-21-24
U000008,MOV100770,5,11-08-19
U000005,MOV119272,5,01-03-25
U000007,MOV114510,4,01-04-16
U001616,MOV119635,5,
U000019,MOV106594,5,10-10-19
U000001,MOV119635,5,02-06-24
U000003,MOV114626,5,01-13-25
U000001,MOV119635,4,02-14-22
U000004,MOV103610,4,07-09-24
U000429,MOV100006,4,05-28-23
U000029,MOV113204,5,11-04-21
U000008,MOV104557,1,06-27-25
U000002,MOV103091,5,04-14-16
U001349,MOV104520,2,10-19-25
U000010,MOV100006,2,04-14-24
U000003,MOV119272,4,02-03-25
U000001,MOV104389,3,03-14-25
U000006,MOV110790,1,04-29-25
U000199,MOV113048,3,11-06-17
U000141,MOV111524,2,06-07-23
U000001,MOV100006,2,04-14-25
U000002,MOV100006,2,01-09-19
U000029,MOV101108,5,06-14-25
U000002,MOV115268,3,12-04-19
U000002,MOV107386,4,05-29-23
U000059,MOV105990,3,03-29-24
U000192,MOV100168,4,02-20-24
U004065,MOV103281,4,08-29-23
U000240,MOV114626,1,12-21-21
U000007,MOV106289,3,05-27-21
U000201,MOV100006,2,11-11-25
U000003,MOV116646,1,08-24-24
U000011,MOV115806,3,09-11-23
U000002,MOV101202,5,09-17-25
U000018,MOV111451,4,04-21-19
U001673,MOV114784,3,09-09-20
U000233,MOV102935,4,07-27-19
U000002,MOV111434,4,06-15-24
U000002,MOV110044,5,05-05-21
U000001,MOV109221,3,06-27-21
U000094,MOV100006,4,01-13-16
U000003,MOV101889,3,05-27-22
U000001,MOV100006,4,01-15-23
U000023,MOV105990,4,06-09-20
U000001,MOV100006,2,12-30-23
U000003,MOV114626,4,09-03-19
U000012,MOV111943,5,11-25-19
U000002,MOV110457,4,07-23-15
U000002,MOV110182,5,10-04-23
U000783,MOV119673,2,02-23-20
U000001,MOV115246,5,10-08-24
U000008,MOV106850,4,06-01-22
U000001,MOV111159,4,02-16-23
U000004,MOV119635,4,10-25-21
U000002,MOV112725,4,07-10-16
U000002,MOV119272,4,08-11-22
U000104,MOV109221,5,10-21-18
U000010,MOV100006,4,01-25-23
U000011,MOV100006,3,11-17-24
U000021,MOV100006,3,08-04-23
U000006,MOV103499,4,06-14-24
U000037,MOV105990,5,08-06-17
U000001,MOV100392,3,05-31-24
U000719,MOV114993,4,01-30-17
U000003,MOV105990,3,08-05-25
U000057,MOV111103,4,04-03-21
U000002,MOV117793,4,02-10-16
U000010,MOV110262,3,04-15-19
U000620,MOV103334,4,12-26-21
U000005,MOV119635,4,01-20-25
U000002,MOV115957,5,12-21-25
U000114,MOV101492,4,12-22-19
U000042,MOV113387,2,05-29-21
U000054,MOV100006,4,01-31-25
U002378,MOV112114,5,03-22-22
U000004,MOV105990,4,01-07-18
U000007,MOV104975,4,10-07-22
U000007,MOV110026,2,03-27-25
U000001,MOV117948,3,10-18-24
U000238,MOV119635,5,10-12-24
U000001,MOV114391,3,06-13-22
U001175,MOV101438,1,09-21-22
U000088,MOV109340,3,07-25-25
U000008,MOV100006,3,01-18-22
U000003,MOV105644,4,10-21-21
U000004,MOV109221,3,06-16-18
U000011,MOV110828,5,10-03-19
U000265,MOV100006,5,11-06-19
U000006,MOV100006,3,06-03-19
U000017,MOV100006,5,08-24-24
U000001,MOV114755,5,05-23-24
U000161,MOV109018,4,10-14-25
U000001,MOV100006,3,06-14-21
U000089,MOV110026,5,01-17-25
U000003,MOV119635,3,10-12-23
U000007,MOV117758,2,12-17-23
U000002,MOV105990,4,11-08-24
U000211,MOV106037,4,08-30-22
U000058,MOV107028,5,04-29-16
U000019,MOV118545,3,12-20-24
U000010,MOV105644,3,04-21-15
U000179,MOV105990,4,03-27-24
U001459,MOV100520,1,08-18-21
U000014,MOV119000,4,02-13-24
U000005,MOV100006,3,04-29-25
U000960,MOV108438,2,05-08-21
U001558,MOV111434,4,07-06-22
U000001,MOV100006,5,05-19-22
U000001,MOV118556,4,08-23-25
U000004,MOV113800,4,05-14-25
U000232,MOV100006,5,05-23-25
U000001,MOV112046,2,08-08-23
U000002,MOV103532,4,06-09-21
U000025,MOV104697,3,05-20-18
U000003,MOV114626,5,04-15-18
U000156,MOV117825,5,12-22-24
U000003,MOV114626,1,05-14-25
U000005,MOV113604,3,03-04-24
U000027,MOV113558,5,02-24-25
U000690,MOV113657,4,05-31-16
U000006,MOV100006,5,05-23-23
U003314,MOV105990,3,02-11-19
U000007,MOV110196,3,08-09-21
U000001,MOV119635,3,01-15-24
U000002,MOV110262,3,09-07-22
U000018,MOV119660,3,07-23-19
U000393,MOV100006,3,05-28-23
U000020,MOV105896,4,07-09-22
U000003,MOV114007,4,02-09-22
U000009,MOV105990,3,04-12-19
U000002,MOV107438,4,02-28-21
U000026,MOV118556,4,12-08-22
U001171,MOV106037,4,09-09-22
U000003,MOV105990,3,02-06-25
U000002,MOV108506,3,07-25-20
U000016,MOV112090,4,01-26-22
U000003,MOV109051,3,09-02-25
U000036,MOV117741,1,08-25-22
U000001,MOV117447,3,10-08-17
U000008,MOV114626,5,10-02-20
U000034,,5,12-01-24
U000007,MOV117395,5,09-12-25
U001111,MOV109166,2,04-15-17
U002746,MOV117851,4,10-03-24
U000037,MOV113223,4,06-10-19
U000022,MOV119635,1,10-13-25
U000102,MOV118556,3,09-03-20
U000220,MOV100006,3,01-16-23
U000005,MOV100006,3,09-20-22
U000014,MOV106165,4,09-12-19
U000054,MOV100006,4,01-26-24
U000034,MOV100831,5,11-17-22
U000001,MOV108419,4,04-25-25
U000003,MOV100006,4,10-07-25
U000203,MOV111885,4,06-27-23
U000011,MOV114626,3,06-29-24
U000001,MOV105077,4,11-17-20
U000002,MOV100006,5,01-22-19
U000392,MOV100006,1,09-04-23
U001410,MOV100006,3,03-05-23
U000061,MOV112085,3,09-13-20
U000002,MOV103122,5,09-16-17
U000001,MOV102058,4,09-04-23
U000040,MOV101108,2,10-24-20
U000009,MOV114117,4,11-06-24
U000001,MOV119272,3,06-27-25
U000496,MOV106689,4,01-26-17
U000007,MOV119272,4,12-04-25
U000005,MOV100006,4,08-19-22
U000002,MOV100006,5,05-21-22
U000019,MOV108965,4,04-25-20
U000265,MOV101539,3,02-13-23
U000001,MOV111328,5,12-01-20
U000001,MOV105644,3,12-23-21
U002151,MOV100831,5,07-17-17
U000010,MOV117044,4,12-11-25
U000282,MOV119186,2,09-29-24
U000001,MOV115500,4,05-26-18
U000016,MOV110262,5,04-03-25
U000002,MOV117511,4,12-26-22
U000169,MOV100006,3,03-07-22
U000028,MOV100713,3,10-23-23
U000009,MOV117501,3,07-24-21
U000006,MOV119204,2,02-01-25
U000002,MOV111159,2,09-15-18
U000002,MOV100557,5,10-27-24
U000238,MOV100006,5,08-21-16
U000691,MOV119272,5,01-08-24
U000001,MOV105990,2,06-12-17
U000188,MOV110611,4,01-05-23
U000786,MOV102087,3,08-20-23
U000157,MOV100006,3,01-18-24
U000106,MOV108053,3,05-12-20
U000004,MOV113048,4,08-06-19
U000061,MOV109143,3,04-10-25
U000002,MOV107518,5,04-21-23
U000071,MOV119635,2,02-27-25
U000073,MOV114626,5,03-05-18
U000031,MOV101108,3,11-13-22
U000088,MOV118753,5,04-24-25
U000918,MOV113827,5,10-23-25
U000004,MOV100006,4,04-11-23
U000119,MOV119272,4,08-16-25
U000005,MOV113766,3,07-21-25
U000008,MOV100899,4,08-19-22
U000004,MOV101108,2,05-04-19
U000012,MOV119581,1,08-14-18
U000322,MOV118556,4,11-23-25
U000017,MOV103605,4,09-10-25
U001485,MOV110790,4,08-24-25
U000001,MOV111171,4,05-14-19
U000017,MOV110351,5,08-04-20
U000007,MOV113768,3,01-29-19
U000024,MOV100831,3,09-06-24
U000193,MOV114626,3,08-23-17
U000001,MOV109166,3,08-22-22
U000007,MOV118035,4,10-27-20
U000001,MOV100006,,10-18-22
U000224,MOV102376,4,09-30-17
U000237,MOV100006,5,04-08-25
U000032,MOV105833,4,11-14-25
U003357,MOV109221,3,05-20-22
U000009,MOV109221,3,08-30-25
U000477,MOV101108,3,03-26-19
U000249,MOV117827,5,09-15-24
U000001,MOV112232,1,06-05-23
U000193,MOV119635,3,11-29-24
U000001,MOV100557,4,12-17-16
U000007,MOV114790,3,03-31-22
U000034,MOV100006,5,01-30-22
U000001,MOV100006,3,01-16-19
U000001,MOV118556,4,01-15-22
U000001,MOV108419,2,05-08-18
U000002,MOV110828,3,01-10-23
U000005,MOV110026,2,10-28-23
U000006,MOV119635,1,09-26-24
U000005,MOV106834,4,08-26-23
U000003,MOV105990,4,09-09-19
U000041,MOV119204,5,09-18-25
U000143,MOV108836,4,09-22-22
U000001,MOV110864,5,07-03-20
U000002,MOV102415,5,12-26-20
U000002,MOV111271,4,06-26-20
U000001,MOV105990,3,04-03-18
U000001,MOV105158,3,05-19-20
U000032,MOV114403,5,05-18-17
U000001,MOV101108,5,08-12-25
U000547,MOV119635,5,12-11-21
U000555,MOV112222,4,10-24-23
U000418,MOV100006,1,10-07-21
U000016,MOV119272,3,03-10-17
U000001,MOV105990,2,02-12-21
U000002,MOV109752,4,05-06-20
U000202,MOV113502,5,09-04-19
U000002,MOV101108,4,09-17-18
U000048,MOV100487,3,02-11-25
U000001,MOV119635,4,06-28-24
U000008,MOV100006,4,11-14-24
U000002,MOV116536,2,09-01-25
U000026,MOV100006,4,06-08-25
U000313,MOV109748,4,09-15-24
U000046,MOV107912,5,10-13-18
U000005,MOV110828,3,06-03-25
U000014,MOV114896,3,
U000014,MOV111029,4,12-21-25
U004047,MOV106701,2,11-28-21
U000001,MOV100006,4,04-01-22
U000001,MOV105990,4,08-13-24
U000372,MOV109140,4,01-03-20
U000002,MOV103834,3,11-30-20
U000004,MOV119450,5,06-18-23
U002344,MOV118167,3,08-09-23
U000013,MOV117978,4,04-22-19
U000001,MOV100006,4,09-28-24
U000009,MOV112232,4,10-03-25
U003239,MOV117189,3,08-29-25
U000002,MOV119635,3,01-30-19
U000192,MOV101971,4,07-04-23
U004417,MOV105644,5,11-24-17
U000647,MOV104130,4,09-03-19
U000001,MOV114626,4,06-18-23
U000001,MOV119635,3,08-21-24
U000006,MOV100899,3,03-01-15
U000002,MOV100937,4,02-12-25
U000003,MOV107386,3,12-12-24
U000002,MOV105990,3,03-07-25
U000001,MOV114896,3,06-01-16
U000001,MOV116240,2,03-17-21
U000041,MOV108739,5,10-25-25
U000002,MOV110939,2,02-28-24
U000003,MOV119204,1,10-19-21
U000003,MOV105990,2,06-29-24
U000009,MOV118828,5,11-11-23
U001606,MOV105896,3,01-29-24
U000016,MOV100006,5,01-03-17
U000024,MOV116536,4,01-27-24
U000039,MOV109221,4,08-04-25
U000246,MOV104768,4,11-28-18
U000003,MOV108292,5,01-29-20
,MOV110790,1,05-30-17
U000002,MOV107687,4,04-01-22
U000001,MOV111058,,06-13-19
U000748,MOV105990,3,11-01-19
U001233,MOV100006,5,03-20-22
U003442,MOV105896,3,08-09-22
U000004,MOV113048,3,12-13-19
U000005,MOV109834,4,01-12-18
U003684,MOV119186,5,02-14-20
U000002,MOV115902,3,08-16-20
U000002,MOV111395,4,03-08-16
U000014,MOV118753,4,06-07-20
U000671,MOV112232,5,12-14-25
U000002,MOV100557,1,02-10-23
U000528,MOV111434,2,12-17-24
U001709,MOV110828,3,04-15-25
U000006,MOV116100,5,08-03-24
U000045,MOV105645,4,07-22-20
U000003,MOV117251,3,
U000001,MOV104389,2,11-15-24
U000002,MOV103605,4,07-17-19
U000001,MOV114424,2,06-27-19
U002577,MOV118548,1,12-23-15
U000384,MOV103502,1,06-15-15
U000045,MOV116203,5,11-24-25
U000020,MOV104149,4,06-02-25
U000005,MOV118865,2,02-02-18
U000001,MOV100006,3,06-02-25
U000040,MOV107386,4,08-19-22
U000012,MOV108744,4,10-14-25
U000020,MOV119635,4,06-06-21
U000001,MOV106104,5,07-01-22
U000683,MOV114992,2,08-21-24
U000590,MOV100208,2,11-21-22
U000003,MOV106689,4,02-09-23
U000006,MOV101108,4,12-07-25
U000087,MOV113054,1,06-26-17
U000001,MOV106689,5,04-02-23
U000308,MOV116299,4,06-29-21
U000001,MOV113554,3,04-27-15
U000024,MOV119272,3,05-22-21
U000053,MOV114768,4,09-03-17
U000021,MOV113048,3,03-27-23
U000021,MOV117275,4,02-09-19
U000003,MOV112672,5,07-01-24
U000003,MOV111271,2,02-27-24
U000018,MOV114896,2,03-29-24
U003522,MOV109977,4,08-12-22
U000993,MOV114626,4,05-26-20
U002444,MOV105644,4,03-15-23
U000034,MOV105990,4,06-11-19
U000087,MOV111029,4,01-30-19
U000004,MOV109874,2,11-27-23
U002864,MOV106037,4,05-26-23
U000005,MOV119635,5,10-07-25
U000466,MOV107520,4,03-15-23
U000521,MOV100831,3,02-12-23
U000001,MOV107257,4,03-25-25
U000016,MOV107912,4,11-22-23
,MOV114116,5,12-18-25
U000026,MOV119635,3,07-02-22
U000507,MOV113048,4,06-24-23
U000027,MOV102782,2,03-28-23
U000198,MOV100006,5,08-25-22
U000631,MOV106037,4,07-27-25
U000068,MOV113048,2,11-18-19
U000001,MOV106058,4,12-12-18
U000011,MOV119074,5,11-27-15
U000053,MOV116203,2,05-18-15
U000028,MOV116658,4,11-14-25
U000002,MOV115034,4,03-12-21
U000001,MOV100006,3,05-17-18
U000001,MOV105990,3,06-06-15
,MOV105990,2,08-23-25
U000001,MOV118167,4,10-06-18
U000006,MOV119272,2,03-03-16
U000004,MOV119036,4,04-06-21
U000001,MOV100303,5,08-24-16
U000674,MOV100557,3,04-08-24
U000004,MOV115483,4,11-06-19
U000001,MOV100006,4,09-23-24
U000001,MOV113475,4,07-26-21
U000001,MOV113835,5,04-04-24
U000001,MOV100006,5,01-17-20
U000001,MOV119450,5,10-12-20
U000090,MOV113436,5,12-11-16
U000001,MOV100006,4,10-24-25
U003302,MOV117858,2,06-18-24
U000002,MOV119109,4,04-24-16
U000001,MOV101164,2,01-09-24
U000001,MOV100006,4,02-12-25
U000001,MOV107403,4,09-07-24
U000202,MOV117406,4,06-17-17
U000004,MOV117728,4,09-30-25
U000017,MOV100006,3,10-21-25
U000005,MOV119635,1,11-12-17
U000001,MOV100281,3,11-02-19
U000003,MOV111034,5,09-10-24
U000005,MOV119635,5,04-29-16
U000007,MOV119754,5,12-19-24
U000010,MOV110809,3,09-09-19
U000001,MOV119635,2,02-27-18
U000002,MOV103610,3,03-30-24
U000001,MOV100006,5,07-06-17
U000128,MOV105001,3,12-27-22
U000001,MOV116849,3,03-21-22
U000004,MOV113048,4,10-26-19
U000015,MOV109328,5,01-07-25
U000246,MOV119186,5,11-02-25
U000001,MOV119635,3,10-11-24
U000835,MOV105990,4,03-23-24
U000004,MOV101679,3,07-22-22
U000010,MOV100006,4,10-04-25
U000001,MOV112136,5,09-28-23
U000008,MOV105896,3,04-11-23
U000222,MOV110026,4,12-20-21
U000050,MOV105990,4,05-19-18
U000001,MOV109221,5,02-21-25
U000032,MOV101108,4,04-22-23
U000003,MOV119635,3,02-22-22
U000138,MOV100006,4,10-09-21
U000001,MOV100006,4,06-19-25
U000005,MOV104768,2,11-05-22
U000017,MOV109366,4,05-08-19
U000003,MOV109221,5,11-07-22
U000005,MOV116114,2,10-05-24
U000099,MOV100006,3,01-11-16
U000001,MOV108836,4,02-09-21
U000034,MOV106333,3,02-11-21
U000018,MOV101108,1,03-16-17
U000001,MOV114626,5,01-23-21
U000017,MOV105990,2,03-12-19
U000002,MOV119635,4,09-03-24
U000807,MOV101202,5,09-23-25
U000002,MOV106333,4,10-11-24
U000009,MOV113657,5,12-29-25
U001907,MOV119635,4,02-18-20
U000176,MOV113656,2,06-19-25
U000004,MOV100006,4,06-18-25
U000003,MOV117251,5,08-06-18
U000114,MOV113048,3,05-20-23
U000003,MOV112632,5,12-25-20
U000001,MOV119635,4,01-16-22
U000009,MOV100392,2,10-17-17
U000043,MOV112612,4,03-20-24
U000001,MOV119272,4,
U000100,MOV114626,3,02-15-22
U000034,MOV113483,5,01-29-23
U000014,MOV100006,5,09-27-23
U003132,MOV119635,5,03-02-25
U000058,MOV111271,1,08-02-19
U000001,MOV119635,3,07-12-18
U000003,MOV105990,4,05-16-21
U000001,MOV113048,3,08-01-24
U000001,MOV110790,5,07-19-19
U000044,MOV106629,4,03-18-24
U000002,MOV108968,4,09-11-17
U000091,MOV100557,5,09-10-21
U000001,MOV105896,4,01-05-25
U000010,MOV119635,3,03-22-18
U000069,MOV119635,5,10-19-25
U000004,MOV100006,5,12-02-21
U000015,MOV100006,3,09-02-22
U000008,MOV109221,3,09-29-25
U000463,MOV111653,4,01-13-20
U003606,MOV108227,4,11-02-19
U000001,MOV112932,4,11-29-18
U000001,MOV108715,5,02-10-19
U000002,MOV103996,2,05-04-24
U000001,MOV101840,5,07-27-22
U001116,MOV119635,4,03-31-24
U000007,MOV119635,3,11-08-23
U000001,MOV118592,5,11-18-24
U001823,MOV119635,4,06-04-21
U000119,MOV102303,5,10-29-18
U000339,MOV110868,5,07-11-25
U000008,MOV119272,5,10-23-22
U000080,MOV101108,5,10-01-19
U000031,MOV110475,4,02-22-20
U000458,MOV110262,4,05-04-25
U000001,MOV101840,3,11-29-22
U000006,MOV105990,4,01-28-25
U000103,MOV100006,3,10-27-21
U002139,MOV100006,3,11-30-22
U000001,MOV115158,3,06-22-25
U000160,MOV111885,3,12-21-25
U000482,MOV103080,5,01-15-15
U000137,MOV119635,3,08-29-23
U000003,MOV106689,4,01-10-18
U001366,MOV112632,3,12-15-22
U000988,MOV110790,2,09-11-22
U003890,MOV111034,4,03-08-23
U000001,MOV110790,4,07-21-23
U000004,MOV102449,2,04-27-23
U000070,MOV114784,2,05-10-15
U000002,MOV110711,3,12-14-18
U000006,MOV111916,5,03-29-18
U001010,MOV103125,4,07-04-25
U000001,MOV112232,4,09-11-25
U000017,MOV114593,4,08-19-25
U000715,MOV115268,1,09-11-16
U000009,MOV101539,5,08-28-25
U000142,MOV103711,4,08-12-21
U000352,MOV109221,2,01-22-23
U000110,MOV114993,3,11-26-24
U002862,MOV103765,5,10-20-25
U000002,MOV111087,5,
U000010,MOV117851,4,09-09-23
U000002,MOV100006,5,07-02-23
U000002,MOV110512,3,09-20-23
U000001,MOV119635,3,02-16-18
U000008,MOV112232,4,07-09-20
U000001,MOV104697,2,10-12-21
U000274,MOV100880,5,02-16-23
U000002,MOV101061,5,09-05-22
U000047,MOV110026,5,08-24-25
U000042,MOV100542,2,10-13-22
U000036,MOV110828,2,11-04-25
U002403,MOV101136,3,01-06-23
U000001,MOV114626,4,05-18-21
U000002,MOV104737,3,10-22-22
U000019,MOV101202,5,04-21-23
U000008,MOV112754,4,06-19-25
U000042,MOV114755,5,09-30-25
U003169,MOV119204,4,02-15-21
U000012,MOV114626,5,09-12-25
U000009,MOV101164,2,06-08-25
U000310,MOV105355,3,05-24-25
U000002,MOV100006,3,02-22-16
U000005,MOV112232,5,01-13-17
U000619,MOV114333,3,04-29-22
U000170,MOV100006,5,03-16-17
U000007,MOV113048,4,04-12-25
U000121,MOV103605,1,09-22-19
U000002,MOV118342,2,06-28-25
U000036,MOV100006,4,03-24-21
U000002,MOV111440,2,03-12-25
U000001,MOV103147,3,01-09-25
U002121,MOV117719,5,09-16-21
U000002,MOV119635,3,08-25-25
U000003,MOV117773,3,07-24-22
U000001,MOV101871,1,12-30-16
U001987,MOV119635,5,02-23-21
U000001,MOV110262,1,05-21-20
U000003,MOV100839,4,02-14-24
U000001,MOV101941,3,02-04-19
U000020,MOV100931,4,11-05-20
U000030,MOV101108,3,03-11-22
U000002,MOV107304,1,12-27-21
U000007,MOV100006,1,08-12-22
U002919,MOV111974,5,07-13-20
U000025,MOV117313,3,01-01-23
U000005,MOV112232,3,07-27-22
U000001,MOV100006,2,04-08-17
U000055,MOV110295,5,09-28-22
U000003,MOV115929,4,07-27-21
U000009,MOV103610,3,05-26-25
U000001,MOV115624,1,03-21-16
U000004,MOV100111,2,11-08-24
U000001,MOV112825,3,07-21-23
U000002,MOV119635,3,02-18-25
U000134,MOV114424,3,11-07-22
U000001,MOV103610,4,12-26-25
U001707,MOV105896,2,02-04-21
U000009,MOV114954,5,01-06-23
U000005,MOV113790,4,03-21-17
U000002,MOV101539,4,09-04-24
,MOV117599,4,09-29-22
U000029,MOV100006,3,03-06-19
U000002,MOV100006,2,09-25-25
U000747,MOV100519,3,01-29-25
U000106,MOV110898,3,10-07-25
U000502,MOV118545,2,06-07-25
U000003,MOV100006,2,09-22-15
U000002,MOV114424,2,08-30-16
U000013,MOV100006,3,05-21-21
U002994,MOV107279,5,12-17-18
U000012,MOV105990,4,09-08-24
U000003,MOV115929,5,06-02-19
U000006,MOV100006,4,10-01-20
U000009,MOV100006,4,10-14-17
U000001,MOV111434,3,06-06-25
U000005,MOV117215,5,04-22-23
U000259,MOV114626,5,03-15-22
U000001,MOV119635,3,10-18-21
U002440,MOV100006,4,07-08-25
U000012,MOV108836,3,08-18-20
U000001,MOV100006,4,
U000002,MOV119538,4,06-07-24
U000002,MOV100006,4,10-17-19
U000265,MOV105990,4,01-23-24
U000001,MOV105999,4,04-30-19
U001062,MOV113048,4,02-22-18
U000012,MOV101108,4,07-25-24
U000001,MOV105174,4,10-15-22
U000044,MOV109221,2,11-19-25
U000002,MOV113048,4,05-29-19
U000003,MOV107181,5,12-15-25
U000001,MOV110355,5,06-07-20
U000001,MOV105990,2,03-27-16
U000001,MOV108272,4,10-02-22
U000081,MOV103491,3,08-17-15
U000003,MOV107566,3,12-18-21
U000003,MOV102610,3,08-03-19
U001959,MOV118450,5,08-10-21
U000002,MOV119272,2,09-22-23
U000038,MOV100006,5,12-02-24
U000001,MOV100006,3,01-15-18
U000001,MOV100427,4,11-29-25
U000116,MOV119635,5,11-14-18
U000002,MOV117515,4,10-30-19
U000010,MOV109166,4,08-23-21
U000001,MOV106640,4,03-07-22
U000001,MOV110869,5,05-06-22
U000003,MOV100912,1,01-25-23
U000330,MOV101653,3,01-31-22
U000001,MOV113223,5,01-04-16
U000110,MOV101539,3,07-11-20
U002830,MOV119635,5,09-16-18
U000001,MOV109536,3,07-31-24
U000021,MOV103141,2,06-02-25
U000251,MOV108026,5,09-20-25
U000012,MOV101863,4,09-02-18
U000011,MOV101034,5,05-25-22
U000014,MOV100713,5,08-08-25
U000043,MOV100006,2,09-29-24
U000016,MOV105990,3,06-26-24
U003711,MOV100006,5,12-25-25
U000001,MOV114626,5,10-25-22
U000004,MOV115150,3,01-04-16
U000004,MOV119635,1,02-13-23
U000001,MOV100006,4,12-12-23
U000002,MOV118556,1,06-13-23
U000002,MOV119635,5,08-27-23
U000013,MOV100557,2,04-03-23
U000836,MOV119635,5,11-01-18
U000073,MOV110026,4,09-21-23
U001140,MOV100006,3,05-03-20
U000008,MOV115371,3,01-01-24
U000002,MOV110570,5,03-31-24
U000022,MOV119272,3,04-29-17
U000001,MOV117066,5,01-14-19
U000009,MOV100006,2,03-20-22
U000009,MOV104770,4,03-15-23
U000020,MOV101108,5,01-13-24
U000003,MOV116915,4,09-29-20
U000010,MOV102666,4,06-11-22
U000159,MOV116930,5,05-29-25
U000002,MOV108836,3,09-29-21
U000002,MOV101108,2,05-28-16
U000001,MOV116710,3,09-02-18
U000018,MOV106037,4,01-27-22
U000001,MOV100006,4,10-17-17
U000523,MOV115960,4,08-07-24
U000010,MOV112561,3,05-11-18
U002803,MOV103289,5,02-27-19
U000002,MOV115671,4,01-12-23
U000001,MOV114993,3,05-04-23
U000009,MOV115194,5,06-17-17
U000002,MOV116899,2,01-31-24
U000001,MOV105896,5,11-05-24
U000118,MOV119635,3,05-31-20
U001599,MOV108426,4,03-06-24
U001827,MOV117727,2,08-14-24
U000002,MOV103339,4,07-09-25
U000001,MOV116336,4,12-02-23
U000001,MOV105990,3,10-04-23
U000006,MOV116114,4,08-01-23
U000163,MOV109221,3,07-29-19
U000004,MOV110241,5,10-19-24
U001768,MOV119635,4,07-19-22
U000400,MOV100373,,07-13-22
U000001,MOV119272,5,09-14-17
U000003,MOV119272,5,05-15-19
U000019,MOV103605,4,
U000803,MOV119635,4,03-14-24
U004036,MOV110828,,12-13-19
U000002,MOV101202,3,05-03-24
U000001,MOV105644,5,09-26-22
U000017,MOV111665,4,01-18-24
U000003,MOV119635,5,05-13-23
U000069,MOV104975,3,04-11-25
U000026,MOV115413,5,09-18-24
U000001,MOV110866,4,08-31-15
U000144,MOV119272,4,01-19-20
U000001,MOV100006,3,04-26-23
U001359,MOV118061,3,07-09-20
U000660,MOV119635,4,05-24-21
U000005,MOV116549,5,10-24-16
U002973,MOV113048,4,07-26-24
U000001,MOV107912,4,05-06-25
U000266,MOV112689,3,12-28-23
U000014,MOV115062,4,02-23-25
U000013,MOV108937,4,05-25-23
U000001,MOV118556,4,09-11-23
U000004,MOV119202,4,09-12-25
U000002,MOV119635,5,07-13-23
U000022,MOV105990,3,04-05-23
U000363,MOV106591,2,03-14-24
U000010,MOV115713,5,11-05-23
U000149,MOV119272,4,09-10-22
U000012,MOV108755,5,08-02-19
U000001,MOV105644,3,06-21-24
U000118,MOV105990,4,12-17-18
U000001,MOV102047,4,01-01-22
U000018,MOV109778,3,03-11-19
U000002,MOV108508,3,06-06-17
U000009,MOV104270,4,04-27-23
U000022,MOV100006,4,08-18-19
U000006,MOV101108,3,06-28-18
U000004,MOV111114,4,11-11-25
U000001,MOV105764,4,07-13-20
U000006,MOV114993,3,09-30-25
U000001,MOV116741,1,07-05-16
U000182,MOV119635,3,10-21-19
U000003,MOV114432,1,12-08-25
U000105,MOV110435,5,11-30-16
U002015,MOV113048,3,02-16-25
U000024,MOV100006,3,01-05-23
U000001,MOV110790,2,05-08-24
U000002,MOV105990,1,12-20-19
U000001,MOV105420,5,07-26-25
U000001,MOV113048,4,09-19-23
U000001,MOV113304,4,09-26-22
U003696,MOV112212,4,05-24-19
U000006,MOV100831,5,03-09-24
U000001,MOV113223,4,07-08-24
U001703,MOV110790,3,08-22-23
U002852,MOV109221,1,03-08-25
U000050,MOV118693,3,09-08-18
U000007,MOV113615,3,02-14-21
U002407,MOV101108,5,08-17-21
U000026,MOV116181,4,10-13-23
U001753,MOV109166,4,02-26-20
U000890,MOV107070,5,04-22-20
U000004,MOV113048,5,12-19-25
U000002,MOV103228,5,03-01-21
U000013,MOV109280,4,09-22-19
U000253,MOV113048,4,11-15-25
U000007,MOV113048,3,12-02-20
U000017,MOV119272,4,
U000017,MOV105990,2,08-07-25
U000002,MOV119272,4,10-08-21
U000002,MOV118403,4,06-28-23
U000050,MOV100006,5,01-30-25
U000002,MOV100006,3,10-31-24
U000010,MOV105438,4,05-10-23
U000001,MOV112988,4,09-17-21
U000430,MOV119635,5,12-20-18
U000048,MOV105482,3,02-14-22
U000016,MOV119635,3,03-08-21
U000001,MOV104244,5,01-03-18
U000045,MOV119635,5,09-27-23
U000008,MOV109385,5,12-31-22
U000002,MOV106850,3,12-08-25
U000039,MOV105990,5,12-01-20
U003622,MOV110026,2,01-24-16
U000003,MOV108836,2,06-21-22
U000028,MOV106675,2,05-26-24
U000013,MOV119204,3,03-30-16
U000007,MOV109554,2,07-01-15
U000001,MOV103643,4,03-26-15
U000362,MOV119635,4,12-12-19
U000001,MOV108377,4,01-05-23
U000039,MOV114896,2,01-28-15
U000001,MOV105896,4,05-27-16
U000035,MOV107577,2,07-09-19
U000007,MOV106166,1,09-24-25
U000001,MOV114626,4,11-18-21
U000005,MOV117251,3,07-11-25
U000081,MOV115788,2,12-10-25
U000605,MOV100557,3,10-26-17
U000004,MOV107304,5,06-03-24
U001124,MOV119407,5,10-28-17
U000004,MOV112272,2,09-16-24
U000002,MOV108137,4,10-24-18
U000002,MOV105990,3,01-18-15
U002252,MOV100006,1,09-04-23
U000030,MOV119272,4,07-06-17
U000003,MOV104697,5,06-23-22
U000014,MOV100006,2,12-14-17
U000001,MOV103605,3,
U000825,MOV119272,5,10-16-21
U000003,MOV110790,4,10-12-22
U000001,MOV108799,5,09-03-17
U000147,MOV107912,5,10-14-24
U000001,MOV113048,4,
U000001,MOV100006,4,09-18-24
U000010,MOV104002,3,03-18-24
U000120,MOV118181,5,05-25-21
U000003,MOV105990,3,11-30-25
U000001,MOV100006,3,06-12-25
U000117,MOV100006,4,12-08-21
U000001,MOV109280,4,05-10-25
U000050,MOV116266,3,05-02-25
U000003,MOV112998,5,01-24-24
U000062,MOV105482,3,06-18-23
U000008,MOV103610,4,10-26-25
U000001,MOV113048,3,11-12-23
U000001,MOV102662,2,02-09-19
U000022,MOV105990,5,09-09-23
U000005,MOV119272,5,11-20-25
U000001,MOV101108,4,02-05-21
U000002,MOV114867,4,11-27-23
U000004,MOV105990,5,04-21-24
U000083,MOV116064,5,08-26-20
U000003,MOV100006,5,05-30-25
U000047,MOV100776,3,12-16-24
U000519,MOV111029,3,06-25-17
U000902,MOV100006,4,07-09-21
U000002,MOV105990,5,08-10-21
U000003,MOV101859,2,04-29-25
U000095,MOV119272,5,01-06-25
U000002,MOV114993,4,10-20-18
U000001,MOV119635,4,03-28-24
U000564,MOV112440,4,10-19-19
U002387,MOV119204,4,07-26-17
U000022,MOV101108,4,10-09-20
U000080,MOV116530,4,11-02-22
U000068,MOV100006,4,08-10-17
U000104,MOV105990,5,12-26-24
U000012,MOV100006,3,01-15-25
U000025,MOV100006,1,01-22-16
U000004,MOV101108,3,
U001073,MOV106037,4,08-12-23
U000361,MOV107431,3,01-30-22
U000158,MOV116580,5,11-06-18
U000001,MOV113691,4,11-14-25
U000001,MOV102397,3,02-14-25
U001238,MOV106458,3,11-15-21
U000225,MOV114822,3,08-14-19
U000001,MOV100006,4,09-24-21
U000002,MOV104038,1,07-23-19
U000165,MOV119635,5,06-11-16
U000001,MOV105990,4,02-05-25
U000180,MOV119635,5,08-06-23
U000004,MOV100006,4,09-03-22
U000001,MOV112272,3,05-10-18
U000263,MOV114626,4,11-22-22
U000001,MOV109612,5,05-14-23
U000002,MOV113048,4,02-19-25
U000006,MOV100006,4,01-26-15
U000045,MOV101108,5,08-27-19
U000003,MOV113048,2,03-08-25
U000002,MOV105644,4,11-14-20
U000289,MOV119134,2,02-21-25
U000001,MOV110128,4,09-29-25
U000019,MOV109368,3,03-27-22
U000009,MOV116203,2,03-27-25
U000002,MOV117429,4,05-26-25
U000022,MOV102787,4,12-02-20
U000297,MOV114898,5,06-02-17
U000939,MOV106689,3,02-22-22
U000001,MOV102888,1,12-05-21
U001095,MOV101561,5,11-23-17
U000001,MOV117948,4,04-05-16
U000430,MOV110294,1,10-19-25
U000558,MOV104907,5,08-11-25
U000001,MOV112579,4,10-08-18
U002052,MOV103605,3,12-18-21
U000011,MOV110320,5,06-06-25
U000001,MOV104751,3,02-24-23
U000035,MOV116026,5,03-11-23
U000001,MOV114792,3,10-28-24
U000014,MOV109221,4,03-12-15
U000001,MOV104691,5,10-22-16
U000059,MOV100006,3,03-30-20
U000001,MOV116496,5,06-02-25
U000001,MOV114626,3,04-08-23
U000023,MOV105438,3,01-16-25
U000003,MOV114617,3,11-23-24
U000004,MOV108828,5,08-04-21
U000006,MOV119635,3,10-17-21
U000689,MOV100006,4,
U000072,MOV100006,4,09-29-24
U000002,MOV105990,5,12-29-24
U000001,MOV119186,4,07-23-15
U000243,MOV110285,2,08-02-22
U000004,MOV114896,4,
U000018,MOV108377,3,02-25-16
U000001,MOV106119,5,03-10-21
U000001,MOV110828,5,02-21-24
U000200,MOV119162,5,01-29-24
U000002,MOV109221,5,09-08-24
U000001,MOV113048,4,01-05-24
U000070,MOV100006,4,01-24-25
U000171,MOV100880,3,03-10-20
U000009,MOV108421,5,07-05-18
U000006,MOV111084,4,09-11-18
U001645,MOV117851,3,01-25-18
U000009,MOV107913,4,01-21-23
U000198,MOV116203,4,11-17-15
U000258,MOV117978,5,11-17-21
U000001,MOV105990,3,12-09-23
U000030,MOV100557,4,11-29-19
U000690,MOV100006,3,05-16-16
U000032,MOV108617,2,01-13-21
U000001,MOV106689,4,01-02-25
U000099,MOV100006,5,02-26-22
U000009,MOV103837,4,02-22-16
U000002,MOV100006,4,06-12-25
U000012,MOV118556,5,01-13-22
U000001,MOV110026,3,01-17-18
U000001,MOV104442,2,10-10-21
U000032,MOV119272,3,09-16-18
U000001,MOV105764,3,03-03-16
U000129,MOV108822,4,02-26-21
U000017,MOV118556,4,06-20-24
U000002,MOV100006,2,10-14-21
U000001,MOV105896,3,02-10-20
U000013,MOV105603,2,02-12-25
U000177,MOV105077,2,06-12-25
U000145,MOV114896,3,11-10-25
U000001,MOV105990,4,05-16-16
U000019,MOV119255,1,06-24-25
U000035,MOV108419,3,06-01-24
U000202,MOV100006,4,08-23-25
U000001,MOV114492,4,04-20-16
U000006,MOV109340,5,06-08-22
U000008,MOV101539,5,09-19-24
U000005,MOV114626,3,12-31-24
U000062,MOV107909,4,04-14-22
U000018,MOV114626,4,12-15-25
U000001,MOV102303,5,09-25-25
U000023,MOV115862,3,10-22-25
U000001,MOV112477,5,02-07-18
U000009,MOV100006,,09-08-19
U002662,MOV102239,5,09-02-22
U000046,MOV107386,3,08-18-21
U000003,MOV107697,2,05-12-21
U002586,MOV119272,5,05-21-21
U000001,MOV110790,4,10-23-22
U003181,MOV119789,5,03-08-23
U000005,MOV110790,4,01-23-20
U000001,MOV114755,5,04-25-19
U000004,MOV100006,,10-11-24
,MOV109166,5,05-18-25
U000094,MOV100006,3,12-26-22
U000681,MOV109058,5,07-24-19
U000043,MOV116580,2,11-17-22
U000087,MOV100006,5,05-04-19
U000001,MOV112232,2,10-22-23
U000372,MOV113304,4,08-23-21
U000051,MOV119272,1,06-25-25
U000265,MOV116710,2,03-09-22
U000007,MOV119743,4,03-12-20
U000028,MOV100208,4,09-08-20
U000001,MOV114896,3,01-07-24
U000001,MOV104768,5,05-12-25
U000002,MOV118556,4,08-11-19
U000053,MOV103768,5,07-13-23
U000699,MOV119272,4,03-09-20
U001111,MOV100006,4,10-09-20
U000884,MOV119635,5,05-24-19
U000015,MOV100006,4,06-09-16
U000082,MOV116042,4,02-11-18
U000006,MOV102141,4,06-07-25
U000001,MOV114601,5,02-08-15
U000096,MOV102026,2,11-24-16
U000028,MOV115965,4,
U000144,MOV100262,4,11-17-24
U000003,MOV119567,4,04-25-22
U000003,MOV113048,5,03-08-24
U000862,MOV113766,5,12-06-18
U000001,MOV102864,4,01-27-16
U000001,MOV101795,4,10-08-21
U000007,MOV102745,4,08-01-25
U000001,MOV108557,4,08-09-24
U000012,MOV100006,4,09-26-24
U000038,MOV107169,4,01-16-21
U000272,MOV105990,4,05-16-25
U000003,MOV100006,3,01-02-24
U000001,MOV114042,5,11-05-25
U000006,MOV103125,5,06-21-19
U000014,MOV119635,4,02-06-24
U000001,MOV119635,5,10-14-22
U000018,MOV111434,4,07-21-23
U000001,MOV117131,4,10-21-22
U000002,MOV118260,5,11-09-21
U000001,MOV113015,2,02-02-18
U000110,MOV108419,,09-21-22
U000032,MOV111477,4,06-02-16
U000001,MOV119272,5,11-09-24
U000004,MOV115410,3,10-10-21
U000215,MOV116120,2,05-18-24
U000001,MOV109047,3,
U000017,MOV111434,4,01-03-23
U000241,MOV112503,4,11-27-23
U000008,MOV119693,2,10-15-25
U000001,MOV107554,3,05-31-23
U000307,MOV114626,3,10-22-16
U000005,MOV114716,5,11-25-23
U000003,MOV113048,4,05-08-25
U000027,MOV110541,4,10-12-19
U000003,MOV108792,5,12-21-19
U000002,MOV111467,5,02-19-24
U000139,MOV100487,4,11-27-24
U001953,MOV117851,2,03-21-23
U000004,MOV114993,5,10-19-18
U000739,MOV116807,4,10-12-18
U000055,MOV109221,4,10-07-21
U000003,MOV114730,3,01-18-24
U000079,MOV117066,4,07-15-25
U000071,MOV110353,4,06-20-21
U001185,MOV110790,3,02-09-25
U000001,MOV113048,4,03-26-25
U000027,MOV103008,4,10-31-18
U000002,MOV114626,4,12-23-18
U000002,MOV100006,2,10-01-22
U000004,MOV101120,1,09-08-23
U000002,MOV100557,4,11-24-21
U000041,MOV105990,3,04-03-25
U000163,MOV117948,4,06-04-20
U001457,MOV103092,3,11-07-25
U000001,MOV108351,3,04-18-22
U000024,MOV118556,3,01-29-23
U000593,MOV100176,3,07-21-15
U000001,MOV109221,3,03-03-25
U000008,MOV108377,4,11-25-25
U000001,MOV113656,5,06-11-21
U000001,MOV100006,4,12-25-22
U000010,MOV105681,5,04-18-16
U000062,MOV119635,4,09-10-23
U003535,MOV116904,3,03-02-22
U000043,MOV100006,4,02-07-19
U000015,MOV119272,3,02-19-25
U000001,MOV101803,3,06-12-25
U000077,MOV103605,3,06-20-23
U000030,MOV114050,5,09-23-20
U000003,MOV102303,4,03-29-18
U000001,MOV108419,2,10-25-17
U000007,MOV106121,3,04-22-21
U000150,MOV113448,5,01-27-19
U000564,MOV106872,4,05-03-25
U000001,MOV108508,4,02-19-22
U000022,MOV115009,3,11-15-25
U000441,MOV110872,3,04-09-24
U002185,MOV107130,3,08-22-24
U000289,MOV115153,4,11-15-17
U000699,MOV106850,3,01-02-21
U000791,MOV109602,5,05-17-16
U000009,MOV109221,5,11-23-25
U003954,MOV113688,3,02-05-18
U000003,MOV113800,3,05-18-18
U000001,MOV100208,4,03-18-25
U000152,MOV112475,3,09-19-17
U000022,MOV100006,4,11-06-18
U000006,MOV113048,2,02-05-25
U000002,MOV100006,3,08-09-24
U000011,MOV105990,3,06-21-25
U000002,MOV100006,4,12-14-22
U000004,MOV104429,3,10-02-22
U000004,MOV119635,3,02-07-25
U000009,MOV114909,4,08-05-21
U000001,MOV105089,4,03-30-25
U000028,MOV116181,5,05-06-23
U000002,MOV107298,3,02-06-17
U000002,MOV119204,2,12-01-21
U000003,MOV118415,4,11-15-25
U000028,MOV119635,4,07-25-21
U000002,MOV103605,2,11-15-19
U000024,MOV101108,3,05-17-22
U000001,MOV102666,4,05-03-24
U000003,MOV101108,4,06-07-19
U000002,MOV100006,3,11-27-22
U000039,MOV103032,4,10-09-25
U000173,MOV112907,2,10-29-21
U000036,MOV103610,3,09-28-19
U000652,MOV100006,2,09-05-22
U000001,MOV114784,4,11-19-24
U000011,MOV119667,5,03-05-25
U000002,MOV101224,4,03-27-25
U000004,MOV105091,3,09-18-17
U000001,MOV117948,5,11-28-21
U000003,MOV100006,4,10-29-25
U000002,MOV104244,2,11-05-25
U000002,MOV100006,3,10-16-17
U000001,MOV105644,4,06-29-25
U000002,MOV114896,1,07-28-22
U000001,MOV112232,4,08-09-20
U000006,MOV109166,5,01-21-23
U001987,MOV104768,3,05-27-22
U000003,MOV103605,3,11-06-22
U000002,MOV117700,4,04-17-22
U000001,MOV116663,3,11-10-21
U000004,MOV107410,4,02-26-17
U000001,MOV119635,3,02-28-25
U000001,MOV106599,2,02-06-20
U000001,MOV118492,4,03-10-23
U000014,MOV103398,3,09-27-24
U000967,MOV100006,4,04-14-25
U000002,MOV115544,5,11-17-21
U000004,MOV113048,3,10-26-22
U000001,MOV106850,5,05-16-24
U000222,MOV119030,1,01-06-24
U000001,MOV112272,4,05-08-25
U000007,MOV100006,4,02-14-25
U000001,MOV119635,3,09-10-21
U000101,MOV119635,1,08-05-21
U000002,MOV106735,4,04-18-22
U000022,MOV100006,3,04-30-25
U000012,MOV117260,3,03-01-20
U000002,MOV119272,3,01-21-24
U000008,MOV101108,5,12-07-24
U000001,MOV117251,5,06-01-21
U000004,MOV100006,4,10-12-24
U000002,MOV109221,5,07-11-19
U000022,MOV105768,3,09-14-24
U000036,MOV105990,4,07-23-25
U000149,MOV117066,3,05-04-25
U000002,MOV117097,3,08-11-22
U000009,MOV119272,4,01-26-24
U000005,MOV107070,3,05-26-20
U000006,MOV103759,5,03-11-20
,MOV109221,5,10-28-22
U000002,MOV102925,4,10-19-22
U000112,MOV119635,4,11-19-18
U000005,MOV103248,5,07-01-25
U000386,MOV115380,4,11-28-25
U003050,MOV100751,2,02-15-22
U000002,MOV111431,4,01-04-25
U000026,MOV100006,3,10-29-16
U002824,MOV111228,3,05-01-17
U000002,MOV114022,5,11-01-23
U000011,MOV119204,3,02-19-25
U000001,MOV107386,4,01-16-25
U000004,MOV105990,1,09-06-19
U000002,MOV113766,3,11-09-20
U000427,MOV119635,4,08-28-25
U000004,MOV105896,4,12-26-21
U000003,MOV119186,5,02-16-24
U000173,MOV118089,3,03-17-24
U000118,MOV102346,5,03-23-23
U000007,MOV100006,3,02-10-24
U000632,MOV108836,1,10-20-20
U000005,MOV107480,4,08-19-19
U000402,MOV103147,5,03-25-25
U000001,MOV109166,3,05-12-21
U000491,MOV101729,4,04-12-25
U000004,MOV105896,4,11-08-23
U000001,MOV119635,4,07-31-23
U001719,MOV105990,4,09-06-23
U000011,MOV109009,3,04-30-16
U000001,MOV102935,4,05-10-24
U000001,MOV109584,2,07-10-18
U001092,MOV113048,2,02-09-23
U000003,MOV114784,2,10-24-18
U000001,MOV102743,5,10-25-23
U000003,MOV100006,3,02-14-17
U000397,MOV101108,4,06-10-22
U000011,MOV119109,5,05-11-15
U000011,MOV110790,3,06-28-18
U000851,MOV101108,4,11-10-19
U000016,MOV103605,3,11-18-23
U000001,MOV116524,3,10-20-25
U000401,MOV119635,4,06-30-23
U000004,MOV119272,3,09-25-18
U000056,MOV101539,5,05-10-25
U000004,MOV110026,4,12-08-25
U000003,MOV108657,2,12-20-22
U000083,MOV100298,5,01-22-23
U001177,MOV119204,4,06-27-22
U000003,MOV116470,4,11-13-25
U000118,MOV119272,4,09-20-23
U000002,MOV100006,4,02-01-23
U000001,MOV105900,3,12-14-24
U000057,MOV117066,4,03-23-15
U000022,MOV105990,4,05-09-22
U000001,MOV112643,4,04-17-20
U000007,MOV111159,4,07-04-25
U000002,MOV110790,4,11-13-25
U002032,MOV106689,2,09-04-21
U000007,MOV111159,3,03-16-15
U000001,MOV100095,5,12-23-19
U000001,MOV104391,3,08-23-24
U000034,MOV101877,4,11-24-15
U000138,MOV119635,5,05-20-25
U000001,MOV106689,3,07-24-20
U000291,MOV100557,3,03-29-18
U001736,MOV111595,5,02-28-25
U000008,MOV100006,5,03-01-21
U000006,MOV110026,4,11-30-16
U000530,MOV114993,2,02-13-24
U001186,MOV101756,5,10-17-15
U001401,MOV115641,3,07-29-22
U000007,MOV100006,4,01-08-22
U000004,MOV102358,5,11-03-23
U000450,MOV114748,5,09-04-21
U000096,MOV100006,4,01-22-25
U000010,MOV110467,5,07-09-25
U000001,MOV111906,5,09-21-25
U000002,MOV118089,5,01-26-25
U000010,MOV106412,5,09-22-22
U000007,MOV100941,4,06-10-19
U000039,MOV119635,5,09-12-20
U000029,MOV113656,2,09-19-25
U003390,MOV103841,5,08-14-20
U000001,MOV113132,4,06-02-25
U000001,MOV109536,4,11-11-16
U000002,MOV112692,5,08-02-19
U000001,MOV105990,3,11-18-22
U000120,MOV101681,3,05-07-22
U000973,MOV101491,5,01-21-21
U000084,MOV100006,4,11-15-25
U000021,MOV119272,1,06-01-24
U000654,MOV114510,2,10-22-17
U002054,MOV100006,4,10-19-25
U000006,MOV105990,3,01-25-24
U000004,MOV106336,5,12-17-19
U002876,MOV114072,5,07-24-25
U000013,MOV107971,3,03-02-24
U000012,MOV103936,2,10-02-21
U000001,MOV119272,4,11-15-24
U000374,MOV113766,5,09-23-15
U001989,MOV106212,3,07-19-20
U000002,MOV100006,4,08-26-16
U000002,MOV110924,4,04-22-25
U000012,MOV116820,5,04-17-18
U000010,MOV113132,4,12-18-24
U000044,MOV109221,4,09-28-24
U000319,MOV106641,3,12-02-24
U000050,MOV119635,4,10-28-20
U000001,MOV102058,4,10-12-22
U000012,MOV100006,2,11-12-24
U000001,MOV101417,5,06-03-25
U000007,MOV100006,3,01-21-19
U000003,MOV104768,4,10-03-24
U002093,MOV116154,2,04-18-17
U000007,MOV100006,3,09-13-23
U000002,MOV119204,5,06-28-22
U000032,MOV113790,4,03-21-25
U000011,MOV105990,4,05-28-24
U000014,MOV105990,4,08-26-19
U000789,MOV100006,3,04-10-21
U000017,MOV105990,4,09-30-18
U000002,MOV112513,3,06-14-24
U000006,MOV105990,5,01-01-19
U000001,MOV115070,4,12-13-25
U002255,MOV105896,4,01-30-22
U001411,MOV113048,5,06-20-20
U000025,MOV115413,4,01-29-19
U000001,MOV103017,3,02-16-20
U000004,MOV117251,4,10-27-25
U000170,MOV100006,4,09-07-15
U000002,MOV115823,4,03-01-20
U000001,MOV104816,5,07-14-21
U000002,MOV101202,4,05-26-25
U000048,MOV117066,4,02-14-23
U000553,MOV106656,4,03-20-25
U000010,MOV114852,5,07-23-25
U000846,MOV109831,5,04-26-24
U000003,MOV100006,4,07-18-19
U000001,MOV100758,4,07-17-21
U000025,MOV101623,5,03-04-21
U000001,MOV111484,4,02-01-25
U000039,MOV114896,2,
U000814,MOV109221,4,09-18-18
U000001,MOV103605,5,11-02-19
U000002,MOV114784,4,07-20-21
U000009,MOV107769,5,07-14-21
U000002,MOV106378,5,11-28-19
U000003,MOV100006,2,02-21-24
U000002,MOV106370,5,05-27-25
U000831,MOV119272,2,11-04-21
U000005,MOV117660,5,05-02-25
U000001,MOV109920,2,07-23-22
U000004,MOV108024,3,11-30-23
U000073,MOV101120,4,04-08-25
U000039,MOV100342,4,05-14-25
U000399,MOV119635,4,10-07-25
U000434,MOV109709,4,06-16-24
U000066,MOV116956,4,04-14-15
U000008,MOV119635,5,11-17-22
U000004,MOV100681,4,06-18-22
U000850,MOV103334,4,06-02-25
U000340,MOV105990,2,11-25-24
U000001,MOV114896,3,06-22-25
U000003,MOV106699,4,12-29-25
U000001,MOV113800,3,07-23-17
U000006,MOV100006,2,10-12-15
U000007,MOV100006,5,07-22-24
U000139,MOV100006,3,10-11-25
U000073,MOV114896,2,02-23-23
U000025,MOV110388,4,05-22-20
U000004,MOV100006,4,03-21-18
U000043,MOV114626,4,07-06-22
U001154,MOV100006,1,11-08-22
U000063,MOV100700,4,05-13-21
U000051,MOV111963,3,01-22-23
U000005,MOV100006,3,04-25-23
U000980,MOV100831,2,03-22-25
U000002,MOV100262,5,03-26-16
U001591,MOV118043,3,05-31-19
U000007,MOV115324,2,06-21-18
U000010,MOV112903,4,06-26-25
U000001,MOV106916,1,12-04-25
U000003,MOV109340,5,06-18-25
U000002,MOV114626,2,07-02-23
U000193,MOV110475,5,07-03-24
U000001,MOV109221,5,01-05-15
U000005,MOV110337,4,12-31-23
U000001,MOV105162,5,12-16-25
U000022,MOV111876,4,05-16-17
U000286,MOV103145,4,10-22-22
U000045,MOV105990,3,02-24-18
U000003,MOV105644,3,01-13-23
U000001,MOV119272,3,05-10-20
U000001,MOV119272,5,10-14-17
U000301,MOV105990,3,05-26-18
U000001,MOV101108,5,06-18-23
U000724,MOV102996,5,04-18-15
U000007,MOV105990,4,07-15-17
U000040,MOV115311,4,04-18-22
U000001,MOV119272,4,08-11-25
U000014,MOV117251,5,03-08-22
U000188,MOV113048,4,12-11-25
U000001,MOV113048,1,11-28-17
U000002,MOV113418,5,07-16-17
U000001,MOV107386,5,03-05-25
U000009,MOV104018,1,11-20-21
U000001,MOV100006,4,06-12-19
U000005,MOV106110,3,03-04-25
U000004,MOV119591,4,04-10-16
U000328,MOV119635,3,12-17-23
U000996,MOV116787,5,
U000006,MOV117948,3,05-23-22
U000002,MOV118952,3,01-26-20
U000001,MOV100006,4,02-10-25
U000001,MOV119186,4,02-28-18
U000002,MOV114626,4,12-22-25
U000305,MOV110026,4,09-23-19
U000022,MOV119635,3,02-12-23
U000190,MOV103768,3,03-11-25
U000163,MOV116710,4,05-30-25
U000009,MOV119635,3,04-25-20
U000009,MOV119635,4,06-28-24
U000009,MOV111134,4,05-28-20
U001297,MOV108912,5,11-04-25
U000005,MOV119272,4,06-16-25
U000027,MOV108091,4,10-29-16
U000009,MOV119272,5,02-12-25
U000001,MOV119635,4,06-30-25
U000003,MOV119635,4,11-25-25
U000001,MOV108827,1,11-19-17
U000609,MOV100006,3,04-25-16
U000304,MOV110475,2,08-25-22
U000001,MOV118328,4,01-20-24
U000050,MOV116140,3,01-01-23
U000004,MOV106634,4,12-31-21
U000317,MOV102303,1,11-12-25
U000001,MOV118281,5,02-23-25
U000001,MOV114626,3,04-13-25
U000017,MOV117485,3,10-19-19
U000001,MOV100006,2,06-16-22
U000001,MOV104697,1,03-25-21
U000077,MOV113811,5,03-18-24
U000759,MOV111159,3,12-27-22
U000009,MOV109221,5,10-29-22
U000486,MOV103841,1,05-02-25
U000026,MOV113048,1,04-21-24
U000028,MOV114780,2,11-23-22
,MOV111434,2,12-07-19
U000001,MOV116580,3,05-10-21
U000003,MOV108265,5,05-06-21
U000183,MOV105644,3,04-26-22
U000001,MOV116470,,07-12-21
U000507,MOV103764,3,02-04-20
U000002,MOV100006,4,12-28-22
U000380,MOV119635,1,11-08-25
U000210,MOV100588,4,10-20-25
U000142,MOV107386,1,12-03-20
U000007,MOV113195,4,03-17-22
U000030,MOV100557,5,08-03-25
U000601,MOV100006,5,04-17-24
U000034,MOV119416,4,09-11-22
U000045,MOV106640,4,12-23-18
U003506,MOV114993,4,10-20-25
U000001,MOV107017,5,10-04-20
U000028,MOV101681,3,05-24-21
U000013,MOV100006,5,08-14-24
U000065,MOV101998,3,04-16-21
U000006,MOV113766,3,11-23-25
U000001,MOV119635,4,12-30-21
U001292,MOV111034,5,11-13-18
U000057,MOV115501,4,06-18-15
U000006,MOV106834,5,05-21-15
U000274,MOV100006,4,02-02-20
U000026,MOV100006,1,02-20-24
U000014,MOV119635,2,06-15-23
U000004,MOV119272,5,07-16-22
U000002,MOV103605,2,08-25-18
U000029,MOV109471,2,10-29-25
U000001,MOV100006,4,10-22-18
U000009,MOV115595,4,11-18-22
U000012,MOV119635,3,10-28-20
U000005,MOV108419,3,10-01-22
U000001,MOV119635,4,02-26-22
U000004,MOV115014,5,09-04-21
U000106,MOV115312,3,02-25-21
U000001,MOV113768,3,07-20-21
U000004,MOV105438,4,02-19-25
U000036,MOV116400,3,06-25-25
U001558,MOV114993,2,05-18-25
U000139,MOV119635,4,09-29-23
U000477,MOV105538,4,07-15-23
U002537,MOV113048,4,07-06-16
U000002,MOV118556,4,02-20-21
U000035,MOV114023,4,12-08-20
U000003,MOV115205,2,11-24-20
U000002,MOV105990,4,05-10-15
U000551,MOV100006,4,01-09-18
U000094,MOV100006,3,05-04-22
U000001,MOV102068,3,07-21-24
U000011,MOV113465,5,09-16-22
U000003,MOV119660,4,06-07-24
U002433,MOV105990,4,05-27-20
U000001,MOV104768,4,08-07-24
U000085,MOV104752,3,04-25-25
U000021,MOV109897,2,04-30-18
U000276,MOV100006,4,05-09-20
U000165,MOV103610,4,06-26-22
U000001,MOV111217,1,12-04-23
U000016,MOV116203,3,07-12-25
U000001,MOV101172,2,01-21-18
U000003,MOV111092,3,12-29-21
U000058,MOV100006,4,03-01-15
U000238,MOV100557,2,04-17-20
U000015,MOV100006,3,02-10-21
U000022,MOV119635,4,01-05-25
U000001,MOV110828,2,06-14-18
U001212,MOV109221,1,08-05-21
U000012,MOV107913,4,09-07-22
U000001,MOV115108,4,10-23-25
U000019,MOV105990,4,11-11-20
U000001,MOV115403,5,05-07-20
U000007,MOV114626,2,04-07-20
U000002,MOV110526,3,06-05-20
U000013,MOV101202,3,09-18-23
U000838,MOV119635,5,12-16-21
U000004,MOV100006,3,06-26-24
U001384,MOV100006,3,12-16-20
U000001,MOV116956,3,10-17-20
U000009,MOV100006,1,07-21-21
U000262,MOV103759,4,04-12-18
U000002,MOV114626,2,02-11-23
U000024,MOV111671,4,02-25-19
U000001,MOV100557,3,11-16-22
U000002,MOV109869,3,07-01-24
U000003,MOV100542,3,07-10-25
U000001,MOV100226,4,
U000002,MOV105644,2,02-04-23
U000001,MOV103771,5,02-22-24
U000019,MOV110641,3,02-10-21
U000130,MOV106336,2,12-13-24
U000599,MOV104768,4,10-03-22
U000361,MOV105896,4,01-02-24
U000008,MOV110904,1,09-05-24
U000002,MOV105224,5,09-12-23
U000001,MOV106252,3,10-02-23
U000165,MOV105990,5,04-07-17
U000019,MOV109340,4,11-28-25
U000920,MOV105990,4,11-24-21
U000001,MOV100006,4,04-26-25
U000001,MOV114714,4,11-29-25
U000008,MOV102448,5,04-16-20
U000045,MOV105990,4,11-20-20
U000787,MOV111451,5,01-06-21
U000002,MOV110026,5,08-31-23
U000002,MOV115671,2,11-08-25
U000599,MOV119635,2,05-23-21
U000003,MOV103605,4,12-05-16
U000001,MOV106939,3,10-08-20
U000520,MOV113495,5,04-26-24
U000032,MOV105661,3,09-09-20
U000002,MOV106021,3,08-10-23
U000001,MOV100557,3,04-28-23
U000001,MOV110828,2,10-07-21
U000002,MOV105990,2,04-29-24
U000355,MOV109340,5,09-02-25
U000059,MOV109913,2,09-22-24
U000002,MOV105616,4,08-08-22
U000003,MOV108419,3,02-14-20
U000055,MOV119635,2,07-31-23
U000471,MOV119672,4,10-07-18
U000052,MOV118753,4,10-14-24
U000015,MOV111524,3,05-05-22
U000013,MOV111306,4,01-08-23
U000001,MOV119204,4,05-13-25
U000001,MOV105896,4,09-24-24
U000012,MOV105990,4,08-30-16
U000004,MOV114626,2,07-22-25
U000001,MOV114626,5,07-17-21
U000001,MOV109993,5,01-02-15
U000006,MOV109221,4,09-18-15
U000110,MOV104557,3,09-16-24
U002822,MOV100006,5,09-29-17
U000165,MOV104371,3,10-26-21
U000002,MOV119635,3,03-21-22
U000552,MOV105760,3,11-01-24
U000006,MOV116893,3,11-26-22
U000034,MOV102047,5,01-19-24
U000011,MOV101034,3,09-30-21
U001658,MOV103542,3,02-27-25
U000001,MOV102239,2,11-27-18
U000001,MOV105990,4,
U000101,MOV114784,2,12-19-24
U000003,MOV118710,2,06-20-25
U000008,MOV117948,3,07-05-21
U000002,MOV119635,5,05-04-23
U000001,MOV110809,1,12-11-25
U000005,MOV103768,2,02-01-24
U000001,MOV108434,2,04-24-25
U000002,MOV107128,5,02-10-25
U000001,MOV117928,5,09-02-25
U000001,MOV103929,3,02-19-24
U000001,MOV114626,3,07-21-25
U000001,MOV100006,3,08-14-22
U000007,MOV100006,4,10-30-22
U000010,MOV110192,5,03-17-25
U000001,MOV111936,3,04-04-16
U000140,MOV107257,3,12-05-20
U000010,MOV109221,5,10-01-16
U000001,MOV102023,5,01-05-23
U000001,MOV102921,5,09-15-23
U000025,MOV102023,4,04-29-20
U000065,MOV100130,3,05-22-21
U000025,MOV117948,4,03-25-17
U000068,MOV116388,5,11-22-21
U000099,MOV100613,1,09-28-25
U000020,MOV110026,2,03-02-16
U000718,MOV113048,4,11-19-24
U000001,MOV109993,5,08-20-21
U000006,MOV101202,5,04-07-20
U000003,MOV114518,5,09-27-23
U000001,MOV108133,5,08-10-24
U000029,MOV104002,4,02-01-20
U000001,MOV117502,4,07-08-23
U000008,MOV109719,1,07-02-22
U000004,MOV119272,4,
U000186,MOV105990,2,11-28-24
U000002,MOV109115,5,
U000005,MOV114784,4,06-16-16
U000020,MOV114993,1,08-08-19
U000024,MOV100006,3,01-05-19
U000001,MOV115460,4,11-02-21
U000001,MOV101108,4,06-17-21
U000135,MOV105990,5,11-26-16
U000299,MOV104018,4,11-09-19
U000007,MOV105990,1,05-24-24
U000002,MOV109221,5,10-17-23
U000001,MOV100006,5,08-15-24
U000004,MOV107607,5,04-03-24
U000088,MOV101396,5,03-14-25
U000015,MOV117793,3,04-07-19
U000001,MOV100006,3,12-27-24
U001336,MOV119635,5,06-24-22
U000526,MOV105990,4,08-24-17
U000003,MOV103931,1,09-24-23
U000001,MOV103125,5,08-10-24
U000004,MOV113838,3,05-30-25
U000065,MOV101344,4,03-27-25
U000033,MOV100006,5,03-23-22
U000006,MOV113012,2,03-16-25
U000029,MOV100006,3,02-27-17
U000008,MOV101108,5,10-27-21
U000242,MOV109719,1,10-27-15
U000003,MOV106122,3,09-26-21
U000003,MOV112179,4,10-15-24
U000267,MOV110345,4,09-19-21
U000607,MOV101539,1,08-01-19
U000095,MOV119272,5,04-22-24
U000001,MOV105990,3,08-28-21
U000001,MOV110790,4,06-18-24
U000001,MOV113048,5,01-11-19
U001422,MOV114626,4,10-02-24
U000001,MOV100006,2,10-23-24
U000009,MOV108419,4,06-02-24
U000007,MOV119116,4,06-10-16
U000009,MOV105133,4,02-15-17
U000001,MOV113999,4,05-19-22
U000002,MOV104975,3,08-08-21
U000002,MOV107386,4,12-14-21
U000001,MOV116787,4,
U000006,MOV100006,4,03-17-23
U000336,MOV111300,5,11-18-25
U000301,MOV117251,3,02-07-21
U000004,MOV119008,3,11-21-25
U000001,MOV109221,5,01-17-25
U002567,MOV110026,4,07-12-20
U000001,MOV105990,2,11-20-24
U000001,MOV103091,4,04-13-21
U000299,MOV112136,1,08-28-16
U000002,MOV101373,3,07-25-25
U000001,MOV103605,4,05-30-24
U000010,MOV119635,4,04-10-19
U000005,MOV119635,1,02-23-25
U000017,MOV100006,4,06-30-17
U000092,MOV100006,2,10-25-25
U000357,MOV110790,4,09-11-25
U000001,MOV114626,4,01-18-25
U000078,MOV100006,4,03-22-15
U000001,MOV114510,,11-16-24
U000002,MOV111639,4,02-16-24
U000003,MOV107602,5,03-20-23
U000022,MOV119272,4,05-22-22
U000408,MOV111667,4,09-19-22
U000001,MOV113615,4,09-06-18
U000002,MOV119272,1,10-23-20
U000634,MOV115151,4,05-25-21
U000372,MOV119635,4,07-04-24
U000004,MOV105990,4,01-21-23
U000019,MOV108984,4,06-25-24
U000162,MOV101061,5,06-18-24
U000114,MOV110026,4,09-18-24
U000010,MOV106037,5,10-30-25
U001901,MOV103446,5,10-18-21
U000058,MOV109221,3,02-15-25
U000001,MOV111034,4,04-24-25
U000095,MOV108508,4,06-02-21
U000230,MOV104456,1,09-24-21
U000001,MOV108350,4,06-30-23
U001250,MOV107386,,08-25-23
U001570,MOV118556,3,08-27-18
U000028,MOV100006,2,11-20-25
U000001,MOV119272,3,10-09-19
U000004,MOV110790,4,07-26-25
U004011,MOV101108,3,01-19-23
U000302,MOV115098,5,10-24-23
U000022,MOV101108,4,11-18-24
U000227,MOV100006,5,03-19-20
U000238,MOV100006,5,01-13-24
U000571,MOV111217,4,04-27-24
U000002,MOV112232,5,03-14-25
U002453,MOV106691,4,09-22-25
U000002,MOV119635,3,11-15-15
U000003,MOV114993,4,10-08-18
U000004,MOV106388,4,11-05-25
U000902,MOV105990,2,12-24-24
U000003,MOV102643,4,11-16-21
U001877,MOV116181,4,06-22-22
U000001,MOV101871,3,09-13-21
U000017,MOV114626,4,10-29-24
U000584,MOV100006,3,10-09-24
U000003,MOV100006,2,04-13-22
U000097,MOV105990,3,10-07-25
U000023,MOV111831,3,12-03-20
U001091,MOV109624,5,09-02-21
U000001,MOV104020,1,08-07-24
U000004,MOV105558,1,09-22-24
U000001,MOV119272,2,09-17-25
U000001,MOV100006,5,06-25-17
U000006,MOV114626,4,10-14-16
U000001,MOV100006,5,01-07-21
U000085,MOV101108,3,05-24-22
U000085,MOV109221,1,02-24-23
U000005,MOV117251,5,03-04-15
U000189,MOV119635,5,07-31-25
U000002,MOV105990,4,05-12-24
U000001,MOV101108,4,11-30-19
U000009,MOV111017,4,
U000189,MOV117107,5,04-13-24
U001190,MOV113048,5,03-20-16
U000001,MOV110475,5,07-12-23
U000916,MOV110262,3,03-16-24
U000001,MOV112692,5,05-08-22
U000028,MOV115480,4,06-06-25
U000006,MOV109874,4,04-25-20
U000002,MOV109221,4,01-14-23
U000002,MOV119635,4,05-03-24
U000039,MOV100006,3,05-10-22
U000006,MOV113048,1,03-07-24
U000009,MOV100006,3,12-12-25
U000268,MOV118145,5,11-07-19
U000001,MOV101108,4,05-14-25
U000014,MOV101209,3,03-30-21
U000102,MOV102610,5,12-15-23
U000001,MOV105799,3,06-12-25
U000001,MOV113048,2,05-20-24
U000005,MOV119635,5,09-16-24
U003389,MOV114601,5,02-12-25
U000001,MOV114510,5,11-19-18
U001753,MOV100557,4,02-07-25
U000017,MOV111292,2,10-08-19
U000003,MOV118089,4,07-02-22
U000112,MOV110790,5,02-21-25
U000001,MOV105358,4,06-15-20
U000003,MOV100831,5,09-14-25
U000001,MOV109166,3,04-29-24
U000003,MOV100557,3,10-04-22
U000001,MOV118783,1,11-22-19
U000078,MOV110790,3,07-29-25
U001386,MOV118556,4,12-26-23
U000001,MOV109166,3,07-30-23
U000002,MOV116203,4,
U000190,MOV106037,2,05-15-24
U000178,MOV119635,4,03-11-22
U000323,MOV105990,4,04-25-23
U000349,MOV100006,4,11-13-22
U000004,MOV119635,3,11-04-25
U000289,MOV109221,3,12-25-24
U000120,MOV116987,5,12-03-20
U000115,MOV119635,5,04-11-20
U000123,MOV106021,3,08-29-24
U003264,MOV102362,3,05-31-20
U000008,MOV100006,3,05-16-16
U000001,MOV113048,1,01-07-20
U000003,MOV106640,4,03-07-23
U000003,MOV109221,5,04-21-20
U000007,MOV118545,5,10-15-15
U000002,MOV117066,4,03-11-21
U000001,MOV109221,5,05-02-18
U000145,MOV106701,5,03-21-25
U000040,MOV101306,4,01-04-23
U000025,MOV103182,3,03-12-23
U000008,MOV100006,4,09-21-20
U000001,MOV118556,3,10-27-25
U000624,MOV105109,1,07-11-22
U000002,MOV113048,3,05-16-24
U000070,MOV119550,5,02-16-22
U000008,MOV112283,1,10-01-15
U000112,MOV114993,5,08-17-22
U000007,MOV101202,2,11-16-17
U000008,MOV116849,3,02-04-20
U000002,MOV119272,5,05-18-21
U000061,MOV105990,3,08-30-15
U001757,MOV104743,4,07-26-25
U001971,MOV104903,4,11-06-18
U000005,MOV100006,2,03-16-25
U001535,MOV111034,5,04-01-24
U000430,MOV104697,4,10-04-24
U000070,MOV114289,3,04-16-22
U000010,MOV119635,3,02-12-21
U000001,MOV114909,4,09-15-22
U000097,MOV107828,4,06-16-18
U000001,MOV104659,5,02-17-22
U000001,MOV116536,1,03-03-25
U000003,MOV100006,4,05-11-22
U000006,MOV112097,3,10-13-22
U000249,MOV111271,4,11-02-24
U000008,MOV110044,3,02-09-25
U000010,MOV117251,4,06-09-20
U000031,MOV117793,4,04-04-23
U000071,MOV114813,5,05-22-18
U000582,MOV119030,4,08-25-15
U000002,MOV102303,2,10-04-22
U000887,MOV110294,4,04-30-25
U000004,MOV119150,5,12-23-23
U000047,MOV106158,5,05-21-25
U000001,MOV100006,4,04-19-19
U004179,MOV111817,4,12-19-24
U000107,MOV114993,5,01-22-24
U000010,MOV105896,3,06-04-25
U000024,MOV117349,3,12-12-24
U000049,MOV100016,4,03-26-25
U000067,MOV111017,4,06-14-18
U000001,MOV100006,4,04-05-19
U000004,MOV110022,4,10-02-20
U000108,MOV104816,4,05-30-24
U000002,MOV100006,3,09-24-24
U000002,MOV119204,3,06-24-25
U000005,MOV105764,1,02-17-23
U000002,MOV119859,4,06-01-18
U000020,MOV108011,5,10-22-19
U000001,MOV108414,4,09-22-24
U000005,MOV110467,4,11-01-23
U000021,MOV119272,4,10-16-25
U000006,MOV109166,3,08-25-18
U002670,MOV100006,5,11-24-23
U000003,MOV100006,2,11-20-19
U001276,MOV112660,5,09-05-22
U000001,MOV100491,4,11-27-23
U000726,MOV111999,4,03-25-24
U000022,MOV114784,2,04-29-22
U000002,MOV105990,4,07-05-15
U000001,MOV109225,5,03-28-25
U001811,MOV100006,5,10-15-22
U000027,MOV108383,2,04-04-25
U000006,MOV105277,3,10-02-17
U000001,MOV102258,4,07-30-18
U000010,MOV106721,4,03-25-18
U000756,MOV100006,4,09-29-22
U000001,MOV119782,2,06-09-24
U000094,MOV101053,4,04-23-24
U000003,MOV102801,5,07-11-25
U000001,MOV117851,4,10-15-24
U000073,MOV116410,3,07-27-25
U000013,MOV113483,4,08-25-25
U000022,MOV110304,5,02-15-21
U000001,MOV104752,3,10-27-23
U000016,MOV111812,4,10-07-25
U000015,MOV113048,2,03-25-15
U000003,MOV105990,3,07-29-18
U000013,MOV104768,5,11-11-25
U000003,MOV119635,2,03-18-24
U000004,MOV118556,5,02-08-22
U000020,MOV112298,4,08-05-21
U000017,MOV111305,1,11-04-15
U000001,MOV119447,5,11-21-23
U000009,MOV108557,4,11-23-19
U001116,MOV101108,5,12-18-25
U000412,MOV110026,4,04-08-24
U000025,MOV112838,5,07-21-25
U000183,MOV105215,4,08-02-24
U000040,MOV105395,3,09-02-24
U000011,MOV108557,4,07-09-22
U000059,MOV100437,4,03-15-20
U000005,MOV104975,5,05-19-18
U000006,MOV113766,1,06-15-22
U000019,MOV101108,5,02-28-19
U000090,MOV100006,3,10-26-23
U004188,MOV112212,4,06-30-18
U000113,MOV103047,5,08-02-19
U000003,MOV119635,4,09-02-20
U000578,MOV119635,3,08-05-18
U000025,MOV105948,3,02-05-21
U001972,MOV101714,4,03-21-24
U000656,MOV102672,5,01-21-21
U001850,MOV106333,4,12-10-18
U000002,MOV117948,5,12-07-18
U000107,MOV117595,5,11-13-21
U000164,MOV119204,4,09-09-24
U000259,MOV107386,2,10-11-18
U000002,MOV109221,3,09-24-20
U000080,MOV101108,5,05-29-18
U000291,MOV112813,5,02-11-24
U000003,MOV110026,4,04-06-25
U000412,MOV110790,4,12-16-20
U000164,MOV100006,2,06-23-25
U000002,MOV107772,3,03-19-22
U000392,MOV100006,3,08-17-16
U000002,MOV100006,4,03-02-21
U000876,MOV107386,2,12-27-22
U001353,MOV116956,4,08-14-21
U000010,MOV100831,5,04-18-18
U000136,MOV117948,5,10-15-25
U000001,MOV104118,2,10-26-17
U000001,MOV100006,1,10-31-18
U002042,MOV102899,4,02-18-18
U000006,MOV119635,4,10-07-24
U000197,MOV103605,5,12-05-25
U000001,MOV105990,4,02-23-25
U000012,MOV111888,5,09-23-25
U000007,MOV119635,3,11-20-21
U000001,MOV113048,3,08-11-22
U000003,MOV104270,4,05-31-22
U000002,MOV114626,4,10-10-19
U000088,MOV111973,2,11-16-25
U000001,MOV100006,3,06-10-20
U002993,MOV117851,4,06-10-25
U000110,MOV110026,4,08-03-23
U000014,MOV111087,4,01-21-22
U000659,MOV100006,3,06-15-15
U000005,MOV111029,3,12-03-25
U000544,MOV105990,1,09-11-25
U000004,MOV100006,4,02-21-25
U000136,MOV119272,5,07-18-24
U000361,MOV100006,4,11-05-25
U000001,MOV113048,5,01-12-19
U000002,MOV106430,4,03-14-25
U000004,MOV117251,4,09-14-23
U000026,MOV111675,1,02-10-24
U001209,MOV110506,3,03-08-23
U000007,MOV100006,4,03-24-23
U000103,MOV108241,5,08-16-24
U000012,MOV100006,4,12-05-21
U000117,MOV105557,4,11-17-20
U000001,MOV110262,3,07-05-23
U000005,MOV104018,4,10-02-22
U000001,MOV118449,5,08-14-19
U000002,MOV119000,2,07-10-19
U000006,MOV100006,4,05-13-19
U000183,MOV117066,4,05-27-25
U000216,MOV117904,3,07-12-18
U003636,MOV119482,3,07-10-25
U000239,MOV119635,3,07-17-15
U002120,MOV101202,4,07-06-25
U000006,MOV117066,1,11-21-24
U000020,MOV100006,5,01-08-23
U000005,MOV110790,4,05-24-22
U000003,MOV104436,3,09-21-15
U000017,MOV117251,4,11-18-24
U000001,MOV110144,5,04-02-25
U000013,MOV100006,3,11-21-19
U000001,MOV100006,4,10-25-23
U000001,MOV114993,3,07-26-23
U000003,MOV100006,3,05-31-25
U000003,MOV119635,2,01-10-24
U000001,MOV108594,5,12-11-25
U000005,MOV117793,3,02-26-23
U000003,MOV113048,1,06-18-18
U000001,MOV100006,3,01-24-18
U000057,MOV112837,3,11-18-25
U000035,MOV113800,1,07-14-24
U000013,MOV117948,5,12-05-23
U000039,MOV119204,5,03-30-19
U000009,MOV110475,4,06-12-25
U000020,MOV112097,5,07-11-17
U000003,MOV101108,5,10-10-25
U000002,MOV114626,4,06-22-19
U000002,MOV114626,4,05-02-25
U000001,MOV105990,3,07-19-17
U000025,MOV107909,4,05-09-21
U001364,MOV113048,2,10-30-24
U000001,MOV111029,3,08-16-25
U000016,MOV112258,5,09-09-19
U000502,MOV102435,2,05-04-21
U000007,MOV119635,2,10-26-16
U000002,MOV108326,5,06-22-22
U000001,MOV119272,4,11-28-20
U000001,MOV103806,3,03-12-23
U000001,MOV106689,5,08-15-20
U000008,MOV119272,4,09-26-19
U000008,MOV102303,4,08-30-22
U000104,MOV109184,2,09-06-22
U000002,MOV103085,5,08-23-22
U000001,MOV105990,4,09-01-23
U000004,MOV102141,2,07-04-24
U000036,MOV113611,5,05-15-25
U000016,MOV114626,4,08-30-25
U000003,MOV117601,4,01-14-25
U000007,MOV118556,2,12-24-22
U000001,MOV103610,5,11-10-22
U000061,MOV100006,5,01-25-22
U000001,MOV108774,3,03-06-23
U000007,MOV115153,5,02-26-21
U000026,MOV111966,5,01-19-23
U002895,MOV105990,1,02-16-20
U000016,MOV107070,3,10-27-21
U000002,MOV112936,2,07-10-25
U002062,MOV108506,3,10-04-19
U000002,MOV110026,2,05-05-25
U000002,MOV115312,4,08-15-17
U000633,MOV111034,4,03-17-24
U000010,MOV119421,2,11-22-24
U000001,MOV119635,1,10-16-18
U000012,MOV105990,3,02-11-23
U002295,MOV100006,3,07-08-25
U000996,MOV100006,3,02-03-20
U000005,MOV103921,4,06-29-18
U000001,MOV100575,4,09-08-20
U000007,MOV118120,3,10-29-24
U000029,MOV119660,2,07-09-20
U000001,MOV118035,5,09-04-23
U000046,MOV107742,4,
U000091,MOV101108,5,07-11-19
U000028,MOV119186,5,02-19-24
U000012,MOV100006,3,10-19-19
U000017,MOV106850,1,05-13-21
U000032,MOV102473,5,01-31-25
U000007,MOV119635,4,03-01-17
U000012,MOV114896,4,11-08-22
U000058,MOV114424,1,10-11-25
U002358,MOV103605,4,07-30-23
U000006,MOV105679,4,01-04-24
U000231,MOV116710,4,11-01-25
U000178,MOV114993,3,04-11-20
U000015,MOV115409,4,02-12-20
U003615,MOV106333,4,06-16-24
U000011,MOV114775,4,02-27-22
U000173,MOV105990,4,03-11-25
U000037,MOV117057,5,05-30-25
U000022,MOV109140,3,09-14-18
U000017,MOV107386,4,06-01-15
U000002,MOV105990,4,02-14-23
U000204,MOV100006,3,04-03-25
U000001,MOV103605,1,05-01-21
U000002,MOV119635,3,05-17-21
U000117,MOV105938,4,10-28-21
U000003,MOV105644,2,10-11-24
U000026,MOV110144,4,11-24-24
U000090,MOV100006,2,09-21-23
U000018,MOV100006,3,10-11-21
U000119,MOV119272,4,03-31-19
U000156,MOV105990,5,12-09-16
U000001,MOV112347,3,09-13-22
U000016,MOV105990,5,12-30-21
U000709,MOV102151,1,08-08-22
U001144,MOV100006,4,11-02-23
U000714,MOV100006,4,10-16-25
U000001,MOV105942,4,02-16-24
U000004,MOV110790,3,10-26-19
U000010,MOV100006,3,10-13-16
U000002,MOV112854,4,07-03-23
U000002,MOV114896,4,03-25-16
U000001,MOV100006,5,07-04-23
U000001,MOV119272,3,09-11-21
U000055,MOV106940,4,08-26-22
U000001,MOV110828,4,11-10-25
U000001,MOV102473,4,07-19-24
U000001,MOV112904,2,
U000010,MOV114626,4,04-11-23
U000001,MOV106594,2,
U000381,MOV105990,3,07-27-19
U000455,MOV105990,3,11-09-25
U000676,MOV111475,1,09-10-17
U000161,MOV109602,4,11-22-17
U000246,MOV100006,4,12-27-18
U000001,MOV106037,4,03-17-25
U000007,MOV101108,5,07-15-21
U000001,MOV100006,5,07-01-21
U000070,MOV110026,4,03-22-18
U003189,MOV119635,4,11-26-20
U000109,MOV100006,3,08-24-20
U000171,MOV106834,3,07-16-25
U003292,MOV101108,4,04-17-24
U000001,MOV117524,4,10-25-19
U000768,MOV114993,4,10-29-16
U000114,MOV100880,3,06-09-25
U000002,MOV118035,5,04-28-18
U000001,MOV105990,1,01-15-20
,MOV113048,2,11-29-25
U000019,MOV114639,5,09-17-22
U000228,MOV100557,2,10-25-25
U000004,MOV103350,3,07-10-18
U000390,MOV105896,4,04-30-18
U000050,MOV119204,4,01-02-25
U000002,MOV105880,1,05-19-24
U000001,MOV118510,5,07-15-23
U001364,MOV117851,5,08-23-18
U000001,MOV101202,4,02-01-23
U000182,MOV108556,3,11-27-23
U000005,MOV106063,2,12-15-25
U000001,MOV104768,4,09-18-22
U000001,MOV112825,4,07-31-16
U000001,MOV100006,4,09-01-17
U000435,MOV100006,4,03-07-19
U000001,MOV109221,5,11-26-20
U000012,MOV119824,2,07-10-17
U000002,MOV101202,2,02-13-24
U000002,MOV105990,3,11-19-24
U000168,MOV100006,2,11-28-24
U000001,MOV106850,4,10-30-24
U000006,MOV104436,4,03-15-25
U000166,MOV106518,4,08-16-22
U000007,MOV100831,3,10-14-23
U000006,MOV109221,5,09-05-20
U000004,MOV119635,4,01-31-17
U000003,MOV100751,4,05-24-23
U003640,MOV109759,1,02-21-21
U003949,MOV101789,5,02-11-16
U000002,MOV106689,4,10-09-19
U000204,MOV110193,3,07-29-25
U000002,MOV106879,,12-28-19
U000008,MOV115158,4,09-29-19
U000009,MOV100006,5,08-06-24
U000001,MOV100006,2,06-03-25
U000021,MOV103709,3,11-25-24
U000003,MOV114993,4,10-03-17
U000021,MOV119743,1,10-18-19
U000011,MOV109328,3,09-08-20
U000031,MOV100006,3,10-30-22
U000060,MOV100006,3,11-06-24
U000044,MOV113048,4,05-13-23
U000026,MOV100006,,03-30-15
U000157,MOV100557,2,01-22-21
U002250,MOV105077,3,01-03-25
U000001,MOV119272,2,03-15-21
U000134,MOV116663,2,11-24-23
U000044,MOV113800,5,05-04-22
U000001,MOV100006,4,04-05-16
U000348,MOV103610,3,
U000089,MOV118828,3,05-06-20
U000044,MOV103605,4,12-19-22
U000001,MOV116409,,11-15-25
U000003,MOV100006,1,06-04-19
U001345,MOV101108,4,11-10-22
U000191,MOV114626,4,02-19-23
U000051,MOV100006,3,11-21-25
U000010,MOV113418,4,02-01-24
U000002,MOV105896,4,01-19-22
U000472,MOV119635,5,06-25-20
U000035,MOV102047,5,06-04-20
U000001,MOV114626,5,03-22-18
U000019,MOV111907,3,09-06-21
U000324,MOV117251,4,05-03-25
U000178,MOV100006,4,08-13-23
U000096,MOV109221,4,03-18-15
U000001,MOV100006,4,
U000128,MOV110304,5,11-25-25
U000011,MOV111271,2,01-15-20
U000077,MOV114626,3,
U000007,MOV109759,4,07-24-21
U000026,MOV100006,1,02-19-23
U000013,MOV117948,4,07-19-20
U000013,MOV114199,4,02-11-23
U002140,MOV119635,4,02-19-22
U000033,MOV100006,2,10-23-24
U000015,MOV110026,4,10-02-18
U000410,MOV109221,5,04-29-19
U000002,MOV115070,2,03-07-24
U000009,MOV107787,1,08-28-21
U001171,MOV105990,5,12-21-25
U000104,MOV110926,3,09-02-25
U000050,MOV100006,3,02-18-21
U000004,MOV107386,4,08-23-22
U000002,MOV114626,3,10-27-21
U002342,MOV101438,5,08-31-18
U000008,MOV119204,4,05-21-20
U000003,MOV100557,4,10-17-22
U000002,MOV100006,3,11-15-22
U000043,MOV106403,5,03-04-16
U000001,MOV114993,4,12-08-25
U000035,MOV108449,3,09-26-15
U000001,MOV103927,2,08-25-25
U000001,MOV100043,4,09-22-17
U000345,MOV114993,4,06-22-25
U000001,MOV118333,4,04-27-21
U000036,MOV106333,4,08-06-25
U000036,MOV113800,5,09-20-17
U000003,MOV112442,4,08-20-24
U000005,MOV102666,1,04-22-21
U000016,MOV113876,2,07-01-23
U000001,MOV105990,3,03-28-25
U000017,MOV105990,5,12-06-25
U001100,MOV105482,4,09-13-19
U000002,MOV106403,4,07-09-22
U000045,MOV119272,4,08-05-23
U000002,MOV119272,4,06-21-22
U000024,MOV114626,3,12-14-19
U000002,MOV119635,2,03-26-20
U000004,MOV113982,5,02-24-25
U000001,MOV119728,3,11-07-21
U000184,MOV101108,4,10-19-25
U000004,MOV117948,3,03-16-24
U000001,MOV116470,4,09-14-20
U002189,MOV111029,2,12-09-18
U000001,MOV109166,4,11-04-22
U000002,MOV100006,3,04-04-22
U000065,MOV100012,2,08-31-24
U000001,MOV114909,4,11-03-20
U000001,MOV105990,5,11-29-23
U000050,MOV117851,4,12-09-21
U000004,MOV101237,4,02-18-25
U000226,MOV105990,3,02-10-24
U003936,MOV103605,4,03-25-20
U000321,MOV114909,4,05-16-18
U000001,MOV114993,4,02-06-24
U000001,MOV105990,3,09-14-23
U000007,MOV119204,3,06-26-21
U000010,MOV119272,1,01-28-24
U000017,MOV114426,5,06-23-21
U000001,MOV108883,2,04-03-25
U000004,MOV116545,4,08-25-21
U000001,MOV110790,3,08-19-21
U000002,MOV104442,4,08-16-25
U000001,MOV106874,1,02-19-24
U000001,MOV104138,5,04-18-24
U000002,MOV118556,2,08-05-20
U000003,MOV103367,5,04-18-22
U000002,MOV119635,4,05-15-15
U001415,MOV100006,3,02-04-21
U000042,MOV103122,4,05-15-25
U000023,MOV110118,3,04-16-25
U000696,MOV119272,3,12-09-18
U000003,MOV108402,4,01-20-24
U000011,MOV110262,5,12-04-23
U000001,MOV100713,2,02-25-19
U000001,MOV103125,4,02-05-24
U003362,MOV100006,4,07-12-25
U000010,MOV100006,3,04-21-25
U000156,MOV105446,1,12-08-23
U000018,MOV111029,4,09-14-24
U000002,MOV111159,4,06-10-17
U000005,MOV104752,5,01-03-25
U000020,MOV100006,5,08-21-23
U000001,MOV119635,4,04-12-24
U000005,MOV101108,1,10-09-21
U000027,MOV100006,3,08-06-25
U001402,MOV116720,3,09-18-21
U000087,MOV100006,4,04-12-22
U000003,MOV106962,3,09-29-22
U000001,MOV118260,3,07-12-19
U000009,MOV115960,1,08-30-22
U000023,MOV111639,1,01-17-25
U000153,MOV113656,2,04-09-18
U000001,MOV100006,3,06-02-20
U000007,MOV103841,2,08-29-24
U000033,MOV104768,5,03-03-21
U002502,MOV119272,4,11-29-22
U000001,MOV114896,3,08-19-22
U000001,MOV104076,4,11-03-22
U000027,MOV100006,2,05-04-22
U000441,MOV105566,3,07-06-21
U000037,MOV100006,4,01-11-25
U000002,MOV111724,3,07-26-16
U000021,MOV119635,3,03-04-23
U000001,MOV105644,3,10-30-25
U000002,MOV114797,3,12-21-24
U000295,MOV119272,4,04-18-16
U000252,MOV108245,5,01-17-22
U000014,MOV101539,3,05-03-25
U000001,MOV100618,3,08-14-22
U000001,MOV117251,3,08-25-25
U000612,MOV119635,4,07-15-18
U000003,MOV115413,5,02-13-21
U000225,MOV119204,4,09-23-21
U000019,MOV108506,4,04-14-25
U000005,MOV117948,3,02-05-20
U000005,MOV109221,5,03-29-20
U000001,MOV100006,4,10-30-25
U000001,MOV107786,5,01-19-22
U000017,MOV100006,3,08-28-25
U000010,MOV113728,5,04-15-24
U000553,MOV100006,3,10-26-16
U000034,MOV116966,4,05-07-19
U000148,MOV101108,3,10-14-18
U002057,MOV114601,5,03-16-23
U000003,MOV119635,5,09-06-22
U000005,MOV101108,5,02-03-25
U000002,MOV109874,5,03-06-20
U000253,MOV105990,5,08-27-18
U000004,MOV104354,1,01-03-16
U000710,MOV105990,4,01-24-20
U000001,MOV100006,4,05-10-25
U000025,MOV105990,5,10-31-18
U000026,MOV113048,4,11-14-21
U000008,MOV112305,4,03-17-25
U000005,MOV118229,4,02-08-25
U000013,MOV110985,5,03-21-23
U000001,MOV115420,2,09-29-19
U000001,MOV101108,3,05-31-22
U000002,MOV116803,2,03-06-18
U000010,MOV114993,4,10-05-25
U000003,MOV110809,3,09-06-19
U000372,MOV119272,5,12-16-21
U000046,MOV103610,2,06-18-24
U003796,MOV110790,4,06-30-23
U000008,MOV119635,5,12-06-21
U000080,MOV111434,3,09-12-21
U002736,MOV110026,2,12-08-18
U000183,MOV113048,4,06-07-19
U001397,MOV115115,4,04-18-25
U000548,MOV101108,4,05-28-18
U000003,MOV117251,4,07-02-21
U001569,MOV103332,5,09-15-25
U000221,MOV110179,4,09-10-20
U000124,MOV119164,4,09-03-24
U000385,MOV119635,4,06-24-18
U000366,MOV105282,3,09-26-25
U000001,MOV109321,5,07-25-19
U000004,MOV100006,4,05-31-24
U000071,MOV109221,3,10-06-23
U000005,MOV119635,4,08-15-19
U000017,MOV106594,5,06-13-25
U000003,MOV119140,5,10-16-24
U000758,MOV109031,3,07-16-20
U000096,MOV119672,2,01-15-22
U000003,MOV119272,4,06-22-25
U004042,MOV109221,2,12-24-23
U000003,MOV100726,4,10-04-24
U000001,MOV109536,1,05-16-18
U000003,MOV119635,4,07-06-17
U000043,MOV106333,4,01-26-16
U000065,MOV119204,4,05-22-25
U000003,MOV109671,5,06-24-24
U000001,MOV107772,1,03-07-20
U000006,MOV119635,3,11-29-25
U003753,MOV119272,4,07-23-23
U000016,MOV108633,5,08-13-20
U000036,MOV105990,3,07-05-16
U000010,MOV106689,5,03-07-23
U001369,MOV105990,4,10-02-20
U000001,MOV101539,4,12-30-20
U000001,MOV118828,5,07-13-24
U000005,MOV105165,5,05-17-23
U000115,MOV111434,4,08-29-20
U000016,MOV101202,5,03-01-21
U000223,MOV118556,2,11-26-24
U000011,MOV105990,4,01-27-22
U000053,MOV106037,4,11-27-18
U000001,MOV117948,3,03-19-24
U000003,MOV100006,2,10-19-19
U000971,MOV114993,4,03-08-20
U000003,MOV100713,3,03-28-21
U000004,MOV114993,3,04-21-25
U000005,MOV111905,4,03-11-22
U000018,MOV118159,4,02-18-25
U000002,MOV100006,3,06-11-24
U000001,MOV117035,2,12-04-21
U000154,MOV105896,4,07-22-16
U000007,MOV101108,3,12-04-17
U000002,MOV118556,4,01-13-24
U000009,MOV110790,5,10-12-23
U000012,MOV116100,5,11-16-18
U000037,MOV103605,1,10-16-24
U000013,MOV103189,4,09-10-18
U002109,MOV115200,4,10-19-24
U000177,MOV100557,4,12-29-22
U000001,MOV116990,1,07-07-23
U000022,MOV101785,5,08-31-20
U000090,MOV105764,4,12-02-15
U001759,MOV105990,4,03-30-18
U000002,MOV114872,3,05-15-24
U000039,MOV101217,3,06-23-22
U000008,MOV100006,2,03-10-21
U000084,MOV111352,5,08-02-23
U000341,MOV112021,4,05-22-21
U000007,MOV119635,3,05-24-24
U000051,MOV101108,3,07-26-25
U003735,MOV118828,4,01-13-25
U000006,MOV110790,3,03-28-22
U000122,MOV113048,4,11-23-18
U000034,MOV111849,5,10-14-16
U000072,MOV100006,4,04-13-24
U000001,MOV105990,2,02-27-25
U000004,MOV100006,3,01-15-16
U000482,MOV119635,3,06-12-15
U000727,MOV116719,1,01-12-25
U000002,MOV109140,2,08-13-25
U000001,MOV102610,3,05-17-23
U000005,MOV114626,4,02-06-25
U000005,MOV116470,4,06-21-19
U000138,MOV119272,2,10-17-25
U000043,MOV113048,5,04-14-24
U000014,MOV110790,2,05-28-21
U000019,MOV103446,3,08-15-23
U000001,MOV100016,4,07-09-19
U000003,MOV112733,4,07-25-22
U000001,MOV116806,3,01-27-20
U001048,MOV101108,4,06-26-25
U000003,MOV119272,4,11-06-21
U000193,MOV117895,4,07-14-17
U000379,MOV113473,4,08-30-21
U001453,MOV105990,4,05-25-18
U000062,MOV111271,3,10-27-25
U000007,MOV104165,5,01-20-19
U000352,MOV111624,3,01-10-21
U000079,MOV100006,4,03-26-24
U000001,MOV105761,5,10-28-22
U000119,MOV100006,4,09-03-25
U000002,MOV101012,5,08-10-24
U000012,MOV104429,1,06-11-18
U000261,MOV105896,4,05-15-18
U001031,MOV100006,1,01-09-17
U000001,MOV111786,5,04-01-17
U000038,MOV109221,5,10-25-23
U000001,MOV119635,5,02-25-22
U000067,MOV102842,3,07-08-20
U000553,MOV100006,4,09-25-20
U000004,MOV113900,5,08-20-22
U000066,MOV102232,4,06-18-21
U000029,MOV116470,4,11-27-21
U000004,MOV107386,4,08-17-22
U000007,MOV105990,4,09-26-24
U000001,MOV101539,4,06-03-17
U000028,MOV100831,5,05-14-21
U000006,MOV101108,4,10-18-25
U000004,MOV119272,4,12-18-18
U000008,MOV108813,4,11-30-25
U000008,MOV103894,3,11-25-20
U000853,MOV101976,4,10-07-17
U000019,MOV115519,5,04-12-23
U000015,MOV118408,5,09-04-22
U000014,MOV114626,4,02-24-23
U000080,MOV100006,3,02-12-25
U000015,MOV106426,3,02-14-24
U001355,MOV115413,2,05-26-17
U000162,MOV109140,4,05-16-25
U000447,MOV111671,3,05-15-24
U000028,MOV109166,4,11-06-18
U000001,MOV105990,3,09-01-23
U000096,MOV117985,4,08-05-25
U000029,MOV114626,4,10-16-25
U000011,MOV118828,5,08-31-25
U000005,MOV119272,4,04-20-22
U000216,MOV100535,2,10-12-24
U000275,MOV114626,4,09-30-25
U000821,MOV100006,3,12-30-25
U000017,MOV115268,4,06-29-25
U000003,MOV114993,5,12-12-22
U000001,MOV105768,5,02-18-17
U000138,MOV102303,2,02-21-15
U000001,MOV110790,4,11-17-22
U000001,MOV109759,3,12-04-19
U000001,MOV100006,4,07-07-19
U000368,MOV107070,4,10-23-19
U002507,MOV111397,5,01-09-25
U000298,MOV111574,3,07-23-21
U000003,MOV119272,3,07-07-18
U000152,MOV111134,2,01-23-24
U000001,MOV119272,2,12-30-22
U002594,MOV112303,4,10-08-16
U000005,MOV108598,4,09-04-25
U004269,MOV110530,4,12-12-22
U000001,MOV100006,5,03-25-24
U001756,MOV108419,3,09-26-16
U000053,MOV102948,4,05-17-24
U000227,MOV104579,1,05-29-23
U000002,MOV100006,4,12-04-21
U000163,MOV107912,3,09-21-18
U001184,MOV110262,2,09-10-24
U000001,MOV100006,5,08-01-17
U001116,MOV110475,3,03-06-19
U000001,MOV108613,3,07-21-22
U000004,MOV119635,4,04-12-23
U000009,MOV102358,5,02-25-25
U000012,MOV110790,5,07-14-25
U000007,MOV100006,4,03-10-25
U000002,MOV107318,4,12-10-24
U000002,MOV119635,4,
U000006,MOV114779,4,07-20-19
U000006,MOV100006,3,11-16-24
U000134,MOV109629,4,01-13-18
U000195,MOV101108,1,04-12-24
U000003,MOV101202,4,10-17-18
U000001,MOV109221,5,07-03-24
U000918,MOV112232,1,11-29-20
U000289,MOV104883,4,07-19-24
U000667,MOV111472,3,06-02-19
U000022,MOV100754,3,02-09-18
U001719,MOV110828,3,07-08-20
U000001,MOV115268,3,07-19-24
U000059,MOV100006,4,01-22-23
U000109,MOV105644,4,02-11-17
U000001,MOV100557,4,01-29-19
U000001,MOV110790,4,10-23-25
U000001,MOV119635,4,07-01-24
U000035,MOV100906,3,06-14-24
U000120,MOV112353,3,08-08-25
U000013,MOV111159,3,09-27-24
U000063,MOV106689,4,02-15-22
U000100,MOV108414,3,10-12-22
U000001,MOV114993,5,12-22-23
U000011,MOV119635,3,05-13-25
U000002,MOV108912,5,09-28-20
U000051,MOV109221,4,08-10-23
U000001,MOV111134,5,05-09-22
U000180,MOV119630,4,10-23-23
U000013,MOV111217,5,06-10-24
U000240,MOV100006,5,10-11-25
U000001,MOV119272,3,04-04-25
U000001,MOV105896,4,02-05-25
U000001,MOV104456,5,02-26-18
U000002,MOV101108,4,12-09-25
U000115,MOV111434,5,08-10-25
U000005,MOV106660,4,10-25-15
U001891,MOV114626,4,10-25-24
U000001,MOV106037,3,12-15-20
U000047,MOV100006,3,08-14-25
U000009,MOV104770,4,12-21-23
U000001,MOV119635,5,05-15-24
U000486,MOV112960,4,09-08-25
U000006,MOV111217,2,11-07-25
U000041,MOV110128,2,06-03-19
U000004,MOV104975,4,01-21-21
U000002,MOV105990,4,07-05-24
U000007,MOV110828,5,11-14-19
U000002,MOV105990,5,01-04-22
U000001,MOV112232,3,07-17-15
U000003,MOV100006,3,09-30-22
U000016,MOV100557,5,09-04-25
U000030,MOV114784,5,08-25-22
U000003,MOV117770,5,01-16-16
U000011,MOV117962,3,06-22-18
U000001,MOV119667,4,05-12-24
U000001,MOV110018,3,02-26-20
U000001,MOV117780,2,05-29-16
U004444,MOV119660,4,05-26-25
U000001,MOV119204,4,04-30-24
U000001,MOV111786,4,11-13-25
U000267,MOV100006,2,10-11-21
U000013,MOV112461,3,04-17-23
U000030,MOV113800,4,12-10-22
U000152,MOV108506,4,02-04-15
U000003,MOV119635,2,02-15-23
U000014,MOV111472,4,09-20-25
U000077,MOV100006,5,10-14-23
U000001,MOV108983,4,07-01-23
U000073,MOV117485,5,12-15-20
U000023,MOV113048,4,02-12-22
U000005,MOV119292,2,05-02-25
U000023,MOV109602,2,04-06-23
U000003,MOV114896,5,07-24-16
U000001,MOV101108,2,09-09-17
U000041,MOV114626,1,09-16-25
U000001,MOV111686,1,02-08-19
U000006,MOV111271,3,11-04-25
U000013,MOV105896,3,07-18-21
U000001,MOV119204,4,04-09-20
U000004,MOV119090,4,05-19-21
U000001,MOV114540,5,12-29-18
U000026,MOV119635,4,01-09-24
U000001,MOV105644,2,05-27-23
U000015,MOV113048,2,02-24-24
U000141,MOV119635,4,01-19-18
U000690,MOV102743,3,10-16-22
U000002,MOV119635,1,12-26-23
U000014,MOV105990,3,02-06-24
U000001,MOV119186,3,02-23-24
U000001,MOV103032,4,05-04-21
U000012,MOV106874,2,01-10-23
U000001,MOV104307,3,01-08-21
U000001,MOV111058,3,04-30-24
U000390,MOV104244,2,10-09-22
U000001,MOV113715,3,03-27-24
U000005,MOV118178,2,09-10-25
U002208,MOV100006,4,10-12-17
U000002,MOV117948,5,05-13-25
U000005,MOV109488,3,03-04-23
U000145,MOV100006,5,04-30-22
U000018,MOV117251,3,03-13-25
U000001,MOV100006,3,01-07-24
U000002,MOV103593,3,03-30-17
U000001,MOV119272,4,02-06-21
U000388,MOV117196,4,12-03-25
U000002,MOV111271,4,03-27-19
U000029,MOV107435,1,10-01-25
U000047,MOV119204,3,03-26-24
U000514,MOV117349,4,10-15-17
U000123,MOV116710,4,09-19-19
U000006,MOV115312,4,01-18-20
U000009,MOV106037,4,10-01-25
U000005,MOV106640,1,06-15-18
U000023,MOV107942,4,08-01-17
U000002,MOV104244,5,12-27-24
U000704,MOV113230,3,02-04-25
U000045,MOV119272,4,07-05-19
U000003,MOV113197,4,07-16-25
U000040,MOV119635,3,02-28-22
U000280,MOV105990,3,05-18-20
U000003,MOV101337,4,12-30-24
U000019,MOV111029,4,05-22-23
U000014,MOV119635,5,04-07-23
U000004,MOV119635,2,07-28-21
U000003,MOV103681,2,12-04-24
U000200,MOV100006,5,11-12-20
U000001,MOV119272,4,03-31-23
U000003,MOV100208,5,12-15-25
U000010,MOV114871,3,08-03-23
U000001,MOV113048,4,03-10-22
U000003,MOV100931,4,02-05-25
U000002,MOV118556,4,08-13-25
U000002,MOV101396,2,11-30-23
U000015,MOV118159,4,12-26-24
U000001,MOV108002,5,07-19-21
U000003,MOV113048,4,12-03-19
U000259,MOV118545,3,02-04-21
U000113,MOV118211,3,02-02-19
U000003,MOV101194,4,02-25-22
U000003,MOV106037,1,12-21-25
U000001,MOV100006,2,05-09-16
U000045,MOV112260,4,02-06-15
U000192,MOV116470,5,03-10-16
U000002,MOV100355,4,02-15-18
U000007,MOV119635,2,12-01-24
U000537,MOV100006,4,08-23-21
U000190,MOV114308,4,
U001075,MOV100006,5,11-17-20
U000531,MOV116181,3,09-27-18
U000005,MOV117948,2,11-16-23
U000038,MOV104259,2,08-31-24
U000015,MOV110828,4,10-23-19
U000001,MOV101108,4,05-30-25
U000025,MOV112137,4,04-19-24
U000200,MOV101268,3,03-05-19
U000007,MOV117293,2,08-11-25
U000001,MOV100006,3,06-30-25
U000001,MOV105120,4,05-16-23
U000001,MOV104060,3,07-15-22
U000010,MOV100006,3,05-19-24
U000002,MOV119272,3,02-24-15
U000278,MOV114993,3,03-31-25
U000001,MOV115615,5,01-06-24
U000002,MOV100006,3,01-11-17
U000015,MOV119635,3,11-03-22
U000001,MOV119635,4,11-19-21
U000001,MOV101108,3,08-14-18
U000001,MOV119635,3,08-13-24
U000002,MOV109221,2,08-01-19
U000013,MOV100006,5,02-18-23
U000423,MOV106333,2,05-10-21
U000010,MOV119635,5,03-17-18
U000001,MOV114066,4,10-29-22
U000001,MOV119538,3,08-07-25
U000004,MOV104768,5,01-29-24
U000023,MOV115759,4,04-13-23
U000001,MOV119635,5,11-05-24
U000002,MOV113706,5,07-02-16
U000005,MOV105462,3,09-24-18
U000086,MOV111425,4,11-05-25
U000001,MOV119635,2,06-15-19
U000045,MOV100006,5,06-08-22
U000347,MOV114710,4,06-10-20
U000006,MOV110388,5,11-07-19
U000001,MOV105644,3,01-16-21
U002342,MOV116470,4,08-02-25
U000002,MOV105990,4,06-13-20
U000001,MOV100006,5,06-11-23
U000013,MOV113048,3,12-07-18
U000006,MOV101818,1,01-02-25
U000473,MOV101034,4,04-05-20
U000001,MOV119635,4,11-25-16
U000106,MOV111159,3,07-15-25
U000005,MOV102141,1,05-10-18
U000015,MOV105990,4,09-09-18
U000001,MOV118401,4,05-10-21
U003168,MOV101727,4,09-07-24
U000074,MOV110295,4,05-12-24
U000087,MOV110026,3,09-14-25
U000002,MOV100006,2,09-07-21
U000003,MOV119859,2,09-19-25
U000016,MOV114993,3,12-09-18
U000005,MOV117893,5,07-08-24
U000098,MOV109221,5,03-15-15
U000024,MOV115529,2,08-04-15
U000018,MOV103605,4,11-02-25
U002364,MOV116579,3,09-29-18
U000001,MOV111134,1,06-23-21
U000003,MOV119635,5,12-25-23
U000001,MOV112097,4,11-22-20
U000004,MOV118129,4,08-24-24
U000382,MOV111034,4,09-14-20
U000014,MOV118556,2,10-04-20
U000423,MOV109221,5,10-14-19
U000004,MOV101108,2,11-03-21
U000001,MOV119635,3,08-31-21
U000095,MOV105644,4,09-04-25
U000003,MOV113766,1,03-31-25
U000001,MOV112226,4,11-18-22
U000002,MOV101192,5,06-20-19
U000028,MOV114626,5,12-20-18
U000221,MOV114626,4,
U000001,MOV104683,1,08-11-25
U000014,MOV101747,5,03-13-25
U000001,MOV119272,4,12-27-25
U000428,MOV113835,4,04-07-25
U000200,MOV100006,3,02-18-20
U000040,MOV106458,1,06-12-23
U000007,MOV106850,5,07-07-21
U000001,MOV109999,3,10-19-22
U000007,MOV100006,5,03-26-23
U000275,MOV116580,4,07-05-25
U000010,MOV113790,5,10-09-22
U001363,MOV109536,2,06-23-19
U000004,MOV113048,4,
U000023,MOV101108,3,08-05-25
U000207,MOV110262,3,03-24-15
U001227,MOV117255,3,01-22-23
U000001,MOV107019,2,11-21-20
U000004,MOV100161,5,02-20-23
U000002,MOV118072,4,09-30-19
U000013,MOV106699,4,11-02-25
U000425,MOV116056,4,09-13-22
U000001,MOV108334,5,02-16-25
U000002,MOV101108,3,11-17-25
U000003,MOV105990,5,04-29-19
U000010,MOV119635,5,05-02-17
U000001,MOV107309,3,05-16-17
U000003,MOV101202,4,03-23-22
U000001,MOV112904,3,09-14-21
U000001,MOV103670,4,02-07-18
U000770,MOV100006,3,08-25-25
U000048,MOV111159,1,07-17-22
U000011,MOV100557,5,09-11-19
U000025,MOV108419,4,12-01-25
U000004,MOV113048,2,09-02-21
U000001,MOV104697,5,10-21-22
U001844,MOV101756,5,06-08-19
U000001,MOV105896,2,07-17-24
U000154,MOV112855,5,12-14-22
U000012,MOV100006,3,07-29-19
U000001,MOV101291,5,11-13-25
U000001,MOV111999,4,08-01-21
U000002,MOV114993,4,03-03-25
U003507,MOV117485,2,12-09-19
U000001,MOV114993,4,12-21-25
U000001,MOV113766,5,08-18-23
U000102,MOV104697,3,06-06-25
U000001,MOV111434,3,05-10-20
U000051,MOV105990,5,03-27-20
U000002,MOV100646,2,12-17-21
U000006,MOV104436,4,04-02-23
U000007,MOV101108,4,01-14-22
U000415,MOV100303,5,05-18-20
U000104,MOV106458,1,03-01-24
U000031,MOV118397,5,04-29-24
U000001,MOV101632,3,05-22-20
U000001,MOV116099,4,10-15-25
U000082,MOV109221,3,01-04-25
U000701,MOV117633,,06-27-19
U004046,MOV101554,3,11-15-25
U000026,MOV119635,3,10-28-17
U002610,MOV112232,4,10-31-22
U001502,MOV105896,3,07-26-20
U000013,MOV106154,3,11-05-23
U000014,MOV100006,4,03-02-21
U000022,MOV110273,3,04-20-20
U000017,MOV113800,4,09-17-21
U000001,MOV103446,5,
U000003,MOV110026,4,03-04-23
U000001,MOV105990,5,05-30-19
U000001,MOV109602,3,06-20-23
U000227,MOV117191,4,04-15-15
U003675,MOV106635,4,04-19-24
U000198,MOV114896,2,08-12-25
U000001,MOV119272,4,03-20-23
U000010,MOV116429,4,07-25-17
U000005,MOV100006,,07-25-24
U000001,MOV104768,4,11-22-23
U000047,MOV101108,3,08-13-22
U000059,MOV119204,5,10-12-23
U000001,MOV117850,2,07-03-25
U000001,MOV114872,5,01-06-23
U002762,MOV100006,4,06-25-20
U000040,MOV100899,4,07-23-25
U000004,MOV100006,4,04-15-17
U000005,MOV112334,5,10-22-18
U000075,MOV100158,3,09-12-24
U000001,MOV103610,3,02-03-22
U000297,MOV110790,5,12-29-24
U000001,MOV100006,4,05-29-25
U000014,MOV118753,4,06-07-20
U000003,MOV103768,4,07-13-24
U000007,MOV100006,4,11-15-25
U000014,MOV109221,3,02-08-21
U000003,MOV116710,4,11-03-25
U000001,MOV119635,5,11-19-17
U000005,MOV100006,5,07-02-23
U000007,MOV113502,5,12-17-22
U000006,MOV100006,2,12-08-18
U000001,MOV105990,4,08-14-19
U000047,MOV113048,1,10-24-21
U001660,MOV116203,2,05-06-23
U000005,MOV109221,5,06-10-15
U000001,MOV107697,5,01-25-24
U000002,MOV108499,2,07-15-16
U000014,MOV100557,5,04-15-24
U000008,MOV105896,4,12-16-17
U000461,MOV118556,3,09-25-22
U000002,MOV109221,4,11-02-17
U000003,MOV112713,3,07-28-25
U000008,MOV106061,4,05-14-25
U000017,MOV114626,3,01-10-19
U000007,MOV100006,4,08-10-18
U000070,MOV105990,5,05-22-19
U000001,MOV100006,3,12-22-24
U000001,MOV106333,3,12-30-25
U000001,MOV100006,5,10-11-18
U000699,MOV100006,3,12-04-24
U000063,MOV111271,4,06-20-25
U000009,MOV114626,5,03-28-23
U000124,MOV114716,5,01-27-17
U000001,MOV118484,4,11-22-24
U000001,MOV101202,4,05-12-22
U000047,MOV103768,4,06-13-22
U000001,MOV117251,5,06-05-25
U000002,MOV114784,2,02-01-20
U000001,MOV116308,5,08-22-24
U000719,MOV116240,4,07-22-16
U000001,MOV108775,5,02-21-23
U000001,MOV114993,3,03-23-22
U000003,MOV118556,4,11-26-25
U000003,MOV114784,4,11-24-24
U000509,MOV112632,1,05-04-24
U000045,MOV107070,4,02-06-19
U000001,MOV103252,5,06-08-25
U000002,MOV102958,3,08-21-20
U000001,MOV102068,4,03-28-21
U000016,MOV114281,5,12-14-25
U000024,MOV114806,3,12-21-21
U000088,MOV100006,2,07-09-18
U000017,MOV106689,5,11-05-19
U000030,MOV112147,5,04-05-17
U001685,MOV109759,1,10-08-25
U000002,MOV111034,5,12-26-22
U000001,MOV109221,5,07-13-23
U000002,MOV103076,2,10-16-17
U000031,MOV116181,4,01-19-25
U000111,MOV107166,2,06-30-22
U000501,MOV100006,2,05-03-25
U000038,MOV109221,2,07-11-17
U000001,MOV105990,4,04-02-17
U000008,MOV109288,4,09-04-25
U000001,MOV115371,3,12-29-22
U000047,MOV119289,1,03-10-18
U000145,MOV109893,4,
U000865,MOV114652,4,04-17-21
U000005,MOV111434,4,10-12-15
U000001,MOV101840,3,11-06-21
U000001,MOV119635,3,05-31-25
U000761,MOV105161,3,11-18-19
U000450,MOV107912,2,01-09-22
U000476,MOV112232,1,06-29-25
U000001,MOV110578,4,01-18-18
U000001,MOV119635,2,05-11-16
U000005,MOV100006,5,08-11-22
U001238,MOV115220,2,07-09-25
U000038,MOV100557,4,04-30-18
U000256,MOV104526,4,09-16-23
U000200,MOV116056,1,07-19-24
U000004,MOV118556,5,01-30-25
U000199,MOV119635,5,11-01-19
U000165,MOV101108,5,09-23-20
U000038,MOV111443,3,07-22-22
U000890,MOV100006,3,05-21-25
U000002,MOV113395,3,05-17-25
U000652,MOV118556,4,01-22-20
U000009,MOV100557,4,
U000003,MOV110475,5,09-09-24
U000008,MOV100006,5,04-05-19
U000018,MOV103605,4,07-13-24
U000001,MOV100006,5,10-08-24
U000001,MOV114784,4,03-30-15
U000001,MOV105990,5,03-07-25
U000024,MOV110108,4,12-19-21
U000001,MOV119635,4,08-19-25
U000972,MOV105726,3,10-07-22
U000084,MOV116181,5,11-08-23
U000003,MOV103047,5,10-29-16
U000001,MOV102699,3,09-12-24
U000003,MOV103643,1,02-14-25
U001976,MOV114896,5,11-16-25
U000003,MOV119272,3,12-19-24
U000002,MOV104341,1,12-28-24
U000008,MOV107438,4,05-19-23
U000008,MOV114784,3,10-07-25
U000007,MOV100006,5,02-16-22
U000749,MOV109073,2,08-16-24
U000001,MOV111159,4,01-07-17
U000006,MOV101192,5,04-21-22
U000054,MOV108035,,01-23-15
U000008,MOV106937,3,09-16-17
U000006,MOV109166,4,
U000019,MOV110026,5,12-16-18
U000034,MOV101202,5,07-21-25
U000001,MOV105438,5,09-30-20
U000026,MOV112668,3,04-08-19
U000251,MOV101202,5,02-17-23
U000001,MOV100006,3,11-04-21
U000001,MOV104959,4,11-06-25
U000001,MOV107386,2,01-30-24
U004093,MOV108065,4,02-26-25
U000002,MOV113873,3,08-09-16
U000001,MOV107554,3,09-01-18
U000002,MOV115194,5,06-24-23
U000009,MOV119635,5,01-10-20
U000001,MOV106834,1,07-28-25
U000585,MOV119272,4,01-04-24
U000048,MOV106333,3,07-02-23
U000679,MOV100006,1,10-15-16
U000081,MOV110790,5,10-09-25
U000002,MOV100006,4,07-30-22
U000003,MOV106689,1,07-25-17
U000001,MOV109221,5,10-20-24
U000004,MOV100006,4,01-03-20
U000022,MOV119635,5,04-03-16
U000001,MOV100006,3,06-05-18
U000002,MOV113766,5,09-14-25
U000003,MOV116741,4,06-08-25
U001364,MOV106803,2,06-24-25
U000005,MOV119635,2,08-16-22
U000029,MOV118556,5,12-21-20
U000001,MOV112232,,03-01-15
U000038,MOV100006,4,03-25-21
U000102,MOV113766,2,04-24-21
U000009,MOV111034,5,10-16-20
U000002,MOV105990,3,02-17-18
U000002,MOV102737,1,12-08-25
U000001,MOV101086,4,02-19-23
U000051,MOV100006,1,09-09-21
U000002,MOV100006,2,03-10-24
U001929,MOV100754,4,11-27-24
U000418,MOV116383,4,12-30-20
U000001,MOV100006,4,07-09-23
U000001,MOV105764,3,04-20-21
U000007,MOV100916,2,05-07-22
U000042,MOV114872,2,04-17-22
U000096,MOV109340,1,02-10-21
U000001,MOV119272,4,05-05-23
U000016,MOV118434,4,05-18-21
U000009,MOV119186,4,07-03-21
U000008,MOV117948,5,10-28-16
,MOV114626,2,08-17-25
U000001,MOV119204,3,03-16-17
U000672,MOV108377,5,09-01-23
U000001,MOV115929,3,10-13-25
U000001,MOV116580,5,08-10-16
U000001,MOV101202,3,10-19-25
U000010,MOV116056,2,01-30-24
U000003,MOV118556,4,01-05-22
U000010,MOV101292,5,12-14-23
U000003,MOV101108,4,10-27-25
U000016,MOV100006,2,01-02-17
U000107,MOV110530,4,12-23-21
U000026,MOV105990,1,
U000001,MOV104031,3,09-06-17
U000031,MOV100057,5,07-02-24
U000078,MOV103123,4,02-04-21
U000001,MOV101172,3,06-05-25
U000003,MOV111595,3,01-11-15
U000002,MOV118556,3,06-28-23
U000001,MOV100947,1,12-05-25
U000008,MOV119635,4,03-25-24
U000009,MOV119635,3,05-22-25
U000028,MOV111958,4,09-28-24
U000275,MOV112232,3,04-27-25
U001757,MOV115046,5,02-27-25
U000117,MOV119204,4,06-24-15
U000001,MOV103605,4,05-22-20
U000032,MOV101756,4,09-28-17
U000008,MOV105168,4,02-15-19
U000001,MOV116508,2,07-15-19
U000242,MOV111665,2,06-16-25
U003623,MOV109221,5,07-26-21
U000009,MOV110657,3,04-14-20
U000357,MOV108508,4,11-22-16
U000001,MOV103072,1,03-20-23
U000583,MOV109342,4,12-04-21
U000001,MOV105990,5,11-06-23
,MOV105896,4,08-04-23
U000001,MOV109602,4,02-07-23
U000031,MOV119635,4,12-16-25
U000057,MOV105990,2,06-11-22
U000790,,5,05-04-18
U000014,MOV113864,4,03-16-20
U000004,MOV105990,3,04-20-21
U000001,MOV118556,3,02-18-20
U000007,MOV103643,2,08-24-20
U000008,MOV119635,1,03-03-25
U000001,MOV100006,5,03-29-16
U000012,MOV112232,5,11-28-25
U000001,MOV105990,4,03-03-17
U000013,MOV108983,4,10-11-22
U000296,MOV106063,2,08-06-22
U000852,MOV114784,4,10-12-23
U002895,MOV102909,2,02-07-24
U000301,MOV102249,5,03-17-25
U000001,MOV105536,4,09-01-21
U000026,MOV100557,3,04-04-25
U000037,MOV101202,2,03-13-25
U000305,MOV107070,1,07-28-17
U000029,MOV118335,5,02-19-19
U002662,MOV104979,3,07-02-25
U000003,MOV101108,4,05-05-22
U000001,MOV110388,4,08-22-24
U000021,MOV105482,3,09-10-25
U000002,MOV105990,2,12-17-23
U000003,MOV110026,4,01-24-15
U000001,MOV119272,3,05-03-22
U000010,MOV101108,3,10-31-25
U000104,MOV112106,3,02-24-16
U000010,MOV111671,5,06-12-23
U000241,MOV119635,3,08-29-20
U000001,MOV108419,,04-04-25
U003597,MOV100006,4,07-28-19
U000013,MOV117552,3,08-16-25
U000100,MOV107481,1,05-24-20
U000001,MOV105764,3,08-01-25
U000005,MOV105990,5,11-13-24
U000004,MOV116433,4,10-30-24
U003360,MOV100006,3,08-01-22
U000014,MOV105990,4,10-03-24
U000001,MOV116580,4,10-19-17
U000318,MOV113048,4,10-10-21
U000006,MOV109202,2,09-13-25
U000020,MOV100770,4,06-21-21
U000080,MOV111078,3,12-07-24
U000001,MOV101526,2,10-26-23
U000002,MOV107913,3,12-06-17
U000002,MOV110108,4,06-29-23
U000001,MOV116813,3,01-27-24
U000017,MOV119635,4,03-22-25
U000007,MOV111368,4,11-29-25
U000006,MOV100006,3,08-26-24
U000027,MOV117873,4,07-22-17
U000006,MOV107279,5,02-09-15
U000025,MOV119480,4,06-20-24
U004378,MOV113195,3,10-29-24
U000104,MOV119204,4,11-03-25
U000008,MOV100006,4,09-01-24
U000095,MOV101879,5,06-23-25
U000002,MOV119635,4,07-28-25
U000002,MOV100006,3,10-25-23
U000032,MOV100006,4,05-03-20
U000024,MOV111223,3,10-19-23
U000001,MOV119635,4,06-19-23
U000104,MOV105382,4,04-19-22
U000035,MOV118556,3,10-09-21
U000009,MOV108388,4,02-22-24
U000001,MOV112237,1,05-06-20
U000470,MOV111921,4,12-04-25
U000925,MOV111434,3,12-15-24
U001663,MOV110026,3,11-09-23
U000001,MOV110790,4,03-20-24
U000002,MOV100006,4,07-07-23
U000003,MOV106689,4,06-26-22
U000012,MOV101108,4,04-01-23
U000001,MOV109221,5,01-14-19
U001797,MOV116263,3,05-13-22
U000004,MOV109329,3,05-05-22
U000001,MOV103826,3,09-18-25
U000085,MOV101108,5,10-25-22
U000028,MOV119464,3,08-01-25
U000005,MOV109602,3,12-11-24
U000004,MOV109915,3,03-04-25
U000001,MOV105990,3,02-14-21
U000274,MOV108050,2,04-19-24
U000001,MOV100006,,07-21-23
U000001,MOV116536,1,12-07-19
U000007,MOV116766,4,06-29-23
U000001,MOV118556,3,02-13-21
U000001,MOV119635,3,07-10-22
U000004,MOV110026,3,04-17-24
U000010,MOV103950,4,12-27-24
U000200,MOV107676,4,02-13-25
U000151,MOV108419,4,06-06-18
U003397,MOV116495,5,04-03-18
U000005,MOV110536,2,07-10-21
U000005,MOV101908,2,09-11-25
U000001,MOV113247,5,07-20-21
U000004,MOV105376,5,10-24-25
U000007,MOV100006,5,07-12-24
U000119,MOV109797,1,06-08-17
U000002,MOV110397,5,05-04-23
U000067,MOV100754,4,11-21-23
U000030,MOV100006,3,05-15-20
U000009,MOV101908,4,10-19-20
U000001,MOV119272,5,12-19-20
U000001,MOV114570,3,05-31-21
U000004,MOV116564,4,09-11-21
U000001,MOV114626,,04-26-21
U000003,MOV119635,4,02-10-20
U000004,MOV100006,5,03-19-25
U000004,MOV100783,4,01-04-23
U000162,MOV100006,4,10-05-18
U000001,MOV105896,4,04-02-22
U000066,MOV113418,3,10-14-21
U000028,MOV100006,4,02-12-17
U000001,MOV118556,3,06-08-18
U000003,MOV119272,4,05-17-25
U000007,MOV110790,4,12-12-18
U000142,MOV105644,2,03-28-19
U000035,MOV118556,4,06-15-16
U000028,MOV119635,3,10-19-15
U000025,MOV119222,2,11-27-22
U000007,MOV105990,2,12-12-24
U000010,MOV110018,,01-16-25
U000001,MOV100006,5,08-29-25
U000004,MOV119635,4,04-25-21
U000244,MOV119204,4,09-01-25
U000446,MOV118556,4,12-24-25
U000069,MOV111029,3,04-08-22
U000005,MOV100839,4,03-14-18
U000626,MOV119272,4,11-26-21
U000053,MOV102643,5,05-14-23
U000025,MOV116506,5,07-09-24
U001587,MOV101438,4,03-25-23
U000129,MOV106333,5,07-09-17
U000002,MOV100361,4,01-12-25
U000001,MOV114510,5,04-19-23
U000074,MOV112981,4,10-13-19
U000002,MOV119000,4,09-06-24
U000001,MOV109221,5,07-03-15
U000336,MOV100006,4,08-17-17
U002472,MOV113257,2,10-23-24
U000496,MOV109378,4,05-12-25
U000004,MOV111434,5,09-22-18
U000001,MOV101202,3,10-04-18
U000588,MOV103278,4,07-30-24
U000001,MOV111434,4,07-19-24
U000005,MOV119635,3,11-04-15
U000087,MOV100006,4,12-26-24
U000005,MOV119272,4,11-18-25
U000010,MOV106037,4,05-17-18
U000044,MOV119204,5,12-09-20
U000023,MOV110053,3,05-07-21
U000003,MOV112232,5,10-07-23
U000002,MOV111029,5,05-04-20
U000038,MOV114896,4,07-08-23
U001349,MOV117287,4,06-07-23
U000128,MOV105234,4,08-24-25
U000022,MOV119635,4,09-27-15
U000020,MOV109340,4,05-06-24
U000011,MOV106380,2,06-26-24
U000059,MOV110113,1,05-15-25
U000002,MOV118089,4,09-17-17
U000007,MOV106007,2,05-18-21
U000127,MOV114626,2,05-15-23
U000001,MOV103764,5,10-05-25
U000540,MOV114993,5,11-01-19
U000032,MOV119635,2,02-14-17
U000001,MOV106323,3,07-09-22
U000449,MOV105644,5,12-24-25
U000002,MOV100006,4,10-04-18
U000004,MOV103169,4,01-12-18
U000003,MOV113835,5,12-30-21
U000565,MOV100006,2,01-30-21
U000014,MOV111034,5,06-20-25
U000012,MOV119635,4,05-30-23
U001028,MOV119660,4,01-22-25
U000001,MOV113534,5,07-28-21
U000177,MOV114909,4,07-16-25
U001338,MOV119272,3,04-06-17
U000085,MOV110026,3,01-21-19
U000063,MOV107937,4,04-09-21
U000002,MOV116628,5,11-16-21
U000001,MOV119635,5,12-17-25
U000021,MOV100006,3,09-15-24
U000408,MOV100006,3,04-12-22
U000499,MOV105990,1,05-25-19
U000001,MOV113048,3,04-08-23
U001036,MOV101108,3,11-24-16
U000690,MOV100713,5,12-09-19
U000001,MOV119272,5,03-17-19
U000003,MOV114626,3,04-19-23
U000077,MOV113615,4,08-18-23
U000003,MOV109221,4,12-02-20
U000690,MOV116636,4,07-03-22
U000002,MOV119635,5,11-04-25
U000050,MOV106389,2,11-14-21
U000001,MOV100006,5,11-01-24
U000001,MOV112632,3,08-10-23
U000028,MOV119272,1,10-26-22
U000068,MOV105231,2,08-11-22
U000039,MOV119272,4,04-06-25
U000042,MOV110828,2,09-20-24
U000005,MOV100006,4,04-15-25
U000002,MOV113048,4,06-26-25
U000042,MOV101583,2,10-30-20
U000023,MOV104600,4,11-04-18
U000037,MOV113800,4,05-17-24
U001027,MOV102303,3,06-07-24
U000017,MOV100006,1,08-03-22
U000004,MOV113619,5,11-27-21
U000001,MOV101333,2,04-12-24
U000312,MOV110162,5,09-09-21
U001732,MOV110580,1,11-19-20
U000013,MOV105058,1,02-27-25
U000233,MOV101518,5,06-09-22
U000028,MOV116710,4,05-02-24
U000186,MOV119272,3,10-11-17
U000001,MOV114993,4,09-24-20
U000053,MOV119635,3,10-01-24
U000008,MOV100006,3,09-01-24
U000333,MOV110790,4,07-15-20
U000001,MOV114852,1,08-28-18
U000001,MOV100006,4,05-29-23
U000004,MOV112232,4,02-23-20
U000310,MOV100006,4,07-13-24
U000025,MOV119326,4,06-11-22
U000001,MOV106834,1,09-11-17
U000001,MOV100557,4,10-17-24
U000001,MOV114784,4,08-13-19
U000002,MOV100006,4,02-20-22
U000021,MOV119272,3,04-10-22
U000033,MOV104764,4,10-03-21
U000001,MOV101759,1,01-07-25
U000073,MOV105990,5,09-10-22
U000002,MOV108986,3,09-22-25
U000021,MOV110026,4,10-28-24
U000380,MOV105990,2,05-12-20
U000018,MOV114784,3,10-01-25
U000007,MOV101539,3,11-12-23
U000005,MOV119635,4,04-27-23
U000009,MOV119272,4,10-28-15
U000001,MOV105990,4,03-01-23
U000135,MOV119272,4,07-28-20
U000082,MOV112904,4,02-07-24
U000117,MOV119635,5,02-01-20
U000003,MOV109602,3,01-18-20
U000002,MOV105990,4,04-02-18
U001007,MOV106634,4,04-30-23
U000728,MOV105438,3,01-03-18
U000036,MOV113800,5,07-06-25
U000035,MOV103527,4,04-17-18
U001767,MOV110475,4,04-17-25
U000024,MOV103605,3,06-14-17
U000069,MOV100813,4,01-01-21
U000023,MOV106431,5,02-17-20
U000002,MOV105990,3,06-01-24
U000002,MOV101108,5,08-15-22
U000034,MOV119272,5,03-04-24
U000003,MOV119272,2,02-06-21
U000001,MOV112232,4,09-09-22
U000874,MOV107386,3,10-11-23
U000223,MOV112727,3,11-04-24
U000106,MOV100557,4,10-04-24
U000106,MOV119204,4,02-04-17
U000001,MOV100006,4,06-27-22
U000003,MOV113560,4,05-26-25
U000024,MOV101718,3,07-19-25
U000112,MOV119635,1,12-28-22
U000051,MOV119204,4,03-17-23
U001562,MOV105990,3,02-12-25
U000001,MOV119714,5,11-15-25
U001216,MOV114031,1,01-09-25
U000001,MOV119635,4,10-04-25
U003110,MOV117336,5,05-03-24
U000058,MOV111034,4,02-15-25
U000028,MOV100006,4,10-01-23
U000058,MOV110262,5,11-10-20
U000113,MOV119635,4,10-31-24
U000001,MOV109993,3,02-09-25
U000001,MOV104600,3,04-29-21
U000044,MOV112085,4,06-14-23
U000007,MOV119635,4,07-22-21
U000018,MOV108746,3,05-12-25
U000340,MOV100006,2,05-23-24
U000820,MOV100006,5,02-13-23
U000347,MOV113048,3,10-14-25
U000040,MOV100006,3,08-03-19
U000001,MOV112232,4,07-12-22
U000002,MOV106333,4,10-11-24
U000007,MOV101108,5,09-27-19
U000001,MOV110903,5,06-06-24
U000001,MOV117953,5,12-17-17
U000001,MOV100006,3,03-08-21
U000036,MOV109130,4,08-17-15
U000001,MOV114909,2,07-05-25
U000001,MOV119635,5,10-07-25
U000060,MOV116580,3,07-15-18
U000003,MOV105990,4,02-12-25
U000002,MOV100006,1,02-05-20
U000001,MOV100006,4,04-17-23
U000009,MOV112981,4,12-19-23
,MOV106689,1,12-05-20
U000002,MOV114626,4,12-29-18
U002746,MOV100754,3,03-01-22
U000014,MOV114784,3,10-26-25
U000001,MOV104600,4,12-27-23
U000002,MOV100006,5,04-15-22
U000017,MOV101108,5,10-08-16
U000006,MOV102047,5,08-29-22
U003490,MOV119635,4,12-03-23
U000069,MOV112938,3,04-03-22
U000477,MOV105990,4,07-14-21
U000001,MOV119407,5,11-09-24
U000001,MOV115150,4,11-24-25
U000001,MOV100006,2,04-05-25
U000027,MOV107262,4,08-30-23
U001004,MOV105234,4,04-03-20
U000001,MOV116156,5,01-17-24
U002356,MOV113956,3,05-10-17
U000001,MOV118828,5,07-13-24
U000003,MOV112372,2,10-31-25
U000125,MOV105990,4,08-02-19
U000022,MOV113048,3,10-02-23
U000016,MOV104975,3,04-01-23
U000051,MOV116707,2,03-26-20
U000030,MOV106509,2,08-13-25
U000001,MOV100006,3,05-08-23
U000609,MOV104893,3,08-25-20
U000196,MOV111217,3,01-25-23
U000004,MOV103806,3,02-10-24
U000003,MOV110026,5,04-11-25
U000036,MOV100960,5,09-29-20
U000002,MOV100006,5,03-16-22
U000001,MOV116386,3,10-23-15
U000017,MOV100374,5,03-21-24
U000044,MOV108506,3,03-16-18
U000284,MOV109221,3,11-25-25
U000304,MOV101840,3,05-22-22
U000043,MOV107551,5,05-06-16
U000010,MOV117486,3,09-08-25
U000006,MOV101108,4,09-01-25
U000528,MOV119635,5,03-12-25
U000003,MOV119272,3,11-23-22
U000003,MOV119272,4,10-29-25
U000161,MOV100006,1,12-15-20
U000195,MOV101108,4,12-13-20
U000006,MOV119272,4,10-27-15
U000276,MOV105990,3,08-30-15
U000045,MOV100006,5,07-04-21
U000928,MOV112807,4,01-28-22
U000002,MOV114784,4,04-11-18
U002873,MOV114626,3,06-24-22
U000001,MOV117689,5,01-16-16
U000031,MOV113048,3,01-29-16
U000008,MOV114626,3,09-15-20
U000579,MOV105990,4,07-20-21
U000072,MOV107386,2,12-29-20
U002715,MOV115150,2,07-20-21
U000010,MOV107813,1,04-04-20
U000002,MOV100006,5,09-07-23
U000001,MOV118984,4,06-10-22
U000023,MOV104697,4,09-20-24
U000432,MOV106458,5,01-31-18
U000002,MOV119635,5,04-25-20
U000007,MOV118890,4,04-27-19
U000073,MOV100006,3,04-22-25
U000778,MOV100006,5,11-23-16
U000138,MOV116741,4,04-22-19
U000094,MOV101108,2,06-25-21
U000082,MOV105990,4,05-05-18
U000001,MOV101202,4,04-21-21
U000082,MOV105174,5,09-14-19
U000834,MOV113800,3,05-02-20
U000057,MOV100006,2,10-26-22
U000004,MOV104642,3,08-25-15
U000002,MOV114626,4,10-05-24
U000464,MOV101616,4,05-01-25
U000001,MOV117948,3,07-05-16
U000001,MOV117780,2,06-10-15
U000004,MOV108339,3,01-16-23
U000004,MOV111965,4,08-05-25
U000001,MOV105644,3,04-17-21
U000001,MOV111103,4,01-28-21
U000789,MOV118556,5,11-30-25
U000001,MOV107626,4,06-19-21
U000003,MOV107684,3,04-01-23
U000101,MOV110020,5,06-28-25
U000003,MOV101947,1,04-13-17
U000002,MOV119635,4,10-07-21
U000707,MOV111159,2,09-22-25
U000003,MOV113800,1,02-16-23
U000005,MOV101108,2,08-20-25
U000001,MOV100006,3,03-31-25
U000001,MOV114784,2,04-23-18
U000074,MOV100006,3,10-23-25
U000007,MOV119272,4,01-22-24
U000021,MOV100006,4,03-07-17
U000001,MOV119635,3,04-14-25
U000001,MOV109635,5,05-28-18
U000519,MOV112232,3,02-22-18
U000004,MOV106865,3,03-05-20
U000001,MOV103577,4,07-04-21
U000135,MOV111300,2,08-22-22
U000005,MOV118510,4,09-08-24
U000005,MOV100006,2,12-25-23
U000002,MOV100557,5,01-10-20
U002055,MOV107567,2,12-10-22
U000001,MOV100006,4,10-21-15
U000194,MOV102618,4,08-24-20
U000008,MOV118502,3,12-01-24
U000001,MOV103605,3,11-13-25
U000259,MOV119400,4,08-28-16
U000169,MOV111434,3,10-30-19
U000059,MOV117251,5,09-24-18
U000034,MOV117948,5,10-18-22
U001501,MOV119635,5,07-27-25
U000002,MOV104142,4,08-06-20
U000151,MOV105990,4,08-13-25
U000028,MOV116470,3,06-24-25
U000001,MOV119635,4,07-05-24
U000002,MOV102040,2,03-24-20
U000523,MOV100006,4,03-13-25
U000003,MOV108114,3,05-06-25
U000010,MOV113656,4,08-09-24
U000001,MOV119021,3,07-21-18
U000007,MOV101395,4,04-15-22
U000001,MOV116956,4,10-15-19
U000068,MOV100006,3,03-14-24
U000036,MOV119635,4,08-16-21
U000012,MOV113941,3,07-18-18
U000007,MOV100006,4,12-06-19
U000001,MOV106037,3,04-13-18
U000001,MOV101108,2,08-27-21
U000006,MOV112409,4,11-29-19
U000680,MOV119714,1,08-30-22
U000037,MOV106654,4,12-01-19
U000132,MOV118556,3,11-11-24
U000001,MOV110532,4,01-21-19
U000070,MOV109637,3,12-15-25
U000002,MOV113048,4,12-12-21
U000005,MOV110262,2,07-12-23
U000001,MOV100006,4,10-28-16
U000124,MOV118510,4,06-01-17
U000001,MOV114152,5,02-05-25
U000015,MOV110475,5,06-24-20
U000499,MOV108667,4,11-03-23
U000014,MOV105990,4,03-06-22
U000002,MOV113048,3,07-03-24
U000001,MOV101108,3,05-30-17
U000001,MOV109776,2,10-16-19
U000003,MOV105990,2,01-07-25
U000007,MOV100006,4,05-03-21
U000002,MOV100006,4,10-20-24
U000001,MOV103557,4,12-22-22
U000038,MOV106037,3,09-16-24
U000001,MOV110904,1,08-21-16
U000002,MOV118259,4,06-17-22
U000368,MOV100006,2,07-21-23
U000007,MOV105990,4,07-10-20
U000048,MOV119635,2,02-12-21
U000063,MOV105900,5,04-17-18
U000034,MOV100733,5,04-26-19
U000001,MOV100006,4,12-19-22
U000002,MOV100006,5,05-01-18
U000006,MOV119635,4,10-22-25
U000001,MOV102844,3,08-10-17
U000429,MOV119635,3,06-30-25
U000013,MOV117948,4,02-15-25
U000027,MOV114993,2,07-10-24
U000031,MOV100006,2,05-23-19
U000005,MOV114626,3,11-17-25
U000018,MOV119186,5,10-27-24
U000001,MOV119272,4,01-03-25
U000001,MOV113656,3,03-28-25
U000017,MOV113766,4,05-20-25
U000070,MOV118556,4,08-04-23
U000002,MOV108557,4,09-29-17
U000001,MOV112314,4,12-26-21
U000001,MOV100006,3,09-04-25
U004417,MOV100006,5,02-24-23
U000543,MOV106572,3,09-10-18
U000002,MOV100557,4,07-26-25
U000015,MOV101108,5,02-06-20
U000001,MOV103718,3,03-24-24
U000002,MOV100006,4,07-17-25
U000168,MOV107665,5,04-28-19
U001369,MOV100705,3,10-18-22
U000081,MOV108521,4,01-09-18
U000002,MOV112232,3,01-08-20
U002385,MOV114896,3,09-22-25
U000444,MOV101108,2,06-29-15
U000171,MOV111434,5,11-03-21
U000001,MOV106388,4,06-23-20
U003740,MOV105990,5,10-27-24
U002368,MOV102968,4,08-22-22
U000010,MOV100006,4,05-24-22
U000077,MOV100006,3,09-03-15
U000001,MOV116966,2,10-14-24
U000006,MOV102303,4,09-27-20
U000001,MOV111159,3,07-23-25
U000218,MOV119272,5,11-07-25
U001246,MOV105990,4,06-15-25
U000001,MOV119118,1,07-21-19
U000247,MOV108419,3,07-29-18
U000021,MOV119272,5,03-23-23
U000004,MOV114626,4,04-19-18
U000740,MOV105990,3,05-17-21
U000005,MOV116254,4,05-10-15
U002069,MOV100006,2,01-10-22
U000008,MOV100006,3,03-01-20
U000003,MOV100733,2,06-12-25
U001229,MOV119204,4,08-24-24
U000001,MOV118754,5,
U000080,MOV100754,2,10-10-19
U000043,MOV105990,3,09-08-21
U000001,MOV114424,4,01-29-25
U000017,MOV117359,5,12-16-16
U000001,MOV119635,4,12-26-20
U000001,MOV109262,5,09-22-22
U000138,MOV119635,4,09-05-21
U000077,MOV116564,3,01-12-22
U000001,MOV119635,2,10-13-23
U000828,MOV117948,5,03-02-21
U000001,MOV100006,2,01-04-24
U000003,MOV119635,4,10-14-25
U000963,MOV100400,2,04-09-22
U000001,MOV100006,4,05-26-22
U000002,MOV118550,2,04-27-24
U000002,MOV100783,4,03-29-18
U000044,MOV112232,5,01-01-24
U000047,MOV100006,3,11-07-18
U000338,MOV111457,5,09-29-25
U000774,MOV119635,5,04-25-23
U000197,MOV118556,4,04-08-19
U000007,MOV100016,4,08-26-18
U000020,MOV101108,5,02-12-16
U000037,MOV119714,5,04-06-22
U000659,MOV100006,3,04-17-20
U000419,MOV118035,4,10-27-25
U000002,MOV101108,3,04-16-21
U000002,MOV100006,3,11-17-20
U000011,MOV100006,5,09-18-23
U000308,MOV109536,3,04-20-20
U000003,MOV107518,4,
U000001,MOV119186,1,12-07-16
U000003,MOV119635,4,03-25-17
U000001,MOV105482,4,01-29-21
U000001,MOV110972,4,02-02-25
U000001,MOV100006,4,07-05-21
U000015,MOV112974,4,06-25-22
U000004,MOV107818,5,12-12-22
U000010,MOV100006,2,04-14-20
U000026,MOV110828,3,05-11-21
U000001,MOV100006,4,04-08-17
U000031,MOV105896,5,04-10-17
U000021,MOV119635,3,04-24-19
U000024,MOV108353,5,01-18-24
U000006,MOV104008,4,03-08-21
U000569,MOV113436,4,08-27-20
U000289,MOV118411,4,08-06-22
U000005,MOV116564,4,02-15-24
U000020,MOV100006,5,06-13-25
U000729,MOV116154,4,03-10-16
U000002,MOV119635,2,02-02-15
U000197,MOV105990,1,11-27-23
U000209,MOV100149,1,03-10-17
U000007,MOV111434,5,12-30-19
U000001,MOV104286,2,04-08-24
U000024,MOV104857,5,11-19-22
U000003,MOV115007,3,07-02-25
U000001,MOV110467,4,06-08-20
U000001,MOV100006,4,03-16-22
U000001,MOV114199,2,09-28-23
U000001,MOV100483,4,08-04-25
U000038,MOV100006,3,11-22-16
U000001,MOV100006,5,09-28-22
U000060,MOV119635,4,05-17-23
U000008,MOV100006,4,05-29-15
U000010,MOV100006,3,09-06-25
U002877,MOV101237,1,12-13-20
U000009,MOV100006,2,09-07-25
U000006,MOV101268,4,
U000882,MOV101063,4,10-08-22
U000015,MOV100006,4,03-26-25
U004468,MOV110790,5,09-30-24
U000876,MOV109340,4,10-02-23
U000113,MOV115503,4,11-09-21
U000002,MOV101618,5,02-13-24
U000005,MOV114626,4,09-22-20
U000003,MOV109748,3,10-14-19
U000001,MOV100006,3,04-26-23
U000001,MOV114626,3,04-20-20
U000005,MOV111465,4,01-13-23
U000001,MOV101108,2,10-25-24
U000003,MOV100006,3,05-20-20
U000002,MOV103323,5,06-10-17
U000179,MOV103323,5,03-15-25
U000036,MOV119030,2,05-11-21
U000040,MOV103643,3,12-22-19
U000001,MOV105990,3,09-28-24
U000002,MOV116222,4,08-12-22
U000129,MOV114784,4,05-10-25
U000029,MOV111513,5,06-03-20
U000001,MOV103047,5,01-30-22
U000216,MOV100006,4,10-14-25
U000011,MOV119635,3,03-17-20
U000001,MOV110790,4,05-05-18
U000003,MOV100006,5,01-10-18
U000002,MOV100006,4,10-12-25
U000063,MOV100006,5,03-26-23
U000011,MOV119635,4,01-29-22
U000125,MOV100006,3,04-04-23
U000082,MOV105990,4,10-27-18
U000001,MOV105990,4,01-22-21
U000003,MOV101108,4,09-01-24
U000015,MOV104244,5,06-21-25
U000002,MOV114701,3,09-05-25
U000004,MOV109221,3,03-14-22
U000001,MOV100006,5,11-24-23
U000503,MOV115604,5,08-02-24
U000440,MOV100006,4,08-11-18
U000713,MOV105990,4,06-25-17
U000001,MOV111029,4,05-22-17
U000025,MOV114424,5,01-12-23
U000431,MOV117820,5,06-21-24
U000013,MOV119126,3,02-19-18
U000026,MOV117610,1,04-18-20
U000681,MOV113946,3,03-14-17
U000237,MOV100557,3,12-12-20
U000010,MOV115794,,02-14-22
U000001,MOV105990,4,08-05-16
U000007,MOV116741,3,02-10-25
U002064,MOV117306,4,07-21-22
U000001,MOV115420,1,06-26-25
U000007,MOV116804,2,04-08-16
U000060,MOV113195,4,08-20-21
U000128,MOV105896,4,10-28-25
U000308,MOV116057,5,01-23-25
U000010,MOV101108,2,11-24-16
U000011,MOV109221,3,11-04-25
U000004,MOV119092,1,04-27-17
U000013,MOV102895,3,02-20-24
U000002,MOV109840,4,10-06-25
U000009,MOV113122,5,08-12-20
U001613,MOV105990,2,10-08-23
U000132,MOV100006,4,05-16-19
U000390,MOV109340,3,08-10-22
U000002,MOV105990,3,06-06-21
U000005,MOV118556,1,08-04-20
U000091,MOV118556,4,12-14-23
U000006,MOV113418,3,05-02-22
U000001,MOV114626,1,07-19-23
U000012,MOV103779,4,11-26-22
U000002,MOV104436,3,10-21-21
U000001,MOV105990,3,
U000018,MOV119635,4,03-08-25
U000045,MOV119272,4,02-03-16
U000003,MOV116792,3,04-27-25
U000728,MOV112439,2,10-13-25
U000040,MOV100006,4,02-14-19
U002402,MOV114993,1,12-06-25
U000007,MOV112232,5,08-17-19
U000014,MOV101108,4,04-26-17
U000004,MOV100713,5,10-10-20
U000006,MOV106874,4,03-29-17
U000135,MOV119635,2,07-17-22
U000061,MOV108832,4,07-15-25
U000003,MOV101108,4,05-31-21
U000008,MOV118828,2,04-25-22
U000001,MOV103232,3,12-18-16
U000001,MOV112493,4,02-01-25
U000002,MOV100006,2,08-01-25
U000146,MOV110828,5,05-28-19
U000011,MOV100006,4,04-19-23
U000346,MOV100006,4,12-04-25
U000001,MOV100006,3,08-15-22
U000001,MOV119272,5,06-03-25
U000001,MOV105990,5,11-12-20
U000001,MOV119272,4,03-01-25
U000005,MOV118556,4,05-09-21
U000001,MOV100557,4,03-28-19
U000006,MOV109221,5,07-03-17
U000002,MOV100006,4,09-03-22
U000230,MOV119635,4,04-02-20
U000003,MOV119272,4,12-14-21
U000002,MOV105990,4,04-11-22
U000003,MOV100427,3,05-13-20
U000667,MOV116222,3,08-07-23
U000283,MOV110827,3,10-16-20
U000006,MOV118758,4,09-09-18
U000033,MOV118297,2,03-05-18
U000006,MOV110144,3,11-13-21
U000001,MOV119272,3,12-19-21
U000006,MOV103577,5,01-26-21
U000185,MOV119635,5,06-25-24
U000001,MOV100006,5,07-20-24
U001218,MOV105647,4,01-15-16
U000013,MOV103125,5,04-29-18
U002485,MOV106710,2,04-30-20
U000001,MOV118556,3,11-13-24
U000001,MOV100006,4,01-11-22
U000011,MOV109107,5,11-10-20
U000001,MOV105990,3,07-21-17
U000001,MOV107386,5,11-13-24
U000004,MOV119754,4,03-03-22
U000046,MOV100006,3,09-30-18
U000100,MOV103719,2,06-09-18
U000001,MOV113766,3,04-30-19
U000144,MOV109221,5,07-15-23
U000001,MOV116470,4,06-24-25
U000001,MOV107224,4,03-19-24
U000203,MOV111434,1,09-20-24
U000002,MOV100006,4,09-12-22
U000001,MOV108400,3,07-12-24
U000001,MOV110026,3,08-21-22
U000002,MOV119450,5,03-15-24
U000009,MOV110572,5,03-06-17
U000025,MOV110790,2,02-18-25
U000002,MOV108146,5,11-21-24
U000015,MOV114646,3,12-10-25
U000262,MOV100006,4,01-14-18
U000001,MOV103605,5,03-12-23
U000001,MOV118556,5,
U000622,MOV116181,2,12-20-24
U000020,MOV114993,5,12-29-21
U000071,MOV113800,4,01-21-21
U000006,MOV109195,3,09-18-24
U002036,MOV100006,3,08-01-21
U000026,MOV102011,5,01-30-21
U000039,MOV119272,4,12-23-17
U002137,MOV100006,4,09-25-24
U000081,MOV114885,3,10-17-25
U000004,MOV108092,5,02-15-24
U000001,MOV103864,3,11-01-24
U000001,MOV110927,5,06-05-20
U000001,MOV119272,2,03-22-19
U000479,MOV114626,1,09-23-18
U000004,MOV110790,5,07-31-22
U000001,MOV116580,3,02-13-21
U000003,MOV113483,4,04-11-22
U000419,MOV105990,3,02-15-25
U000015,MOV113992,4,11-06-20
U000083,MOV114896,4,03-29-17
U000037,MOV111671,5,04-07-25
U000971,MOV111482,1,05-04-24
U000041,MOV106333,3,05-07-21
U002542,MOV106691,2,04-25-21
,MOV100006,4,06-12-21
U000577,MOV107140,4,11-19-18
U000002,MOV100006,5,09-17-25
U000009,MOV117581,4,10-29-23
U000158,MOV116686,4,
U000002,MOV115081,3,10-23-23
U000011,MOV115150,2,11-19-16
U000001,MOV100006,5,09-29-16
U000002,MOV100006,4,02-11-15
U000001,MOV104096,4,01-22-21
U001170,MOV105990,2,06-24-23
U000007,MOV115151,4,09-04-20
U000002,MOV114626,4,09-13-24
U000010,MOV115960,1,01-13-22
U000003,MOV100006,4,05-11-25
U000029,MOV111885,2,11-28-23
U000020,MOV118556,5,02-14-20
U002075,MOV114896,4,
U000001,MOV119635,4,09-23-19
U000024,MOV101202,4,07-12-25
U000003,MOV119635,2,05-01-23
U000001,MOV100006,1,12-03-19
U000002,MOV119635,3,10-25-24
U000004,MOV111029,3,02-14-19
U000002,MOV108498,2,05-04-23
U000010,MOV119635,4,08-02-15
U000015,MOV100006,4,10-24-25
U000831,MOV103605,4,11-12-20
U000001,MOV119635,4,07-17-24
U000006,MOV100006,2,07-22-21
U000067,MOV100236,4,08-23-25
U000001,MOV106037,2,02-28-16
U001904,MOV100006,4,01-22-22
U000030,MOV112513,5,03-18-22
U000002,MOV114627,2,08-01-16
U000008,MOV103182,4,09-10-25
U000006,MOV119635,4,01-17-20
U000130,MOV113726,3,01-19-16
U000009,MOV100006,4,03-09-23
U000047,MOV117741,5,10-10-16
U000122,MOV108434,4,11-11-24
U000002,MOV113048,3,04-11-19
U000035,MOV107912,3,10-25-21
U000016,MOV106834,5,01-09-23
U000006,MOV100006,3,09-01-25
U000001,MOV119635,4,05-08-23
U000003,MOV100006,4,11-22-16
U000004,MOV102305,4,01-30-16
U000013,MOV113048,5,04-21-19
U000001,MOV105990,4,05-31-22
U000001,MOV113800,4,03-27-22
U000131,MOV107496,2,01-05-24
U000008,MOV100006,4,06-14-25
U000072,MOV117306,3,08-21-19
U000001,MOV100006,5,05-03-24
U000002,MOV103091,5,12-25-24
U000006,MOV110475,3,02-13-24
U000001,MOV100006,2,04-20-25
U000001,MOV119272,2,04-28-20
U000029,MOV103906,5,12-30-22
U000894,MOV106689,5,12-18-23
U000028,MOV115901,5,11-12-25
U003612,MOV110995,5,05-19-24
U000002,MOV112629,3,
U000002,MOV110467,5,08-14-17
U000085,MOV104917,3,11-10-25
U000394,MOV106874,5,01-03-20
U000060,MOV103643,3,11-27-24
U000031,MOV109221,4,07-04-17
U000005,MOV100006,3,10-19-18
U000065,MOV114872,2,07-05-21
U000002,MOV101108,2,11-14-24
U000024,MOV108506,4,01-25-19
U000050,MOV100006,4,03-26-22
U000005,MOV107913,2,07-01-20
U000001,MOV114784,4,07-13-22
U000113,MOV109221,2,05-11-24
U000011,MOV104526,3,10-14-22
U000001,MOV119635,4,01-26-25
U000005,MOV119635,3,09-26-21
U000227,MOV112232,4,01-23-23
U000005,MOV105764,3,09-11-15
U000007,MOV105077,4,08-25-22
U000041,MOV113048,5,02-24-23
U000396,MOV110790,4,11-13-20
U000066,MOV105990,5,02-01-24
U000261,MOV101866,3,09-19-22
U000008,MOV100006,5,10-15-23
U000022,MOV100557,1,07-31-24
U000003,MOV102082,5,06-18-24
U000007,MOV110262,5,08-20-19
U000006,MOV112232,5,01-10-24
U000131,MOV115322,1,08-18-25
U000001,MOV107070,5,12-13-16
U000004,MOV111815,3,10-07-23
U000141,MOV102397,3,11-10-19
U000307,MOV119535,5,09-19-25
U000012,MOV100006,4,04-01-18
U000010,MOV115501,4,12-12-23
U000002,MOV100154,4,07-25-25
U000001,MOV114896,5,09-18-21
U000006,MOV106689,4,11-25-24
U000093,MOV100006,4,04-10-22
U000648,MOV106476,4,
U000035,MOV105990,4,08-07-23
U000001,MOV100006,4,05-29-25
U000002,MOV105896,3,11-17-17
U000018,MOV101250,4,11-28-23
U000009,MOV103841,4,10-14-20
U000031,MOV100918,4,05-04-24
U001688,MOV100557,2,08-11-21
U000019,MOV100006,3,11-24-18
U000009,MOV118456,3,12-30-23
U000025,MOV119241,5,09-01-22
U000009,MOV106689,4,04-03-17
U000001,MOV100006,4,04-20-24
U000001,MOV100006,4,10-10-25
U000550,MOV110262,2,07-23-21
U000007,MOV113766,4,04-03-20
U000865,MOV119635,2,08-09-25
U000002,MOV110026,4,05-30-23
U000001,MOV112114,4,09-26-20
U000004,MOV109554,3,04-05-23
U000173,MOV109602,2,01-17-22
U000001,MOV118525,4,12-27-22
U000340,MOV116710,5,10-01-25
U001042,MOV101877,4,04-19-22
U000002,MOV100557,4,05-14-24
U000015,MOV103921,4,10-18-22
U000003,MOV101756,3,04-26-22
U000089,MOV108416,5,06-17-25
U000002,MOV108912,5,09-03-24
U000025,MOV118263,5,04-02-23
U000010,MOV100006,5,01-05-25
U000019,MOV101859,4,07-26-24
U000223,MOV119635,3,02-03-23
U000001,MOV103773,4,12-06-19
U000002,MOV103077,2,07-05-20
U001225,MOV100006,2,02-21-25
U000385,MOV111034,3,11-30-18
U000001,MOV108537,2,10-29-25
U000006,MOV114626,3,01-25-19
U000001,MOV110451,5,09-01-23
U002629,MOV110097,4,02-26-24
U000001,MOV119635,4,03-31-23
U000016,MOV100239,2,07-18-20
U000016,MOV105990,3,10-28-24
U000047,MOV114626,1,11-15-25
U000686,MOV114424,4,10-15-18
U000007,MOV101268,5,09-29-15
U000009,MOV118556,3,09-11-25
U003937,MOV105990,3,04-13-25
U000009,MOV119635,4,10-07-20
U000022,MOV103509,4,11-22-25
U001402,MOV107451,2,05-09-19
U000006,MOV110313,5,12-04-21
U000005,MOV117719,4,03-06-18
U000035,MOV112960,1,10-26-18
U000001,MOV109340,4,05-24-21
U000998,MOV111159,4,10-18-23
U000001,MOV114570,4,04-07-22
U000016,MOV105990,3,11-30-25
U000988,MOV109697,5,03-01-25
U000002,MOV105990,4,02-28-19
U000002,MOV117972,4,03-28-23
U000022,MOV114727,5,05-06-18
U000004,MOV100006,5,05-22-25
U000007,MOV119635,4,01-27-18
U000003,MOV119635,5,10-25-20
U000010,MOV114896,4,06-19-23
U000021,MOV119635,4,04-23-22
U000002,MOV104247,3,08-02-19
U000002,MOV119635,2,05-03-15
U000001,MOV115788,4,06-21-23
U000002,MOV101108,3,01-31-23
U000286,MOV100006,4,03-17-20
U000004,MOV112232,2,09-25-18
U000018,MOV114601,5,05-30-22
U000263,MOV114477,2,04-18-23
U000005,MOV100006,3,06-27-16
U000004,MOV100006,4,12-10-25
U000252,MOV101257,5,10-06-22
U000001,MOV100557,3,11-26-20
U000687,MOV118730,4,07-24-22
U000043,MOV114896,3,09-08-25
U000208,MOV110026,4,05-10-18
U000009,MOV105990,5,08-02-24
U000001,MOV112232,4,05-15-25
U000007,MOV115420,4,04-17-21
U000002,MOV119635,5,02-04-20
U000001,MOV100006,2,02-08-20
U000001,MOV119272,3,09-04-25
U000004,MOV107554,4,08-11-25
U000003,MOV100006,4,10-20-20
U000002,MOV110836,4,05-04-21
U000001,MOV103605,3,06-24-25
U000126,MOV119635,5,07-09-25
U000001,MOV113228,5,12-08-25
U000005,MOV100475,5,04-20-22
U000001,MOV119635,1,07-27-21
U000001,MOV100006,3,08-25-16
U000275,MOV100006,4,03-21-19
U000030,MOV112279,5,11-01-25
U000027,MOV116820,5,12-31-18
U000019,MOV105990,2,12-14-24
U000101,MOV101840,2,02-02-25
U000001,MOV100006,4,09-10-18
U000208,MOV116810,3,01-12-23
U000005,MOV105617,2,02-16-24
U000299,MOV114626,4,10-09-17
U000002,MOV117038,3,01-24-21
U000033,MOV118500,5,08-04-23
U000017,MOV105990,5,07-06-22
U000001,MOV105990,4,10-15-20
U000076,MOV116160,2,08-25-25
U000479,MOV105644,3,04-16-20
U000001,MOV113048,4,09-14-25
U000006,MOV101810,4,01-22-20
U000448,MOV116552,4,03-13-24
U000001,MOV111413,4,06-27-20
U000001,MOV113048,4,02-01-24
U000260,MOV119799,4,10-08-20
U001654,MOV110304,3,06-06-23
U000047,MOV116956,5,01-07-25
U000096,MOV100006,2,08-23-16
U000002,MOV111924,4,06-19-24
U000080,MOV113048,2,08-30-17
U000505,MOV119635,5,11-27-20
U000536,MOV113048,4,11-13-20
U003706,MOV107386,3,11-17-24
U000002,MOV116099,4,09-12-22
U000001,MOV111698,4,12-03-22
U000523,MOV109166,4,10-02-25
U000001,MOV100006,2,05-31-22
U000006,MOV106161,4,03-30-25
U000001,MOV109221,5,07-01-16
U000001,MOV101108,4,05-19-18
U000005,MOV104542,5,05-16-25
U000995,MOV118146,4,04-02-22
U000001,MOV119635,5,06-16-25
U000001,MOV118538,3,07-01-25
U000012,MOV100006,2,06-17-20
U000001,,4,07-26-19
U000181,MOV114896,5,05-08-22
U000887,MOV108973,3,03-12-17
U000013,MOV117962,1,05-07-22
U000001,MOV100006,3,11-20-21
U000001,MOV115111,4,11-26-24
U000021,MOV110026,5,02-03-20
U000054,MOV108419,4,06-03-16
U000008,MOV100006,4,06-26-16
U000001,MOV105483,4,01-16-16
U000164,MOV115501,1,09-12-22
U000004,MOV119272,4,10-27-25
U000004,MOV113048,4,07-01-17
U000001,MOV100006,3,12-11-24
U000002,MOV100006,4,02-21-24
U000001,MOV105990,4,02-26-24
U000021,MOV102157,4,02-19-22
U000005,MOV100006,2,10-22-21
U000003,MOV113048,4,08-28-24
U000003,MOV117421,4,03-19-25
U000009,MOV113048,3,07-20-17
U000263,MOV101108,4,06-29-25
U000267,MOV110026,5,07-01-25
U000001,MOV107397,4,05-15-23
U000015,MOV104768,5,02-09-22
U000001,MOV110388,5,12-10-17
U000270,MOV100006,3,05-23-20
U000194,MOV111339,4,06-27-22
U001503,MOV117097,4,02-24-24
U000011,MOV119624,5,04-14-25
U000260,MOV106054,5,05-20-21
U000715,MOV113096,5,07-17-24
U000005,MOV110026,,05-23-18
U000011,MOV111159,5,09-27-24
U000168,MOV111159,4,10-14-21
U000007,MOV101539,5,05-31-24
U000001,MOV112960,3,05-30-23
U000016,MOV111134,3,02-20-18
U000053,MOV117948,4,09-04-22
U000002,MOV111695,4,09-05-23
U000001,MOV105990,3,06-05-22
U000034,MOV118556,5,06-26-20
U000869,MOV114379,4,03-06-18
U000001,MOV112913,3,02-04-20
U000032,MOV112807,4,05-27-24
U000019,MOV101197,2,
U000012,MOV107656,4,11-20-19
U001023,MOV110790,3,08-17-24
U000003,MOV100006,2,06-28-23
U000002,MOV111265,4,01-28-25
U000048,MOV110828,3,08-24-24
U000002,MOV100006,3,06-29-25
U000004,MOV101108,3,10-27-17
U000018,MOV119635,3,07-03-21
U000030,MOV109221,4,11-22-24
U000127,MOV105990,1,03-25-22
U000009,MOV112562,4,11-10-23
U000566,MOV111029,4,05-06-24
U000032,MOV111530,3,11-19-23
U000280,MOV110828,2,03-28-25
U000001,MOV100006,5,08-24-18
U000458,MOV119635,5,
U000003,MOV100006,2,02-18-22
U000001,MOV110262,3,06-13-25
U000016,MOV113420,4,05-27-19
U000003,MOV114993,4,09-09-20
U000001,MOV106388,1,05-23-18
U000001,MOV114909,4,05-25-22
U000862,MOV110828,4,07-13-21
U000001,MOV102968,4,02-07-24
U000023,MOV100006,4,09-21-19
U000811,MOV117235,2,12-26-19
U000002,MOV109140,2,07-11-24
U000313,MOV107386,1,03-06-23
U000008,MOV104138,4,04-29-21
U001612,MOV102765,3,05-27-16
U000469,MOV119272,3,12-10-23
U000050,MOV100828,5,05-03-24
U000418,MOV119186,4,04-15-25
U000032,MOV100342,3,04-22-21
U000002,MOV117834,3,03-13-18
U000001,MOV108836,2,07-26-22
U000127,MOV110741,4,09-21-21
U000002,MOV102643,1,05-20-24
U000001,MOV100006,4,08-24-20
U001947,MOV106332,2,11-07-19
U000029,MOV101202,5,11-21-15
U000001,MOV106229,5,10-16-20
U001055,MOV108680,4,04-03-19
U000082,MOV108035,4,05-11-24
U000003,MOV100006,4,12-30-20
U001262,MOV105238,4,10-08-25
U000001,MOV105990,4,02-07-19
U000001,MOV106594,5,02-27-24
U000625,MOV101751,4,11-29-22
U000015,MOV119272,3,05-27-25
U000005,MOV108209,2,01-30-19
U000039,MOV105760,4,03-30-15
U000006,MOV107805,2,03-21-22
U000030,MOV119376,5,12-01-23
U000032,MOV111034,5,08-29-21
U000014,MOV110828,2,09-07-23
U000139,MOV119635,4,12-03-23
U000031,MOV119670,5,10-03-25
U000016,MOV118363,5,03-07-22
U000070,MOV100006,2,09-28-24
U000943,MOV114424,3,09-13-19
U000405,MOV101083,2,04-23-23
U000003,MOV116972,5,08-25-22
U000001,MOV107386,4,09-08-25
U000001,MOV119272,3,06-06-24
U000011,MOV100006,,11-06-21
U000009,MOV119635,4,12-19-22
U000820,MOV114993,3,11-22-19
U000001,MOV112996,3,04-21-19
U000156,MOV106336,4,01-07-24
U000003,MOV105162,4,03-13-24
U000002,MOV105128,3,05-30-24
U000011,MOV114433,4,08-27-23
U000008,MOV100006,3,09-26-22
U000002,MOV100006,5,09-25-24
U000001,MOV119635,5,11-21-24
U000041,MOV105990,3,11-05-25
U000007,MOV106021,3,11-22-24
U000002,MOV113048,2,09-05-22
U002107,MOV108045,4,02-23-20
U000018,MOV102294,3,12-14-22
U000048,MOV119568,5,09-21-24
U000002,MOV119635,3,10-07-24
U000001,MOV118556,1,12-14-15
U002191,MOV100006,3,08-13-25
U000001,MOV100006,1,05-16-23
U000057,MOV106389,4,06-22-25
U000072,MOV105990,2,08-31-16
U000002,MOV101108,5,09-11-24
U002803,MOV114993,4,05-01-19
U000063,MOV115434,3,04-24-23
U000323,MOV117780,5,01-10-20
U000001,MOV112065,5,01-29-24
U003883,MOV119635,5,09-25-17
U000002,MOV100713,3,05-27-21
U000002,MOV109824,4,02-08-19
U000002,MOV114670,,11-23-19
U000006,MOV103722,4,05-27-23
U000001,MOV108647,4,06-15-25
U001297,MOV103350,4,10-20-25
U000060,MOV119635,4,09-17-18
U000001,MOV119635,3,07-09-22
U000045,MOV100006,5,07-18-23
U000011,MOV100557,,07-28-19
U000001,MOV105396,2,06-29-20
U000014,MOV116470,3,04-01-22
U000003,MOV103605,4,08-08-25
U000001,MOV116550,2,08-08-23
U000020,MOV114570,,01-11-23
U000001,MOV101108,4,03-20-24
U000001,MOV108983,4,12-21-25
U000272,MOV104768,5,07-28-25
U000001,MOV105731,3,08-21-21
U000242,MOV105764,4,10-10-16
U000005,MOV100006,1,09-10-18
U000045,MOV118828,5,03-18-16
U000006,MOV119635,4,12-11-20
U000432,MOV116203,4,02-12-20
U000059,MOV106037,4,07-17-25
U003114,MOV114956,3,11-16-18
U000001,MOV119272,4,07-12-20
U000026,MOV112981,4,10-01-22
U000004,MOV113048,4,11-13-19
U000020,MOV102271,2,03-08-15
U000002,MOV112232,3,02-04-25
U000061,MOV110026,3,12-20-24
U000016,MOV110790,4,05-30-19
U000009,MOV109221,5,03-11-25
U000004,MOV106853,5,03-14-17
U000025,MOV119635,3,01-18-23
U000090,MOV105990,4,10-08-18
U000002,MOV105990,4,02-18-22
U000005,MOV107227,4,05-19-18
U000014,MOV100006,5,11-17-20
U000015,MOV101237,4,02-01-20
U000014,MOV112232,3,07-24-20
U000001,MOV109947,5,02-21-24
U000010,MOV107257,4,02-10-16
U000018,MOV114626,5,01-18-22
U000019,MOV100006,2,07-21-23
U000018,MOV114780,2,11-11-24
U000028,MOV119635,4,10-24-20
U003155,MOV103091,5,03-17-21
U000182,MOV119635,4,04-28-25
U000013,MOV100006,4,07-16-15
U000044,MOV114993,3,05-24-19
U001123,MOV109221,4,02-26-20
U000001,MOV116203,3,02-01-19
U000046,MOV116848,5,07-24-23
U000520,MOV100006,4,07-09-25
U000001,MOV107095,4,11-22-21
U000010,MOV111936,5,07-07-25
U000130,MOV105534,4,06-26-22
U000004,MOV100542,2,12-13-23
U000108,MOV100006,2,11-28-20
U000430,MOV102916,1,04-02-24
U000002,MOV107913,4,02-22-24
U000002,MOV110790,4,07-21-21
U000015,MOV113223,5,09-05-23
U000136,MOV112718,4,12-01-16
U000744,MOV105990,5,09-24-18
U001602,MOV109504,3,05-24-23
U000018,MOV109340,3,11-28-20
U000001,MOV112114,4,09-18-17
U000001,MOV108647,4,08-24-24
U001263,MOV101328,3,12-10-24
U000001,MOV119587,5,01-10-23
U000001,MOV116536,4,03-02-23
U000001,MOV100006,,12-10-22
U000488,MOV111768,3,09-23-24
U000002,MOV119635,1,11-17-19
U000036,MOV101108,5,09-23-19
U000160,MOV100751,5,01-04-25
U000019,MOV110828,4,03-27-25
U000014,MOV108984,3,04-04-21
U000001,MOV110292,4,05-05-19
U000596,MOV109824,4,07-23-24
U000554,MOV100006,4,12-19-25
U000001,MOV104768,4,12-09-22
U000028,MOV105990,3,04-18-16
U000001,MOV110026,5,01-21-17
U000029,MOV103605,3,02-25-20
U000026,MOV112450,4,09-01-17
U000002,MOV109221,5,08-09-25
U000010,MOV111058,4,12-06-22
U000076,MOV101122,5,10-01-22
U000001,MOV115413,4,06-16-24
U000001,MOV102769,1,02-27-19
U001240,MOV116710,4,11-07-21
U000022,MOV119272,5,09-17-25
U000001,MOV109221,5,10-17-21
U000657,MOV119722,4,11-11-24
U000286,MOV119136,2,11-26-19
U000002,MOV114042,4,08-16-23
U000013,MOV100006,4,03-31-20
U000022,MOV115284,2,08-23-25
U000118,MOV116758,3,08-10-18
U000022,MOV119635,1,05-07-21
U000001,MOV100006,1,02-12-23
U000019,MOV111271,3,05-08-21
U000001,MOV114095,4,10-23-23
U000018,MOV119272,4,11-10-25
U000007,MOV100542,1,09-11-24
U000001,MOV113330,4,09-27-25
U000127,MOV100557,3,08-29-25
U000003,MOV100006,4,07-18-16
U000007,MOV119635,4,07-19-25
U002208,MOV100006,2,03-02-25
U000005,MOV110790,3,03-29-21
U002368,MOV101108,4,11-26-21
U000002,MOV100006,4,11-19-25
U001627,MOV105990,4,08-01-24
U000384,MOV119635,4,06-02-23
U000010,MOV100006,2,09-23-19
U000001,MOV105506,4,11-11-25
U000001,MOV105644,4,01-30-23
U000016,MOV108387,3,08-18-25
U000058,MOV119272,3,09-08-23
U000667,MOV119635,2,01-19-19
U000050,MOV107795,1,05-26-25
U000001,MOV115671,4,06-27-25
U000002,MOV104768,5,07-04-23
U000070,MOV100006,5,08-22-23
U000052,MOV115671,4,10-02-24
U000006,MOV118556,3,07-21-23
U000001,MOV119272,2,12-03-16
U000024,MOV119272,4,03-27-21
U002148,MOV101681,3,07-26-20
U000191,MOV104805,3,08-12-25
U000002,MOV110687,2,06-01-21
U000001,MOV101840,4,11-17-25
U000312,MOV115268,2,05-20-22
U000043,MOV110026,4,11-24-19
U000001,MOV105764,4,02-11-24
U000141,MOV105990,5,03-13-25
U000001,MOV116255,3,07-24-19
U000002,MOV108419,5,08-21-24
U000008,MOV103605,5,07-10-19
U000780,MOV100557,4,01-17-16
U000026,MOV119635,4,01-10-23
U000002,MOV116580,4,09-19-25
U000682,MOV119635,4,11-17-16
U003189,MOV104768,4,07-15-20
U000006,MOV114626,4,10-11-23
U000715,MOV100355,4,07-27-24
U001192,MOV109221,1,07-28-18
U000027,MOV112114,5,04-10-24
U000002,MOV119635,3,11-28-25
U001493,MOV117251,3,04-20-22
U000023,MOV109221,2,02-08-19
U000055,MOV105112,4,03-31-23
U000001,MOV106710,5,10-18-19
U000248,MOV116336,4,11-28-23
U000003,MOV113048,5,10-07-25
U000001,MOV119635,4,03-17-23
U000019,MOV107418,1,10-29-22
U000068,MOV103549,3,05-29-21
U000076,MOV105990,1,02-11-17
U000026,MOV105222,4,12-30-18
U000001,MOV108342,2,11-23-22
U000670,MOV119635,2,01-08-25
U001028,MOV119635,,01-27-25
U000003,MOV102189,4,03-19-19
U000007,MOV107004,1,05-06-22
U000016,MOV118556,5,08-12-23
U000019,MOV119204,5,06-23-21
U001097,MOV106689,4,12-20-16
U000118,MOV116549,3,10-02-22
U000001,MOV114413,3,10-14-24
U000005,MOV101871,3,04-28-19
U000001,MOV111748,5,07-16-21
U000054,MOV100006,4,08-22-24
U000015,MOV110800,2,09-19-23
U000002,MOV112136,3,12-14-23
U000048,MOV114993,3,04-12-21
U000005,MOV118556,3,11-07-25
U000001,MOV119272,4,07-28-24
U000023,,3,11-19-24
U000004,MOV106380,3,10-17-19
U000005,MOV112232,4,09-14-21
U000004,MOV113551,4,12-05-25
U000005,MOV119272,2,11-07-20
U000001,MOV111282,5,12-24-19
U000046,MOV113603,5,08-01-24
U000003,MOV119635,5,01-24-25
U000001,MOV103962,2,01-31-25
U000047,MOV100006,3,04-24-25
U000001,MOV111637,4,12-22-19
U002825,MOV119204,3,04-18-23
U000018,MOV113766,4,12-14-20
U002779,MOV109166,4,02-02-22
U000007,MOV106333,4,05-10-24
U001574,MOV119635,4,05-30-19
U000069,MOV100006,3,11-05-19
,MOV109166,3,11-09-21
U000086,MOV116181,5,07-09-25
U000001,MOV109757,4,09-04-19
U002647,MOV101562,2,04-13-21
U000696,MOV108508,4,02-12-23
U000001,MOV119635,3,07-27-24
U002857,MOV116470,1,02-25-16
U000484,MOV100006,4,09-22-25
U000001,MOV111034,4,10-09-21
U000009,MOV102473,4,03-09-20
U000004,MOV117948,2,11-15-24
U000007,MOV118510,3,03-14-25
U000001,MOV110018,5,09-27-22
U000002,MOV119260,4,07-17-23
U000006,MOV112632,,05-10-25
U000108,MOV100006,5,01-09-20
U000001,MOV106834,4,01-25-23
U000002,MOV110026,4,09-27-16
U000002,MOV110026,3,01-16-19
U000012,MOV103334,4,06-13-21
U000005,MOV104768,5,06-20-23
U000136,MOV104436,1,08-07-23
U000003,MOV101108,3,07-17-17
U000300,MOV118556,3,01-01-22
U000001,MOV113048,4,07-16-21
U000003,MOV102024,3,06-26-25
U000029,MOV113463,3,05-07-17
U000003,MOV110828,4,09-04-22
U000005,MOV119635,3,10-31-20
U000001,MOV105990,4,11-23-16
U000001,MOV104396,3,04-06-25
U000271,MOV100006,3,03-30-21
U000042,MOV108984,2,09-24-19
U000242,MOV119635,2,10-14-20
U000640,MOV110026,5,08-12-19
U000002,MOV116956,4,10-10-19
U000002,MOV101448,5,07-16-23
U000011,MOV114872,1,05-31-23
U000019,MOV100006,4,04-01-24
U000001,MOV101108,3,08-19-24
U000001,MOV118988,4,12-18-25
U000250,MOV108455,,08-14-16
U000001,MOV109524,3,03-18-18
U000001,MOV100006,4,04-14-25
U000093,MOV105896,4,05-22-22
U000060,MOV100831,5,12-27-15
U000015,MOV117962,4,07-11-24
U000009,MOV111244,3,12-12-25
U000117,MOV119635,3,06-30-18
U003490,MOV101539,5,06-05-23
U003076,MOV100006,3,07-14-24
U000005,MOV100006,4,08-14-22
U000045,MOV113048,2,11-05-23
U000006,MOV103397,2,07-30-24
U000001,MOV119635,4,07-15-23
U003896,MOV116181,2,12-23-19
U000003,MOV119272,3,06-10-23
U000370,MOV116741,3,12-04-24
U000003,MOV111360,4,01-12-24
U000012,MOV103017,4,03-21-19
U000004,MOV106037,5,12-19-16
U000002,MOV103610,4,01-23-25
U000007,MOV105990,4,12-09-25
U000006,MOV105645,1,09-26-20
U001247,,2,12-23-24
U000002,MOV103605,4,02-17-24
U000001,MOV101387,4,06-22-22
U000001,MOV114993,4,12-06-23
U000001,MOV115032,4,11-23-23
U000001,MOV100006,2,12-17-19
U003279,MOV119204,3,03-18-23
U000017,MOV112097,3,11-08-17
U000057,MOV111472,4,09-21-21
U000306,MOV119635,3,07-30-21
U000001,MOV110953,3,12-17-25
U000046,MOV105228,4,01-14-21
U000002,MOV100006,4,01-02-21
U000019,MOV113048,3,09-27-24
U000001,MOV104774,3,04-01-22
U000365,MOV119635,1,08-23-25
U000121,MOV103182,3,06-01-20
U000172,MOV112903,2,03-15-25
U000010,MOV113048,4,01-26-19
U000008,MOV105272,2,02-19-19
U000001,MOV108613,3,07-21-22
U000467,MOV117599,5,07-19-17
U000005,MOV100006,5,03-27-22
U000070,MOV119204,3,10-02-24
U000032,MOV111044,5,05-10-17
U000002,MOV113384,4,01-15-24
U000003,MOV109221,4,05-05-17
U000058,MOV116488,3,01-01-23
U003170,MOV116956,3,06-04-16
U000001,MOV108348,1,05-06-15
U000010,MOV102295,1,11-28-19
U002841,MOV119635,3,03-04-24
U000377,MOV108973,4,03-10-22
U000020,MOV104833,4,12-03-20
U000003,MOV110541,5,
U000001,MOV103433,5,06-20-23
U000003,MOV116057,3,07-30-15
U000020,MOV119635,2,06-30-23
U000001,MOV118513,4,06-29-23
U000053,MOV109221,3,06-26-25
U000035,MOV111271,3,08-15-23
U000685,MOV100006,5,04-28-22
U000007,MOV114784,4,12-12-24
U000011,MOV107898,4,05-20-24
U000005,MOV114485,3,10-29-21
U000007,MOV114626,3,04-23-25
U000188,MOV118556,2,12-02-20
U000146,MOV107846,2,01-11-20
U000016,MOV116705,3,02-23-25
U000002,MOV101108,3,12-05-19
U000008,MOV110262,3,12-19-25
U000001,MOV113956,5,02-04-23
U000154,MOV100359,4,08-21-20
U000001,MOV116966,4,07-14-25
U000001,MOV101937,4,01-23-24
U000028,MOV100006,3,01-20-24
U000219,MOV100006,4,11-17-19
U000002,MOV110790,3,03-25-24
U000243,MOV119272,3,11-18-25
U000007,MOV119272,1,07-20-19
U000001,MOV119635,4,03-22-25
U000003,MOV114050,4,11-06-23
U000049,MOV104507,4,08-24-22
U000002,MOV108690,4,09-17-16
U000001,MOV113766,5,10-23-24
U000003,MOV105640,5,11-30-24
U000005,MOV100006,4,07-13-19
U000119,MOV114993,4,12-25-17
U002675,MOV106380,2,09-30-15
U000001,MOV100006,4,08-19-23
U000129,MOV117629,5,09-14-21
U000600,MOV119635,4,10-06-20
U000029,MOV115020,2,04-10-21
U000001,MOV118531,5,09-06-15
U000008,MOV116001,4,12-13-25
U000001,MOV100066,3,06-16-17
U000072,MOV111671,4,09-22-19
U000040,MOV105990,4,10-07-25
U000049,MOV106037,4,10-24-21
U000001,MOV116203,1,10-26-23
U000026,MOV105644,3,01-04-23
U000001,MOV100557,5,03-07-25
U000277,MOV100006,3,09-15-23
U000001,MOV105644,5,10-21-25
U000001,MOV104270,4,05-11-23
U000006,MOV109759,4,02-22-25
U000011,MOV100006,5,09-19-23
U001318,MOV100006,3,
U000001,MOV110437,5,05-14-15
U000058,MOV101108,1,02-27-23
U000079,MOV100006,4,10-04-19
U000022,MOV100006,4,01-06-23
U000004,MOV119188,5,04-18-19
U000004,MOV115686,3,11-24-22
U000003,MOV118988,4,04-25-22
U000013,MOV119635,4,05-02-25
U000040,MOV106883,4,08-12-22
U000001,MOV119204,4,02-06-25
U000003,MOV100880,3,05-22-25
U000047,MOV104233,1,03-20-24
U000003,MOV115413,3,06-26-22
U000001,MOV103262,4,11-16-22
U000002,MOV110253,5,09-08-23
U000001,MOV110304,4,09-05-19
U000021,MOV111550,4,10-27-23
U000009,MOV101027,2,06-18-22
U000001,MOV100006,1,11-30-24
U000023,MOV119272,4,01-31-25
U000060,MOV105990,4,03-15-20
U000141,MOV102124,4,10-04-25
U000010,MOV111020,3,05-06-22
U000001,MOV110790,2,09-08-17
U000001,MOV119635,5,11-02-22
U000027,MOV104804,5,09-01-16
U000069,MOV119186,3,09-09-23
U000005,MOV118556,4,03-05-25
U000008,MOV101266,4,08-26-25
U000117,MOV111179,2,10-11-16
U000001,MOV100006,3,03-20-18
U000010,MOV100239,5,05-27-17
U000025,MOV112960,3,10-31-20
U000002,MOV100006,2,01-03-23
U000057,MOV101108,3,09-21-24
U000005,MOV106316,1,11-15-20
U000090,MOV100006,1,10-18-24
U000086,MOV113753,4,04-01-25
U000002,MOV100006,1,09-15-22
U000062,MOV104883,4,11-12-25
U000499,MOV104286,3,02-06-18
U000010,MOV110067,3,06-30-18
U000001,MOV114601,4,09-05-23
U000006,MOV102551,4,06-13-25
U000025,MOV106452,4,06-06-20
U000003,MOV100006,5,11-20-19
U000005,MOV114993,4,04-03-23
U000040,MOV106104,5,06-27-24
U000145,MOV100006,4,06-05-24
U000071,MOV116131,3,10-12-21
U000001,MOV118736,5,07-12-18
U001603,MOV110026,4,05-08-20
U000003,MOV106619,4,03-23-23
U000001,MOV109140,1,10-13-23
U000003,MOV119272,3,07-15-20
U000171,MOV106026,4,01-08-24
U000081,MOV119635,3,07-29-16
U000333,MOV110475,4,11-29-22
U000001,MOV112959,1,05-09-25
U000003,MOV109221,5,06-05-20
U000007,MOV116956,4,07-05-17
U000047,MOV105438,2,06-02-18
U000006,MOV119204,3,07-06-21
U001040,MOV119635,1,07-04-24
U000012,MOV100751,3,09-19-25
U000231,MOV118828,5,10-11-24
U000037,MOV100006,4,03-30-21
U000001,MOV105558,4,07-09-19
U000006,MOV110018,4,11-10-21
U000001,MOV109288,5,04-20-23
U000001,MOV103125,4,09-30-24
U000001,MOV103334,4,08-19-25
U002166,MOV119635,4,05-30-25
U001486,MOV118545,2,03-28-22
U000001,MOV105896,3,08-31-25
U000002,MOV116597,4,08-19-24
U000002,MOV105990,2,10-15-19
U000001,MOV111859,2,06-22-21
U000038,MOV113048,4,12-31-23
U000008,MOV100208,3,05-08-22
U000097,MOV110460,3,09-12-22
U000001,MOV117251,3,09-28-23
U000003,MOV105990,4,07-17-18
U000025,MOV100006,4,12-04-25
U000051,MOV112462,5,03-07-21
U000075,MOV105990,3,06-03-25
U000002,MOV117879,4,03-06-24
U000030,MOV115929,3,
U000011,MOV100751,2,09-13-25
U003473,MOV104768,4,05-05-22
U000006,MOV109221,4,10-20-25
U000002,MOV100006,5,01-30-24
U000070,MOV105644,3,11-12-22
U000002,MOV109092,4,01-08-24
U000001,MOV119272,4,02-15-25
U000750,MOV119272,4,05-04-22
U000028,MOV117615,3,10-27-25
U000023,MOV100006,5,04-30-16
U000002,MOV109793,5,07-02-21
U000102,MOV116383,4,10-31-18
U000015,MOV119204,3,11-10-25
U000045,MOV100006,4,08-08-25
U000006,MOV106730,2,04-12-23
U000026,MOV100006,5,05-04-25
U000026,MOV115100,1,06-23-25
U000004,MOV100006,4,12-21-21
U000001,MOV119635,3,08-24-25
U000002,MOV111159,3,03-29-25
U000016,MOV110388,5,04-02-22
U001754,MOV117885,4,11-16-15
U000010,MOV104436,2,12-01-24
U000001,MOV101397,4,06-15-25
U000012,MOV100831,4,10-22-24
U000002,MOV105990,3,08-25-15
U000010,MOV119660,4,05-21-16
U000058,MOV117948,4,08-30-20
U000001,MOV114710,2,07-11-25
U001422,MOV117948,3,11-30-22
U000006,MOV100006,4,05-18-23
U000001,MOV103091,4,11-16-25
U000001,MOV104244,4,07-07-23
U000585,MOV108588,3,02-11-22
U000435,MOV119635,5,03-25-21
U000011,MOV119272,3,10-19-24
U000003,MOV118556,4,05-24-25
U000002,MOV117511,4,07-02-16
U000002,MOV114896,5,04-04-22
U000001,MOV105463,5,05-09-20
U000001,MOV100557,2,02-13-21
U000007,MOV117287,5,08-14-19
U000001,MOV116778,2,06-01-25
U000006,MOV116203,5,09-06-23
U000021,MOV119204,4,04-12-21
U000008,MOV105990,3,10-04-24
U000098,MOV119635,2,04-26-19
U000414,MOV117948,2,07-08-20
U000492,MOV111849,2,03-01-17
U000001,MOV110294,5,08-06-20
U000008,MOV119272,4,03-23-21
U000001,MOV105077,5,04-08-22
U001103,MOV117652,3,09-12-23
U000069,MOV106689,4,05-02-21
U000004,MOV119635,4,02-28-21
U000397,MOV103605,4,06-01-21
U000002,MOV119635,5,09-24-25
U002646,MOV119635,1,07-22-25
U000002,MOV119635,4,02-01-19
U000001,MOV119635,2,07-02-23
U000002,MOV105990,4,11-15-23
U000006,MOV101396,4,12-18-22
U000068,MOV119635,2,06-18-17
U000078,MOV114784,2,02-08-25
U000009,MOV106838,5,04-17-20
U000002,MOV110026,3,03-03-16
U000001,MOV116169,4,09-24-18
U000029,MOV113599,5,05-01-21
U000017,MOV115251,5,08-14-23
U000008,MOV101108,4,11-24-23
U000002,MOV115627,5,08-18-19
U000173,MOV100491,3,01-16-18
U000024,MOV105669,5,09-22-25
U000008,MOV111029,3,08-14-25
U001500,MOV110674,5,05-07-22
U000004,MOV106380,3,02-21-19
U000001,MOV100006,4,04-10-23
U000001,MOV100006,3,01-22-25
U000011,MOV107058,4,03-30-18
U000001,MOV100006,4,08-14-22
U000533,MOV103605,3,03-02-25
U001146,MOV107745,4,04-11-18
U000337,MOV110699,2,09-01-23
U000008,MOV100006,4,11-24-25
U001396,MOV113243,4,08-15-20
U004028,MOV103017,4,01-12-19
U000006,MOV114784,2,01-21-19
U003245,MOV108029,5,03-12-24
U000012,MOV100006,3,11-06-25
U000006,MOV105990,3,01-03-18
U000149,MOV104307,5,08-22-25
U000231,MOV100006,4,09-04-25
U000001,MOV100006,4,05-29-23
U000010,MOV101539,5,11-01-21
U000003,MOV112344,3,11-29-25
U000008,MOV110030,3,05-26-25
U000028,MOV109221,5,12-30-23
U000002,MOV103759,5,06-02-23
U000002,MOV117313,4,02-27-21
U000001,MOV114856,2,12-05-23
U000008,MOV114961,3,08-11-23
U000002,MOV111034,3,04-14-22
U000002,MOV113048,1,04-04-15
U002388,MOV111671,5,05-13-25
U000003,MOV107457,3,08-30-25
U000192,MOV107912,4,07-13-20
U000001,MOV118126,5,01-27-22
U000071,MOV116203,2,05-11-21
U001309,MOV109264,4,04-06-19
U000002,MOV100006,4,05-21-23
U000003,MOV100569,4,11-21-21
U003305,MOV101462,4,11-08-18
U001125,MOV100006,3,09-28-24
U000030,MOV100006,4,06-18-20
U000012,MOV110026,4,04-19-15
U000004,MOV115620,5,07-20-18
U003265,MOV100441,,03-06-23
U000151,MOV100016,2,04-17-25
U000010,MOV107386,,01-08-19
U000143,MOV100006,4,02-05-19
U000117,MOV100574,1,02-08-22
U000024,MOV111852,3,02-11-25
U000001,MOV109221,5,05-09-20
U001929,MOV119272,3,07-19-21
U000001,MOV116741,5,02-01-24
U000013,MOV100613,3,08-13-17
U000031,MOV109221,4,06-29-24
U000115,MOV116353,3,12-29-21
U000003,MOV109221,4,01-17-20
U000385,MOV100006,4,02-15-22
U000765,MOV105990,3,03-09-21
U000003,MOV108653,5,04-15-24
U000542,MOV117421,4,01-05-21
U000003,MOV116760,3,03-01-24
U000002,MOV116956,4,07-04-25
U000002,MOV116787,5,07-07-24
U000001,MOV102372,5,09-15-23
U000001,MOV104629,5,02-05-21
U000138,MOV116203,3,01-23-22
U003419,MOV103323,5,12-16-18
U003113,MOV110351,3,01-11-23
U000006,MOV102617,4,07-31-18
U000004,MOV110325,4,06-13-25
U000003,MOV101108,2,10-01-23
U000001,MOV117851,4,01-17-25
U000005,MOV105715,3,11-23-23
U000001,MOV106525,3,03-03-23
U001039,MOV100006,4,02-20-21
U000261,MOV104768,3,05-06-18
U000001,MOV110790,3,08-14-24
U000002,MOV106699,4,12-08-25
U000002,MOV119635,3,09-29-24
U000004,MOV105990,5,02-10-24
U000013,MOV106452,5,06-15-25
U000315,MOV103882,4,10-18-25
U000905,MOV105896,4,12-23-21
U000011,MOV100006,4,09-23-21
U000001,MOV104018,5,12-01-25
U000137,MOV110475,1,07-19-25
U000001,MOV116240,3,09-01-21
U000001,MOV119272,5,11-07-22
U000206,MOV103334,3,04-27-18
U000003,MOV119635,3,11-26-15
U000008,MOV107817,5,07-22-25
U000009,MOV119026,4,05-31-19
U000007,MOV100006,1,03-29-22
U000003,MOV104601,3,09-26-21
U000298,MOV107386,3,10-04-23
U000019,MOV107434,2,05-03-15
U000003,MOV119635,5,11-21-24
U000001,MOV114424,5,10-05-24
U003892,MOV105990,4,09-15-25
U000003,MOV117349,5,05-02-22
U000015,MOV117648,3,07-14-23
U000491,MOV109280,3,01-09-24
U000004,MOV100006,4,12-21-21
U001057,MOV109221,4,04-18-25
U002834,MOV110015,2,12-18-24
U000001,MOV117851,4,09-06-19
U001461,MOV103605,3,04-26-22
U000002,MOV117948,4,11-05-22
U000004,MOV100557,4,12-01-24
U000001,MOV119204,4,05-25-17
U000006,MOV114626,4,12-25-23
U000001,MOV109874,4,09-24-20
U000050,MOV110868,1,05-16-22
U000007,MOV111271,4,03-02-22
U000001,MOV100713,3,
U000042,MOV107259,4,01-19-24
U000219,MOV114626,4,09-14-22
U000240,MOV109221,5,08-27-25
U000001,MOV100006,3,11-06-24
U000006,MOV110475,3,11-23-21
U000052,MOV105990,2,08-13-25
U000014,MOV119272,4,02-16-24
U000001,MOV109223,5,10-08-21
U000002,MOV105764,3,03-19-25
U000003,MOV107794,4,11-25-19
U000077,MOV117948,3,05-31-19
U000423,MOV109221,3,09-17-19
,MOV100006,4,09-21-17
U000001,MOV100006,3,09-29-21
U000001,MOV119635,3,12-14-21
U000001,MOV109166,5,06-18-22
U000107,MOV107961,3,01-17-23
U000197,MOV100006,3,06-29-22
U000065,MOV113048,4,06-18-25
U000025,MOV114626,5,11-02-20
U002494,MOV100006,5,08-12-18
U000038,MOV107017,2,01-26-25
U000006,MOV111999,4,01-09-21
U000005,MOV114015,3,10-05-17
U000002,MOV117793,3,05-23-23
U000001,MOV101108,3,04-29-25
U000001,MOV101108,2,12-21-22
U000007,MOV110351,1,09-11-17
U000003,MOV100006,5,03-30-25
U000003,MOV118556,4,10-22-25
U000251,MOV103147,1,11-29-21
U000014,MOV119635,3,10-26-23
U000002,MOV100006,3,06-29-23
U000001,MOV114896,5,11-19-23
U000034,MOV111451,1,11-29-21
U000810,MOV100006,2,04-18-19
U000071,MOV101108,3,09-09-25
U000001,MOV116956,1,09-06-21
U000060,MOV112232,4,05-08-21
U000020,MOV100006,5,09-07-23
U000012,MOV114626,4,05-05-25
U000001,MOV117698,5,12-31-25
U000009,MOV103643,5,03-17-25
U000775,MOV118510,5,06-12-25
U000052,MOV114626,5,09-29-16
U000006,MOV105990,5,04-29-25
U000003,MOV101539,3,01-12-19
U000009,MOV111328,5,12-14-19
U000003,MOV101539,4,03-21-21
U000002,MOV117604,4,09-14-18
U000013,MOV101613,4,03-16-19
U000031,MOV105990,3,03-17-25
U000003,MOV104028,4,11-22-23
U000006,MOV113841,4,10-12-24
U000011,MOV114317,3,10-29-25
U000728,MOV100006,3,10-11-25
U000865,MOV103122,2,04-05-17
U000064,MOV100006,4,12-24-24
U000763,MOV119635,,04-21-19
U000054,MOV100006,3,10-15-25
U000001,MOV100831,4,12-19-21
U000229,MOV101681,4,06-11-15
U000031,MOV119635,5,06-24-16
U000001,MOV106834,3,06-11-24
U000054,MOV101120,1,01-05-25
U000285,MOV105990,5,03-23-24
U000001,MOV113048,4,12-13-22
U000052,MOV101404,5,06-21-18
U000001,MOV113766,4,07-04-18
U000002,MOV113900,5,04-11-25
U000001,MOV104873,5,12-28-25
U000013,MOV118335,2,07-01-25
U000012,MOV118111,3,08-24-19
U000007,MOV103605,2,04-11-16
U002430,MOV115434,4,10-27-21
U000099,MOV106931,4,01-17-21
U000521,MOV116470,5,05-29-25
U001909,MOV105990,1,10-20-19
U000004,MOV103125,5,02-02-22
U000002,MOV102289,4,11-27-25
U000002,MOV103993,3,09-26-21
U000303,MOV119635,4,05-15-15
U000016,MOV116181,3,04-09-25
U002550,MOV105896,5,08-20-23
U000705,MOV115409,3,07-23-25
U000001,MOV100713,,07-09-22
U000009,MOV116000,4,01-05-20
U000002,MOV119635,2,02-01-24
U000007,MOV119635,4,08-10-25
U000134,MOV108836,3,10-06-23
U000067,MOV114626,4,08-15-25
U000012,MOV106061,4,11-20-19
U000007,MOV112632,3,08-01-19
U000045,MOV113048,1,02-28-21
U000167,MOV105990,4,02-08-18
U001064,MOV105896,5,03-18-25
U000709,MOV101108,5,11-07-25
U003739,MOV116835,5,04-04-22
U000002,MOV118556,4,10-27-25
U001436,MOV105990,5,04-17-22
U000001,MOV101108,3,10-09-20
U000002,MOV100006,3,05-21-21
U002739,MOV106021,4,04-20-15
U000001,MOV100006,4,10-21-22
U000001,MOV110934,4,02-06-22
U000007,MOV100006,3,04-30-18
U000013,MOV109221,4,08-31-17
U000001,MOV100006,5,05-18-21
U000034,MOV109461,4,09-22-20
U000004,MOV103562,3,06-28-24
U000017,MOV104262,2,09-04-25
U000004,MOV119635,4,07-23-23
U000006,MOV110544,5,04-19-25
U000801,MOV101083,5,05-12-21
U000005,MOV114896,3,06-18-21
U000428,MOV112439,4,11-20-24
U000062,MOV115403,4,09-23-19
U000014,MOV105990,2,04-17-22
U000001,MOV117948,4,11-18-23
U000022,MOV119288,3,11-10-24
U000015,MOV104937,4,09-21-25
U000012,MOV114993,4,10-11-19
U000069,MOV100006,4,03-22-17
U003731,MOV115929,4,05-14-25
U000046,MOV100006,4,07-10-19
U000002,MOV103605,2,02-06-22
U000011,MOV101084,5,04-06-19
U000944,MOV100006,4,01-27-25
U000099,MOV110026,3,10-28-25
U000251,MOV110418,5,11-23-19
U000454,MOV113048,4,09-01-23
U000252,MOV114626,4,03-17-18
U000041,MOV114935,3,08-11-19
U000021,MOV101687,4,12-13-22
U000085,MOV108973,3,06-18-23
U002990,MOV119164,4,10-03-21
U001813,MOV103125,3,03-19-24
U000017,MOV118556,4,12-08-21
U000003,MOV113482,4,11-04-21
U000049,MOV101108,4,08-04-18
U000029,MOV101202,5,08-31-25
U000014,MOV113048,1,08-18-22
U000022,MOV108449,4,08-16-20
U000002,MOV101840,2,02-28-19
U000009,MOV116052,4,
U000025,MOV102164,3,09-09-25
U000001,MOV106689,4,08-21-16
U000030,MOV116813,1,08-18-25
U000003,MOV119635,1,01-18-25
U000002,MOV101081,3,05-27-15
U000001,MOV111025,4,11-27-25
U001169,MOV112232,5,07-13-21
U000720,MOV100006,4,02-24-23
U000001,MOV109340,5,01-31-24
U000001,MOV117167,5,04-01-23
U000001,MOV102956,4,06-05-18
U000002,MOV115344,4,05-15-22
U000050,MOV105990,4,02-03-23
U000036,MOV108858,5,10-15-22
U000189,MOV101202,4,04-20-25
U000012,MOV110026,3,06-23-23
U000103,MOV117066,4,10-10-15
U003644,MOV119635,3,07-08-15
U000158,MOV100006,4,10-19-19
U000035,MOV107066,2,08-22-16
U000003,MOV118556,2,11-07-17
U000006,MOV104038,4,11-17-18
U000010,MOV100006,3,07-31-25
U000012,MOV100831,4,01-17-23
U000001,MOV108576,2,04-25-23
U000001,MOV103610,4,05-15-22
U000456,MOV113048,3,12-06-20
U000762,MOV100006,1,10-17-22
U000005,MOV110828,3,07-27-25
U000001,MOV106037,5,12-20-21
U000005,MOV113573,2,12-10-23
U000003,MOV100006,4,06-04-21
U000149,MOV103605,2,08-31-24
U002736,MOV104629,3,05-21-25
U000005,MOV119272,4,08-10-22
U000004,MOV114896,5,09-13-20
U000002,MOV110828,1,09-12-24
U003049,MOV119635,,06-20-25
U000002,MOV117812,1,02-27-25
U000012,MOV101202,4,03-07-22
U000006,MOV107665,3,01-11-25
U000001,MOV105715,4,09-09-25
U000009,MOV100454,4,12-22-16
U000103,MOV118342,3,08-11-18
U000001,MOV100006,4,07-06-22
U000002,MOV110790,4,12-12-25
U000007,MOV100006,3,12-28-24
U000056,MOV101681,4,03-18-24
U000076,MOV100427,5,09-08-24
U000086,MOV101237,3,03-31-20
U004186,MOV118474,4,11-11-23
U000003,MOV103125,5,11-01-25
U000001,MOV100006,5,06-22-17
U000003,MOV105990,3,10-01-23
U000014,MOV119272,2,07-15-21
U000003,MOV100630,3,09-21-19
U000013,MOV102061,4,04-25-21
U004062,MOV119635,4,03-30-21
U000006,,5,03-14-22
U000001,MOV100006,3,01-02-23
U000001,MOV100006,4,06-23-24
U000001,MOV111000,4,08-10-25
U000001,MOV100099,3,07-14-21
U000001,MOV100557,4,10-06-23
U000001,MOV102047,5,07-08-24
U000025,MOV114993,4,04-12-23
U000121,MOV110262,2,02-07-19
U001220,MOV105267,4,02-24-16
U000072,MOV105990,3,11-20-18
U000001,MOV100006,1,
U000048,MOV100006,2,03-20-22
U000005,MOV107687,1,11-13-25
U000010,MOV119272,5,05-23-24
U001884,MOV111434,5,04-09-22
U000446,MOV105990,1,11-17-17
U000001,MOV112130,3,03-04-21
U001596,MOV113048,4,02-10-24
U001108,MOV104924,4,03-08-25
U000002,MOV111308,5,10-08-20
U000001,MOV100006,4,06-22-24
U000093,MOV112720,4,07-05-20
U000008,MOV106287,3,10-12-24
U000007,MOV104591,2,01-24-19
U000289,MOV105990,3,02-19-18
U000001,MOV106380,3,02-25-21
U003388,MOV118556,5,06-08-20
U000001,MOV100006,4,08-31-18
U000008,MOV117851,1,09-07-15
U000009,MOV114601,3,05-25-21
U000007,MOV100006,5,07-05-23
U000010,MOV109221,4,04-23-25
U000137,MOV118231,1,02-20-24
U000001,MOV105764,4,03-12-25
U000002,MOV118390,5,07-23-25
U000198,MOV100754,4,05-11-22
U000002,MOV117066,3,12-04-23
U000025,MOV101561,3,05-21-25
U000033,MOV100006,2,05-23-25
U000001,MOV117972,5,05-23-23
U000004,MOV117251,4,01-26-25
U000189,MOV119272,2,06-07-24
U000005,MOV100621,3,01-02-23
U000035,MOV106689,5,03-03-23
U000031,MOV114784,3,06-09-19
U000004,MOV105896,4,05-04-20
U000082,MOV114909,3,09-04-18
U002015,MOV119635,4,10-07-20
U000007,MOV100136,3,08-22-18
U000841,MOV101399,4,04-17-16
U000009,MOV114906,4,09-22-25
U000184,MOV106289,2,04-23-25
U000248,MOV103390,5,11-14-22
U000006,MOV116373,3,03-10-23
U001364,MOV106701,3,08-26-25
U000010,MOV106540,5,06-21-20
U000301,MOV112628,5,11-28-25
U000069,MOV105990,2,01-04-22
U000003,MOV104697,5,05-16-25
U000491,MOV114993,4,08-23-22
U000001,MOV103334,5,01-02-23
U000021,MOV116710,4,10-20-24
U000001,MOV105896,3,03-14-17
U004489,MOV116983,4,01-06-22
U000255,MOV116710,3,06-17-24
U000101,MOV114626,3,10-25-17
U000007,MOV100262,4,04-28-19
U002089,MOV101108,4,10-18-20
U000052,MOV119513,5,01-14-19
U000046,MOV100006,4,06-20-21
U000040,MOV115062,4,10-22-23
U000003,MOV106850,4,01-30-22
U000004,MOV114005,3,05-26-23
U000031,MOV119204,5,07-19-25
U000002,MOV111986,5,09-28-25
U000015,MOV105990,4,10-17-19
,MOV119225,3,01-15-23
U003173,MOV113048,4,06-21-23
U000002,MOV114626,5,11-06-22
U000009,MOV100006,4,10-23-19
U000001,MOV113048,2,06-05-22
U000393,MOV112922,4,02-07-17
U000004,MOV107070,4,
U000045,MOV106701,5,09-11-24
U000011,MOV100006,4,11-30-23
U000006,MOV116100,5,08-03-24
U000025,MOV116803,4,02-02-18
U000001,MOV100006,3,05-14-24
U000003,MOV104270,5,05-17-25
U000013,MOV115879,4,12-26-19
U000003,MOV116663,2,09-20-16
U000005,MOV119635,5,02-13-23
U000002,MOV100006,4,04-07-19
U000151,MOV119272,4,04-24-25
U000083,MOV116458,4,09-29-24
U000012,MOV108331,4,12-29-19
U000008,MOV101202,5,02-01-22
U000088,MOV116580,3,11-24-24
U000007,MOV103376,2,11-20-21
U000001,MOV107069,2,09-27-25
U000003,MOV118510,5,11-13-22
U001159,MOV100006,4,04-03-22
U000001,MOV119272,2,04-23-21
U000039,MOV104277,5,03-02-24
U000006,MOV106640,4,04-26-20
U000007,MOV100557,3,04-27-21
U000007,MOV116384,3,12-11-23
U000002,MOV116399,3,06-17-24
U000008,MOV107070,2,09-30-15
U000036,MOV116796,4,02-06-20
U000767,MOV107663,5,03-02-25
U000001,MOV119287,3,06-09-24
U000001,MOV110332,4,10-26-23
U000027,MOV108506,5,11-13-23
U000001,MOV119635,5,12-11-23
U001262,MOV113223,5,11-07-21
U000456,MOV114626,4,11-20-18
U000014,MOV105764,4,08-25-22
U000020,MOV119204,2,10-25-23
U000001,MOV115902,2,02-18-22
U000010,MOV117851,4,03-06-25
U000002,MOV108308,3,12-31-18
U000003,MOV119292,4,10-12-21
U000026,MOV101840,4,07-12-23
U001558,MOV113048,3,11-15-18
U002115,MOV105990,4,08-25-24
U000095,MOV119419,3,03-12-19
U002128,MOV100006,5,05-08-18
U000001,MOV106834,5,11-30-21
U000001,MOV113048,5,05-14-15
U000002,MOV119635,5,06-23-22
U000055,MOV113048,4,03-03-23
U000556,MOV118543,2,
U000168,MOV105990,4,12-24-20
U000067,MOV108700,4,05-06-15
U000001,MOV100006,4,07-27-25
U001372,MOV109340,3,10-06-25
U000002,MOV104436,4,09-23-23
U000001,MOV102020,3,05-22-25
U003996,MOV115826,3,04-09-24
U001940,MOV105990,5,12-13-16
U000001,MOV106272,3,06-04-24
U000001,MOV107795,2,08-09-24
U000001,MOV119635,4,05-14-23
U000097,MOV100012,4,08-01-24
U000003,MOV100006,3,08-20-15
U000112,MOV101108,4,07-29-23
U000001,MOV113048,4,12-09-24
U000001,MOV110790,2,11-04-18
U000032,MOV107912,5,07-10-20
U000008,MOV113560,5,11-16-20
U000001,MOV115902,2,10-14-17
U000001,MOV102507,1,12-15-23
U000010,MOV108388,5,12-12-21
U002084,MOV119635,2,05-25-24
U000004,MOV100006,5,11-04-20
U000018,MOV103684,5,10-03-16
U000017,MOV110026,4,07-25-18
U000072,MOV114652,4,07-01-25
U000005,MOV119272,4,05-19-20
U000009,MOV107227,4,03-26-16
U000001,MOV114663,2,07-23-24
U000002,MOV110790,4,05-02-22
U000140,MOV119635,4,05-27-19
U000001,MOV104768,2,04-14-20
U000002,MOV116803,1,06-16-23
U000003,MOV105768,5,02-19-25
U000001,MOV104494,3,
U000001,MOV117093,4,10-19-22
U000098,MOV114626,3,03-17-23
U000001,MOV100006,3,07-26-25
U000004,MOV100006,5,06-08-23
U000001,MOV109660,3,06-13-24
U000086,MOV117851,4,09-08-24
U000918,MOV107386,4,12-25-20
U000023,MOV119204,2,07-22-21
U000001,MOV112751,3,03-12-24
U000122,MOV117948,3,03-14-16
U000007,MOV106689,4,12-29-18
U000008,MOV104768,3,02-14-25
U000279,MOV119635,1,04-20-25
U000048,MOV117599,3,08-04-24
U000001,MOV101108,3,03-27-25
U000008,MOV115682,5,04-07-24
U000001,MOV111159,4,06-11-18
U000053,MOV119635,3,04-11-21
U000003,MOV119272,2,05-28-22
U000051,MOV100006,3,07-25-19
U000002,MOV101202,4,12-20-24
U000002,MOV109221,4,01-12-22
U000001,MOV118089,2,09-22-20
U000001,MOV100006,4,06-21-18
U000682,MOV108423,5,09-20-25
U000001,MOV109776,4,01-13-22
U000002,MOV113766,4,05-24-25
U000001,MOV100006,4,10-23-24
U001301,MOV101108,5,06-06-23
U001743,MOV119635,4,01-18-25
U000002,MOV119635,5,08-07-22
U000990,MOV114938,1,02-25-21
U000040,MOV116564,1,02-21-20
U000124,MOV117349,4,01-06-18
U000005,MOV100006,1,05-14-20
U000014,MOV105990,4,02-07-23
U000001,MOV106380,5,06-25-19
U000006,MOV119635,4,08-16-24
U003031,MOV118745,4,08-11-23
U000001,MOV102723,4,03-06-24
U002278,MOV108042,5,07-05-24
U000003,MOV100006,4,12-22-25
U000026,MOV113132,3,08-05-23
U000387,MOV100006,2,01-27-19
U000101,MOV119635,3,09-20-20
U000004,MOV105990,5,11-07-23
U000012,MOV100006,2,10-23-25
U001293,MOV101783,4,10-12-23
U000008,MOV112147,4,09-10-22
U000001,MOV100006,4,06-22-23
U000006,MOV103577,3,05-02-23
U000005,MOV109221,5,08-04-21
U000040,MOV105990,4,12-16-21
U000001,MOV100491,2,04-03-25
U000023,MOV118665,4,09-30-25
U000001,MOV102996,5,09-01-23
U000001,MOV105170,4,11-26-19
U000177,MOV111103,4,06-11-22
U003784,MOV100006,5,05-15-18
U000002,MOV110262,4,10-09-22
U000001,MOV113048,4,09-23-25
U000159,MOV100006,4,10-19-23
U000468,MOV101202,5,12-25-23
U000003,MOV119204,5,02-12-25
U000001,MOV114741,4,05-18-20
U000004,MOV112114,3,05-27-15
U000002,MOV102857,4,11-12-21
U003721,MOV108515,5,08-26-25
U000002,MOV113048,4,10-27-16
U000045,MOV118556,2,09-15-25
U000045,MOV105538,4,09-03-23
U000001,MOV110304,4,12-04-20
U001104,MOV104768,3,09-27-25
U000001,MOV112232,4,07-15-24
U000013,MOV110467,3,03-14-23
U000089,MOV110026,4,11-20-22
U000001,MOV105069,4,09-29-25
U000055,MOV119635,2,02-12-16
U003089,MOV106960,4,03-17-15
U000019,MOV100006,5,06-26-25
U000030,MOV103605,5,02-28-24
U000250,MOV105990,2,10-29-21
U000015,MOV115268,3,03-11-24
U000001,MOV119579,5,07-26-25
U002162,MOV107961,5,01-02-22
U003975,MOV115554,4,11-15-25
U000012,MOV103605,5,09-15-16
U000028,MOV110026,4,01-16-25
U000018,MOV103605,3,10-24-17
U000025,MOV100751,4,07-31-20
U000021,MOV105990,3,12-09-24
U000417,MOV119426,4,11-09-18
U000006,MOV100557,2,03-07-25
U000001,MOV103882,4,11-08-18
U000018,MOV105764,3,03-21-22
U000004,MOV109703,4,05-15-24
U000139,MOV105911,2,09-19-21
U000124,MOV113048,5,03-24-22
U000086,MOV104768,5,01-25-23
U000002,MOV100208,2,05-11-16
U000001,MOV119635,4,03-23-21
U000003,MOV119635,4,06-12-20
U000002,MOV100006,4,10-10-23
U000012,MOV111271,5,02-12-23
U000121,MOV106687,2,08-25-21
U000248,MOV110687,4,07-31-19
U000155,MOV105338,5,07-22-15
U000232,MOV100006,4,07-03-18
U000022,MOV100006,3,01-01-23
U000016,MOV116707,4,10-11-23
U000063,MOV100980,5,07-26-18
U000156,MOV116564,4,03-17-24
U000053,MOV114056,3,09-02-22
U000095,MOV101027,4,03-20-20
U000001,MOV114626,4,05-12-24
U000001,MOV103610,5,07-10-19
U000001,MOV119272,5,01-11-25
U000688,MOV107912,2,07-04-22
U000007,MOV118556,4,08-08-25
U000018,MOV119635,5,11-27-15
U000047,MOV111480,5,01-02-23
U000349,MOV109166,5,01-28-25
U000003,MOV102058,1,10-18-24
U000020,MOV105990,2,12-21-19
U000758,MOV110388,5,02-19-23
U000001,MOV113048,3,05-27-19
U000829,MOV114365,1,05-20-24
U000006,MOV114909,4,04-28-25
U000002,MOV107070,4,10-31-22
U000540,MOV114626,5,06-16-16
U000061,MOV119272,4,12-10-25
U000112,MOV100006,4,11-15-23
U000994,MOV119635,4,12-02-25
U000473,MOV111786,3,11-08-24
U000025,MOV100006,1,08-09-24
U000001,MOV112158,3,04-13-25
U000003,MOV108419,4,05-22-24
U000005,MOV112114,5,07-17-24
U000002,MOV102094,3,01-15-23
U000006,MOV106699,4,09-05-15
U000006,MOV115420,1,09-16-18
U000003,MOV100006,4,03-06-25
U000014,MOV106333,3,02-07-20
U000007,MOV109221,2,02-11-19
U000188,MOV114784,4,09-17-20
U000001,MOV119635,5,10-14-25
U000681,MOV110026,3,04-26-20
U000001,MOV118556,4,02-01-24
U000005,MOV119272,3,09-02-24
U000020,MOV105896,5,08-28-25
U000002,MOV119635,3,12-11-22
U000004,MOV113048,4,11-24-17
U000007,MOV100006,,05-07-22
U000643,MOV100006,5,
U000004,MOV105712,3,06-06-23
U000231,MOV101202,3,03-15-25
U000001,MOV119204,4,12-22-25
U000002,MOV119272,5,10-10-24
U001051,MOV116993,4,07-31-16
U000001,MOV119635,5,09-19-24
U000011,MOV118828,5,07-26-25
U000889,MOV100006,4,09-26-25
U000074,MOV119272,4,11-10-15
U000001,MOV105896,4,09-07-23
U000002,MOV113717,4,04-19-15
U000049,MOV106699,2,02-19-25
U000001,MOV103610,4,03-20-23
U000030,MOV110932,5,09-11-15
U000467,MOV105990,2,07-15-21
U000005,MOV101577,4,02-15-24
U000002,MOV108062,4,05-05-20
U000001,MOV103521,4,02-02-24
U000017,MOV111012,4,08-27-23
U000004,MOV114993,2,07-01-20
U000002,MOV111673,4,01-18-24
U000001,MOV114626,5,10-25-19
U000007,MOV100006,4,09-07-18
U000025,MOV117349,3,06-26-25
U000001,MOV106256,4,08-23-24
U001841,MOV108377,3,11-12-25
U000014,MOV101202,1,03-11-15
U000060,MOV119202,4,01-28-25
U000002,MOV118740,4,06-08-21
U000001,MOV109166,3,07-02-24
U000001,MOV102141,5,08-27-25
U000011,MOV106037,4,08-30-24
U000002,MOV119272,4,09-15-25
U000001,MOV100006,5,04-16-21
U000003,MOV119103,2,10-25-16
U000010,MOV103643,5,12-16-19
U000006,MOV118715,4,10-28-19
U001340,MOV112355,4,08-19-22
U000002,MOV101266,4,02-16-20
U000182,MOV114391,3,06-09-24
U000266,MOV119635,3,02-19-25
U000003,MOV118556,4,08-15-24
U000020,MOV100006,5,09-17-24
U001897,MOV100751,5,05-23-17
U000020,MOV101257,2,04-18-21
U000021,MOV114896,4,10-05-23
U000002,MOV100006,2,12-08-25
U000854,MOV101108,4,09-30-21
U000029,MOV106156,4,06-15-19
U000014,MOV100557,4,04-26-23
U000843,MOV100917,3,09-04-20
U004195,MOV119641,4,11-01-23
U000002,MOV119450,5,05-23-23
U000047,MOV119635,5,05-28-19
U000303,MOV109776,1,04-12-21
U000818,MOV112903,1,12-11-23
U000401,MOV119635,3,05-12-22
U000166,MOV113560,4,09-09-24
U000002,MOV105990,4,12-19-22
U000004,MOV100006,2,08-25-21
U000001,MOV113048,2,04-19-25
U000001,MOV105536,4,03-18-25
U000001,MOV111699,5,11-17-23
U000727,MOV107070,3,10-12-20
U000002,MOV104768,4,08-17-20
U000001,MOV119635,4,04-21-21
U000112,MOV116336,4,08-27-24
U000826,MOV100006,2,12-04-21
U000001,MOV119553,3,11-24-25
U000003,MOV113633,4,08-07-21
U000037,MOV113766,3,09-22-25
U000003,MOV118556,4,10-15-23
U001182,MOV106834,4,12-31-22
U000001,MOV104768,4,01-03-18
U000154,MOV112743,3,04-02-18
U000032,MOV115929,4,06-24-20
U000728,MOV111671,4,11-07-23
U000253,MOV109340,4,10-19-23
U000156,MOV119400,2,10-14-25
U000384,MOV113048,5,07-14-19
U001625,MOV119635,4,12-22-24
U000003,MOV107433,3,08-27-16
U000003,MOV119272,4,11-24-21
U000299,MOV100006,5,05-02-21
U000001,MOV113048,5,08-16-22
U001195,MOV108414,3,09-28-25
U000003,MOV110032,3,11-19-16
U000001,MOV102303,4,04-07-20
U000372,MOV100006,5,05-21-19
U000008,MOV109368,3,06-09-23
U000006,MOV100006,4,01-24-19
U000004,MOV100006,5,12-09-24
U000056,MOV109602,5,05-11-25
U000002,MOV107838,4,10-16-23
U002981,MOV100006,2,07-02-19
U000004,MOV119635,5,01-21-23
U000002,MOV100006,3,03-01-21
U000005,MOV110532,3,03-27-21
U000001,MOV100006,4,11-14-23
U000010,MOV118960,4,11-12-24
U000261,MOV100006,3,06-15-25
U000428,MOV107845,4,05-27-24
U000037,MOV116062,5,08-16-25
U000085,MOV114993,4,01-14-24
U000003,MOV106333,4,05-02-21
U001190,MOV114652,5,02-23-25
U000010,MOV109047,4,05-22-20
U001707,MOV108419,4,05-01-24
U000003,MOV100006,4,11-14-25
U000010,MOV101995,3,11-09-25
U000385,MOV108245,4,06-20-18
U000001,MOV110097,4,05-01-19
U000107,MOV111434,3,12-11-24
U000027,MOV107070,3,09-09-25
U000010,MOV112475,3,11-03-25
U000156,MOV112612,3,09-08-24
U000042,MOV103491,3,09-29-25
U000009,MOV114993,4,06-11-25
U003885,MOV118828,4,04-21-16
U000001,MOV119021,3,11-01-25
U000058,MOV100006,5,06-13-24
U000167,MOV103125,4,01-16-21
U000019,MOV111415,4,10-24-16
U000015,MOV119272,5,12-10-20
U000002,MOV109663,4,08-21-18
U000231,MOV100006,4,01-16-23
U000003,MOV105277,5,08-01-25
U000001,MOV105990,3,03-03-19
U000016,MOV100006,4,08-04-23
U000117,MOV113048,5,05-24-25
U000010,MOV116707,4,07-03-21
U000010,MOV100557,5,04-08-21
U000076,MOV104768,3,03-16-18
U000012,MOV119635,4,05-02-21
U000001,MOV115713,4,10-03-21
U000016,MOV118753,4,10-21-25
U000075,MOV100006,4,02-26-24
U000029,MOV114162,4,01-25-25
U000001,MOV106834,5,06-19-22
U000004,MOV113800,5,09-22-17
U000001,MOV100006,3,06-08-25
U000002,MOV103605,4,10-29-24
U000025,MOV119272,4,03-03-20
U000006,MOV101462,4,09-05-24
U000009,MOV113048,4,11-28-19
U000008,MOV102061,5,08-07-25
U000001,MOV101136,2,10-10-21
U000078,MOV118537,5,04-15-22
U000164,MOV100006,3,06-09-24
U000085,MOV100006,3,09-13-24
U000001,MOV111434,3,11-23-20
U000002,MOV103502,2,07-22-22
U000003,MOV112981,3,06-08-25
U000054,MOV115413,4,10-23-24
U000001,MOV112414,5,05-27-18
U000012,MOV116493,3,03-28-20
U000001,MOV107687,5,10-21-24
U000007,MOV102617,2,05-02-20
U000001,MOV110475,2,12-23-19
U000205,MOV114626,4,08-30-15
U000098,MOV100777,3,02-27-23
U000004,MOV110868,2,04-01-25
U000002,MOV114365,4,09-10-21
U003609,MOV114626,2,01-14-25
U000315,MOV101501,3,11-27-19
U000004,MOV119635,5,01-12-15
U000011,MOV105990,4,09-26-24
U000079,MOV109598,4,12-29-23
U000009,MOV119635,5,06-25-23
U000001,MOV101202,4,09-06-24
U000019,MOV105990,4,03-05-19
U001163,MOV116383,4,09-16-25
U000864,MOV115425,4,10-29-25
U000001,MOV119518,5,02-22-25
U000007,MOV118974,5,06-18-21
U000002,MOV119204,5,03-20-15
U000001,MOV109221,5,07-13-23
U000013,MOV111853,4,07-17-25
U000002,MOV114780,3,11-07-18
U000001,MOV119635,3,11-14-15
U000003,MOV101108,3,07-23-23
U000001,MOV112165,4,03-09-24
U000027,MOV101108,3,10-08-25
U000003,MOV105990,2,08-21-24
U000001,MOV105990,3,06-01-25
U000148,MOV112232,1,06-10-20
U000164,MOV109221,5,07-31-23
U000001,MOV105938,2,06-18-25
U000004,MOV100006,3,11-09-22
U000045,MOV111434,3,10-26-24
U000208,MOV110790,5,03-08-23
U000016,MOV100006,5,09-14-16
U000537,,1,01-25-17
U000003,MOV117948,5,12-31-25
U000003,MOV111159,3,06-06-24
U000029,MOV105833,3,10-17-25
U000060,MOV100006,1,04-09-22
U000010,MOV112672,2,03-25-15
U000003,MOV113048,4,04-17-24
U000006,MOV101108,4,11-25-18
U002659,MOV116792,3,03-19-21
U000001,MOV112232,2,09-26-23
U000273,MOV100006,3,01-30-23
U000108,MOV101840,4,09-07-15
U000004,MOV119204,1,08-23-25
U000037,MOV111899,2,02-16-22
U000001,MOV108506,4,07-04-18
U000375,MOV100006,5,05-29-23
U000001,MOV119635,4,07-04-21
U000031,MOV100006,4,05-16-19
U000002,MOV119272,4,06-27-23
U000007,MOV117604,3,10-23-24
U000004,MOV110828,4,01-20-22
U000063,MOV107700,3,07-01-20
U000001,MOV100006,2,08-03-24
U000007,MOV113800,4,07-23-24
U000002,MOV119635,4,08-19-25
U000007,MOV119204,5,11-01-22
U000050,MOV113766,4,11-11-25
U000972,MOV101608,4,02-18-22
U000002,MOV100006,3,05-15-25
U000007,MOV117948,3,07-12-21
U000505,MOV107017,3,09-03-24
U000010,MOV100006,3,10-20-18
U000002,MOV109919,1,10-12-25
U000029,MOV100006,4,05-14-22
U000001,MOV100006,4,06-15-20
U000555,MOV100006,4,05-14-20
U000024,MOV103138,2,07-31-25
U000003,MOV100006,3,09-06-19
U002883,MOV100006,4,12-16-22
U000032,MOV100831,3,11-06-25
U000007,MOV100557,,12-30-24
U000003,MOV114626,5,09-30-25
U000008,MOV119490,4,02-17-21
U000001,MOV111130,5,07-04-20
U000004,MOV119272,2,08-05-21
U000172,MOV109785,4,07-01-23
U000039,MOV113482,2,09-10-22
U000732,MOV116203,2,09-09-19
U000001,MOV118968,5,08-13-19
U000223,MOV117349,4,02-26-19
U000001,MOV100542,3,03-17-24
U000003,MOV110828,4,02-07-21
U000003,MOV115445,3,09-28-25
U000019,MOV102358,1,07-26-22
U000025,MOV113656,2,10-16-23
U000736,MOV100006,3,07-09-25
U001413,MOV100006,4,04-14-24
U000004,MOV105438,4,10-31-24
U000030,MOV108419,1,09-20-23
U000026,MOV119272,3,10-13-19
U000002,MOV102588,3,03-15-24
U000209,MOV119566,4,10-26-20
U000070,MOV112177,4,12-24-25
U000003,MOV117089,4,10-22-19
U000017,MOV118901,2,05-28-19
U000001,MOV105990,4,01-27-22
U000007,MOV119635,5,05-09-20
U000001,MOV100831,4,05-31-23
U000001,MOV110790,4,01-19-25
U000233,MOV100006,4,03-12-25
U001802,MOV101629,3,09-25-18
U000001,MOV113048,2,03-31-24
U001209,MOV119635,5,05-21-23
U001124,MOV116109,2,02-13-22
U000002,MOV100006,5,06-26-25
U000032,MOV102069,1,10-17-24
U000008,MOV109221,4,03-06-25
U000001,MOV107386,4,09-10-23
U000003,MOV119845,5,02-28-24
U000007,MOV100006,5,12-15-15
U000179,MOV112903,2,09-06-22
U000001,MOV119635,3,01-06-19
U000175,MOV100006,3,01-31-25
U000001,MOV119222,4,01-10-20
U000004,MOV105632,4,06-16-25
U000014,MOV116845,5,10-05-20
U000053,MOV101783,5,05-09-25
U000207,MOV115743,4,05-11-21
U000026,MOV107094,4,04-06-25
U000003,MOV105990,4,04-26-25
U000008,MOV100006,3,08-09-24
U000098,MOV106689,1,08-29-20
U000001,MOV119660,5,04-05-18
U000078,MOV110790,5,11-26-23
U000220,MOV101108,3,02-11-25
U000003,MOV116222,5,04-19-20
U000035,MOV100006,4,01-26-24
U000001,MOV107000,5,11-25-25
U000001,MOV103323,5,11-17-22
U000001,MOV107386,4,07-16-25
U000002,MOV100006,4,02-15-20
U000003,MOV107070,2,07-12-16
U000044,MOV115420,3,10-28-25
U001604,MOV108557,5,08-10-25
U000005,MOV114993,3,03-10-25
U000002,MOV107687,4,09-08-19
U000058,MOV100006,4,07-05-25
U000004,MOV101202,3,09-21-22
U000314,MOV100006,5,12-21-21
U000052,MOV108557,3,06-25-19
U000022,MOV100006,3,12-06-16
U000001,MOV100016,4,01-26-17
U000001,MOV110026,5,11-12-25
U000002,MOV114993,4,06-26-25
U000209,MOV119635,3,12-11-20
U000011,MOV110790,4,10-23-19
U000028,MOV114626,2,07-26-24
U002126,MOV115436,4,12-17-22
U001187,MOV101534,5,09-22-20
U000004,MOV100006,3,05-03-24
U000001,MOV119272,4,08-02-15
U000047,MOV119635,4,10-29-25
U000021,MOV118589,3,02-23-22
U000001,MOV102397,5,12-12-25
U000003,MOV100006,4,01-21-23
U000001,MOV100220,5,03-28-24
U000010,MOV100006,5,03-02-23
U000007,MOV113766,2,11-06-23
U000523,MOV108075,3,04-24-23
U000006,MOV103551,1,07-16-20
U003555,MOV100006,3,03-02-25
U000238,MOV104830,3,06-27-23
U000022,MOV115713,4,09-05-22
U000006,MOV110026,2,04-15-23
U000001,MOV100006,2,07-06-22
U000245,MOV119547,5,01-09-16
U002481,MOV111159,4,07-21-25
U000003,MOV108419,4,04-09-24