User_ID,Movie_ID,Rating,Rating_Date
U000003,MOV108414,3.0,2025-07-17
U000463,MOV118537,4.0,2018-08-28
U000015,MOV104256,4.0,2021-09-30
U000160,MOV109221,2.0,2025-09-18
U000028,MOV102047,4.0,2016-03-26
U000093,MOV116682,3.0,2024-03-13
U000046,MOV118089,3.0,2025-07-05
U000010,MOV111427,5.0,2016-05-13
U000001,MOV118792,4.0,2015-07-08
U000014,MOV112427,5.0,2021-03-05
U000002,MOV111392,3.0,2022-10-19
U002523,MOV107687,3.0,2018-08-25
U000021,MOV119297,5.0,2021-10-01
U000001,MOV108032,5.0,2023-10-16
U000084,MOV119475,5.0,2024-08-28
U001052,MOV119272,4.0,2023-05-23
U000088,MOV113015,4.0,2019-02-10
U000036,MOV109536,3.0,2021-08-09
U000013,MOV113391,3.0,2019-07-05
U000003,MOV110575,4.0,2019-11-14
U003441,MOV119635,5.0,2021-05-22
U000010,MOV118828,5.0,2023-02-18
U000131,MOV119635,3.0,2025-08-05
U000064,MOV109602,5.0,2023-10-01
U000302,MOV117066,4.0,2022-01-07
U000474,MOV113268,4.0,2017-06-27
U001572,MOV109166,4.0,2018-04-15
U000003,MOV110959,4.0,2022-03-10
U000203,MOV119635,4.0,2025-05-17
U000109,MOV115605,5.0,2024-09-10
U000027,MOV112232,2.0,2023-07-11
U000006,MOV103334,4.0,2020-03-13
U000004,MOV115359,5.0,2019-07-23
U000003,MOV115671,4.0,2025-05-08
U000337,MOV114626,3.0,2018-07-11
U001213,MOV110790,4.0,2024-10-09
U000723,MOV119635,3.0,2024-01-26
U000028,MOV100542,3.0,2017-02-14
U000811,MOV109240,2.0,2020-07-30
U000085,MOV106289,5.0,2024-04-01
U000036,MOV118120,3.0,2021-02-23
U000094,MOV114626,5.0,2023-08-16
U000186,MOV118556,4.0,2025-08-30
U000002,MOV112085,4.0,2023-09-29
U000056,MOV109221,4.0,2016-08-26
U000001,MOV103174,3.0,2024-09-10
U000032,MOV107070,3.0,2019-09-03
U000113,MOV111034,5.0,2023-01-18
U000042,MOV116536,5.0,2025-06-08
U000146,MOV109874,3.0,2019-09-06
U000003,MOV107637,5.0,2023-04-02
U000001,MOV100770,3.0,2025-01-09
U000011,MOV113902,5.0,2016-12-06
U000001,MOV115724,3.0,2025-07-13
U000140,MOV104391,4.0,2024-02-16
U000037,MOV119204,5.0,2025-06-18
U000073,MOV119635,4.0,2025-11-23
U000682,MOV100006,4.0,2017-11-16
U000052,MOV111983,4.0,2025-10-24
U000009,MOV102285,2.0,2024-10-29
U000021,MOV100751,4.0,2018-02-18
U002542,MOV117556,4.0,2025-09-08
U000002,MOV100027,5.0,2025-04-08
U000039,MOV113656,2.0,2022-07-05
U000042,MOV116710,2.0,2021-03-15
U000002,MOV105361,2.0,2016-04-14
U000152,MOV100006,4.0,2021-10-19
U000059,MOV113233,5.0,2024-10-19
U000075,MOV117097,4.0,2016-10-05
U000006,MOV105896,4.0,2025-10-19
U001052,MOV107508,4.0,2025-06-22
U000042,MOV110163,2.0,2022-06-05
U000003,MOV108965,3.0,2022-12-03
U000292,MOV114626,2.0,2025-10-11
U002196,MOV119272,1.0,2025-10-22
U000065,MOV114349,5.0,2022-05-25
U003124,MOV108613,2.0,2019-08-29
U000006,MOV115937,4.0,2021-09-01
U004335,MOV113048,5.0,2023-03-31
U000068,MOV107257,4.0,2018-08-27
U000013,MOV101093,2.0,2023-11-17
U000292,MOV101550,3.0,2023-03-10
U000011,MOV103605,4.0,2020-09-20
U000200,MOV114993,4.0,2023-01-08
U000621,MOV117066,4.0,2019-03-23
U000100,MOV109688,4.0,2025-03-17
U000588,MOV100557,3.0,2017-03-09
U000166,MOV109166,4.0,2020-03-25
U000001,MOV117601,4.0,2021-12-16
U002127,MOV110206,2.0,2023-01-10
U000039,MOV112486,5.0,2024-03-05
U000254,MOV111692,3.0,2025-04-21
U000192,MOV117859,2.0,2020-05-28
U000051,MOV105636,5.0,2018-01-04
U000282,MOV102590,3.0,2024-12-12
U000345,MOV106336,5.0,2024-09-01
U000005,MOV100733,3.0,2023-09-29
U000009,MOV111300,4.0,2018-07-16
U000002,MOV107842,4.0,2025-10-25
U000097,MOV114626,4.0,2021-07-07
U000011,MOV107577,4.0,2023-09-11
U000035,MOV106635,4.0,2017-09-06
U000596,MOV116993,3.0,2023-11-18
U002266,MOV114993,3.0,2023-05-24
U000032,MOV103125,5.0,2021-01-26
U000020,MOV116181,5.0,2015-01-25
U000002,MOV103017,5.0,2018-03-29
U000524,MOV112091,2.0,2025-10-22
U004238,MOV108434,4.0,2021-02-06
U000817,MOV100006,4.0,2019-11-14
U000242,MOV113483,5.0,2024-12-29
U000045,MOV110026,4.0,2025-01-06
U000001,MOV109906,3.0,2025-10-25
U000004,MOV106225,3.0,2020-10-27
U002016,MOV107306,3.0,2023-07-04
U000588,MOV118556,4.0,2025-03-01
U001057,MOV119272,2.0,2015-11-25
U000003,MOV109107,4.0,2021-05-20
U000001,MOV103596,1.0,2023-05-16
U000237,MOV105990,3.0,2025-03-31
U000002,MOV115516,2.0,2022-05-13
U002834,MOV112147,1.0,2023-12-09
U000037,MOV113048,3.0,2015-04-18
U000016,MOV111071,5.0,2016-08-08
U000011,MOV106333,3.0,2017-10-29
U000074,MOV102672,3.0,2023-07-23
U000009,MOV106710,3.0,2025-08-31
U000025,MOV115212,4.0,2019-09-30
U000001,MOV106408,2.0,2025-11-25
U000269,MOV109140,3.0,2024-01-09
U003656,MOV112114,4.0,2024-05-11
U000001,MOV112987,2.0,2022-10-11
U000013,MOV114008,4.0,2023-06-21
U000001,MOV112297,5.0,2020-07-23
U000008,MOV110044,3.0,2025-02-09
U000042,MOV106037,4.0,2021-07-18
U000002,MOV103621,1.0,2025-03-16
U000041,MOV111507,4.0,2021-10-08
U000694,MOV100006,4.0,2023-03-20
U000653,MOV100486,4.0,2016-09-20
U000226,MOV109221,5.0,2017-11-16
U001403,MOV119635,4.0,2022-08-04
U000043,MOV107531,3.0,2023-09-09
U000017,MOV103577,3.0,2023-12-15
U000005,MOV117421,4.0,2015-12-20
U000001,MOV101034,4.0,2022-01-05
U000013,MOV106940,5.0,2025-07-20
U000002,MOV116549,4.0,2022-02-04
U000025,MOV109074,5.0,2023-12-29
U000005,MOV104697,4.0,2021-10-08
U000011,MOV100016,3.0,
U000009,MOV104235,4.0,2025-11-22
U000720,MOV118074,4.0,2025-12-08
U000285,MOV101108,3.0,2025-08-06
U000005,MOV103579,3.0,2023-04-08
U003833,MOV100006,4.0,2023-02-21
U000457,MOV100006,5.0,2025-11-14
U000016,MOV101840,2.0,2021-09-18
U002236,MOV117936,4.0,2025-12-16
U000042,MOV101108,4.0,2025-09-03
U001429,MOV119162,3.0,2023-01-24
U000052,MOV116685,5.0,2020-05-28
U000312,MOV112306,3.0,2022-08-25
U000096,MOV101566,2.0,2025-07-21
U001218,MOV111574,5.0,2025-03-30
U000002,MOV119695,3.0,2022-02-14
U000002,MOV114365,4.0,2021-09-10
U000002,MOV106388,3.0,2024-10-25
U000001,MOV114369,5.0,2020-08-25
U000013,MOV108371,5.0,2021-04-02
U000566,MOV117793,3.0,2023-06-29
U000009,MOV102460,4.0,2016-08-23
U000012,MOV104436,3.0,2021-08-28
U000697,MOV110809,4.0,2022-10-19
U003363,MOV100006,4.0,2022-09-04
U003650,MOV117948,4.0,2015-09-23
U000002,MOV101751,2.0,2020-05-16
U000008,MOV112912,3.0,2022-06-03
U000153,MOV103675,5.0,2015-08-08
U000262,MOV105990,4.0,2024-06-29
U000031,MOV108419,3.0,2022-02-06
U000005,MOV115434,5.0,2023-08-29
U000230,MOV109280,1.0,2022-05-08
U002241,MOV109221,5.0,2025-05-15
U000002,MOV110985,4.0,2022-10-09
U000464,MOV109602,4.0,2020-03-05
U000033,MOV119635,3.0,2025-11-18
U000349,MOV109824,3.0,2021-05-14
U000007,MOV117235,5.0,2023-01-25
U002659,MOV100006,4.0,2021-08-21
U000254,MOV105990,2.0,2023-04-08
U000005,MOV112803,3.0,2025-10-26
U000111,MOV119660,3.0,2023-12-31
U000001,MOV106827,4.0,2023-09-04
U000351,MOV100017,5.0,2023-04-24
U000002,MOV108263,4.0,2023-04-05
U000005,MOV114909,2.0,2024-09-27
U000116,MOV119272,4.0,2020-04-01
U000047,MOV109514,4.0,2024-04-17
U002188,MOV105644,3.0,2025-07-16
U001420,MOV106453,2.0,2025-03-27
U000068,MOV110726,4.0,2023-01-11
U000005,MOV101514,4.0,2020-02-01
U000002,MOV103147,1.0,2025-02-11
U000001,MOV107335,5.0,2021-01-30
U001542,MOV109340,4.0,2021-01-20
U000165,MOV119272,4.0,2021-11-28
U001083,MOV100006,4.0,2018-11-28
U000011,MOV103328,4.0,2020-09-22
U000036,MOV105644,2.0,2023-02-15
U002840,MOV105077,4.0,2023-01-21
U000236,MOV114626,4.0,2022-01-26
U000001,MOV112634,5.0,2025-11-29
U000045,MOV110128,4.0,2022-07-05
U002186,MOV111159,2.0,2021-09-25
U000286,MOV109166,3.0,2025-01-24
U000001,MOV109798,3.0,2024-02-08
U000040,MOV118035,4.0,2021-07-20
U000077,MOV111824,3.0,2025-03-13
U000049,MOV105990,4.0,2021-12-04
U000004,MOV113015,4.0,2025-02-08
U000008,MOV104389,3.0,2020-03-03
U000082,MOV101682,3.0,2020-11-17
U000007,MOV108878,3.0,2019-10-17
U000225,MOV118290,3.0,2025-05-12
U003377,MOV103610,2.0,2017-06-04
U000678,MOV115420,5.0,2020-10-14
U002741,MOV105990,4.0,2018-07-04
U001572,MOV107386,2.0,2024-05-08
U000023,MOV107319,5.0,2018-05-23
U000011,MOV119103,4.0,2018-12-09
U000001,MOV118904,4.0,2023-03-25
U000005,MOV107772,5.0,2019-05-29
U000885,MOV112232,4.0,2022-12-24
U000002,MOV103949,5.0,2022-09-11
U000006,MOV111595,4.0,2023-10-21
U000066,MOV106898,3.0,2020-04-17
U000064,MOV109658,4.0,2021-10-11
U000049,MOV116710,4.0,2023-04-19
U000005,MOV111306,5.0,2024-09-04
U000022,MOV103334,2.0,2025-11-12
U000222,MOV100208,2.0,2020-04-23
U000001,MOV106308,5.0,2016-09-18
U001036,MOV119635,4.0,2015-07-08
U000005,MOV114313,4.0,2023-03-10
U003415,MOV102303,1.0,2025-10-27
U000710,MOV118558,3.0,2025-03-17
U000007,MOV110306,1.0,2025-07-09
U000016,MOV114161,4.0,2021-12-29
U000063,MOV102309,4.0,2024-02-21
U000304,MOV100006,4.0,2019-10-12
U000476,MOV119021,3.0,2025-12-13
U000210,MOV105482,4.0,2021-10-20
U000191,MOV100006,3.0,2017-10-17
U002270,MOV114993,4.0,2025-04-02
U000057,MOV114993,4.0,2023-11-08
U000201,MOV114626,4.0,2023-02-05
U000227,MOV113615,3.0,2023-04-24
U000004,MOV118813,1.0,2019-02-03
U002885,MOV100006,2.0,2023-03-20
U000001,MOV105657,4.0,2024-11-29
U001704,MOV119635,5.0,2024-11-19
U000297,MOV101108,1.0,2023-09-02
U003964,MOV105764,4.0,2024-11-22
U000001,MOV115927,5.0,2019-12-31
U000003,MOV104141,5.0,2024-01-05
U000001,MOV100792,4.0,2015-06-02
U000471,MOV106026,3.0,2021-06-11
U000050,MOV110023,5.0,2025-02-12
U000016,MOV114420,4.0,2019-06-29
U000024,MOV112545,3.0,2022-10-31
U000199,MOV100006,4.0,2021-07-31
U000002,MOV102801,5.0,2023-09-22
U000005,MOV119294,1.0,2022-03-08
U000038,MOV116106,3.0,2019-11-28
U000011,MOV111029,3.0,2021-07-31
U000032,MOV109465,1.0,2024-05-31
U000014,MOV109092,3.0,2017-12-15
U000004,MOV113405,4.0,2024-11-14
U000004,MOV105153,3.0,2023-03-15
U000079,MOV103610,1.0,2025-04-21
U000115,MOV110026,5.0,2018-04-07
U000021,MOV110260,4.0,2019-07-13
U000001,MOV108513,5.0,2021-05-27
U000003,MOV105174,4.0,2025-11-16
U000065,MOV114816,4.0,2025-10-30
U000140,MOV102179,1.0,2024-09-01
U000002,MOV113149,3.0,2023-10-31
U000010,MOV102151,4.0,2024-08-13
U000002,MOV117326,4.0,2024-11-30
U000005,MOV118261,4.0,2023-11-29
U000204,MOV113048,3.0,2021-07-25
U001311,MOV101108,2.0,2018-09-22
U000050,MOV104673,5.0,2025-07-14
U000004,MOV102874,3.0,2025-09-13
U000014,MOV109140,4.0,2016-03-06
U002075,MOV100006,2.0,2019-08-07
U000008,MOV108990,3.0,2022-10-04
U002399,MOV114626,4.0,2025-02-01
U000005,MOV114360,5.0,2015-05-15
U000619,MOV119419,4.0,2015-08-23
U000097,MOV109212,4.0,2020-04-18
U000006,MOV118543,4.0,2016-01-06
U001452,MOV112083,5.0,2025-12-06
U000049,MOV111159,2.0,2015-08-23
U000081,MOV100557,2.0,2025-05-13
U001733,MOV101108,3.0,2019-03-15
U000003,MOV110040,4.0,2024-10-18
U000011,MOV105192,4.0,2022-08-06
U004305,MOV119475,5.0,2025-11-08
U004025,MOV110978,4.0,2018-02-28
U000004,MOV109602,3.0,2024-03-15
U000004,MOV105764,4.0,2023-04-04
U000017,MOV106458,5.0,2022-03-17
U001707,MOV118298,5.0,2022-07-09
U000005,MOV107452,5.0,2022-06-03
U000372,MOV118556,5.0,2025-03-06
U000026,MOV106333,2.0,2025-07-12
U000001,MOV118027,3.0,2021-10-16
U000002,MOV112472,4.0,2023-07-19
U000001,MOV109164,4.0,2025-04-25
U000011,MOV114257,2.0,2015-11-15
U002212,MOV109748,3.0,2019-10-26
U000001,MOV103420,1.0,2024-02-19
U000105,MOV102289,3.0,2020-07-03
U000001,MOV110394,2.0,2019-11-24
U000001,MOV102765,4.0,2024-08-05
U000004,MOV113418,4.0,2024-12-20
U000030,MOV115887,3.0,2024-11-02
U000006,MOV111282,3.0,2021-02-22
U001291,MOV103334,2.0,2019-04-18
U000018,MOV116140,3.0,2025-05-27
U000167,MOV104875,5.0,2021-04-21
U000001,MOV100192,4.0,2024-08-26
U002158,MOV110168,3.0,2022-07-01
U000148,MOV105990,4.0,2024-05-21
U000171,MOV100006,4.0,2019-03-05
U000021,MOV113741,1.0,2019-11-25
U000008,MOV100751,3.0,2017-11-18
U000605,MOV110790,3.0,2019-05-07
U000170,MOV119635,1.0,2017-07-03
U000007,MOV106206,3.0,2024-07-17
U000057,MOV107282,2.0,2021-03-04
U000001,MOV101290,3.0,2025-02-24
U002641,MOV100006,1.0,2022-04-24
U000001,MOV111141,5.0,2022-11-19
U004324,MOV105561,1.0,2018-10-07
U003459,MOV100006,4.0,2024-04-20
U000071,MOV108383,4.0,2025-03-15
U000089,MOV106981,3.0,2024-05-07
U000001,MOV112472,2.0,2015-05-21
U000062,MOV103768,5.0,2025-09-14
U000096,MOV119615,2.0,2024-02-07
U000077,MOV101409,4.0,2021-05-20
U000001,MOV108792,5.0,2021-02-02
U000006,MOV109890,4.0,2020-05-27
U000008,MOV118543,5.0,2024-07-15
U000330,MOV119204,3.0,2016-06-15
U000001,MOV103308,4.0,2021-06-14
U000050,MOV110998,4.0,2023-08-03
U002316,MOV110995,3.0,2024-07-12
U000011,MOV100495,3.0,2016-07-16
U000009,MOV113766,4.0,2023-10-30
U001825,MOV118923,3.0,2021-10-04
U000166,MOV114626,1.0,2018-10-23
U000003,MOV112903,4.0,2024-04-04
U000011,MOV118913,5.0,
U000009,MOV118441,4.0,2024-02-02
U000050,MOV113048,3.0,2019-11-01
U000238,MOV107491,3.0,2020-05-12
U000050,MOV109840,4.0,2020-07-22
U000560,MOV103605,4.0,2023-05-24
U001762,MOV115425,4.0,2020-05-23
U000007,MOV119667,3.0,2018-08-30
U000012,MOV111159,1.0,2025-11-09
U000005,MOV116835,4.0,2024-09-22
U000006,MOV104472,1.0,2023-12-23
U000730,MOV116056,4.0,2023-06-06
U000307,MOV104900,4.0,2024-12-09
U000375,MOV117511,4.0,2016-06-29
U000031,MOV105483,2.0,2023-10-02
U000003,MOV116564,3.0,2025-08-27
U000006,MOV102611,4.0,2024-10-13
U000035,MOV111134,2.0,2024-01-18
U001434,MOV119635,4.0,2020-07-11
U000007,MOV104979,5.0,2025-06-09
U001143,MOV100713,4.0,2020-08-04
U001272,MOV104270,5.0,2015-08-18
U000009,MOV114710,3.0,2022-03-24
U000002,MOV110351,2.0,
U000007,MOV118879,5.0,2025-01-18
U000002,MOV113313,4.0,2023-10-22
U000775,MOV116181,3.0,2020-03-09
U000007,MOV114050,4.0,2025-03-06
U000951,MOV119635,2.0,2015-10-03
U000013,MOV106165,5.0,2022-08-20
U000001,MOV104672,4.0,2024-06-18
U001233,MOV114626,3.0,2025-04-29
U000215,MOV114601,5.0,2024-10-11
U000059,MOV112097,3.0,2021-05-14
U000645,MOV112461,4.0,2020-08-16
U000003,MOV105861,2.0,
U000304,MOV109993,3.0,2019-09-25
U001038,MOV102007,4.0,2022-09-01
U000003,MOV116580,4.0,2019-02-03
U000001,MOV100158,4.0,2021-06-14
U000087,MOV109481,2.0,2025-08-13
U000044,MOV105487,3.0,2025-10-27
U001293,MOV106689,2.0,2015-09-15
U000044,MOV107972,5.0,2020-03-25
U000027,MOV101525,3.0,2018-03-15
U000102,MOV101202,4.0,2023-04-15
U000588,MOV119272,3.0,
U000779,MOV114391,4.0,2025-07-21
U000147,MOV102864,4.0,2023-12-03
U002263,MOV100006,3.0,2022-11-21
U000738,MOV100006,4.0,2025-11-24
U000039,MOV102023,2.0,2020-07-03
U000093,MOV108506,5.0,2016-05-05
U000001,MOV101013,4.0,2024-01-25
U000022,MOV116131,2.0,2025-05-27
U000123,MOV104768,5.0,2018-01-27
U000005,MOV116845,2.0,2025-03-30
U000090,MOV118471,4.0,2020-08-13
U000145,MOV115020,5.0,2023-06-07
U000013,MOV107854,3.0,2019-11-19
U000143,MOV108805,1.0,2023-03-29
U000010,MOV117948,5.0,2017-04-12
U000002,MOV117035,1.0,2025-11-01
U000308,MOV111840,3.0,2018-04-18
U002793,MOV100006,3.0,2021-06-29
U000131,MOV115150,4.0,2025-01-07
U003364,MOV114092,5.0,2023-03-26
U002239,MOV100575,3.0,2018-09-12
U000041,MOV109111,4.0,2023-08-13
U000018,MOV110790,4.0,2023-05-28
U000018,MOV114356,3.0,2017-03-23
U000003,MOV110970,2.0,2018-06-21
U000094,MOV116353,4.0,2017-05-17
U000014,MOV104002,2.0,2022-02-04
U000278,MOV115691,3.0,2025-06-12
U000035,MOV115271,4.0,2020-05-14
U000014,MOV108973,4.0,2025-10-19
U000133,MOV114896,2.0,2025-10-28
U000567,MOV106834,5.0,2018-03-14
U000005,MOV113972,4.0,2024-02-24
U000003,MOV102488,5.0,2024-07-16
U000333,MOV100006,2.0,2025-03-20
U003823,MOV100006,4.0,2024-10-21
U000625,MOV115888,3.0,2022-12-09
U000029,MOV101840,5.0,2024-11-13
U000005,MOV117389,4.0,2019-06-26
U000218,MOV114570,3.0,2018-03-31
U000109,MOV110681,4.0,2025-06-16
U000008,MOV108506,5.0,2024-07-22
U000107,MOV108485,4.0,2022-05-18
U000933,MOV115268,2.0,2025-06-11
U000970,MOV110026,4.0,2020-09-21
U000006,MOV116136,3.0,2025-07-26
U000849,MOV109446,4.0,2021-06-21
U001218,MOV110828,2.0,2022-09-10
U000188,MOV114993,4.0,2025-10-06
U000636,MOV113551,4.0,2018-08-18
U000006,MOV115324,5.0,2024-08-24
U000009,MOV115413,1.0,2025-06-02
U000002,MOV117350,3.0,2018-09-12
U000002,MOV115460,3.0,2023-09-03
U002978,MOV100006,3.0,2025-06-26
U000014,MOV100783,4.0,2025-08-28
U000106,MOV108844,2.0,2025-12-23
U001086,MOV116308,4.0,2025-11-19
U000001,MOV114091,4.0,2023-05-16
U000002,MOV101219,4.0,2023-08-05
U000001,MOV102432,1.0,2017-04-15
U000001,MOV100937,5.0,2022-12-04
U000023,MOV114993,4.0,2025-07-23
U000366,MOV108280,4.0,2018-10-08
U000101,MOV118474,4.0,2021-10-01
U000003,MOV114066,5.0,2024-02-17
U000001,MOV119073,4.0,2021-05-28
U002388,MOV110026,3.0,2018-01-04
U000001,MOV114629,3.0,2016-05-15
U000018,MOV117460,3.0,2025-11-17
U003612,MOV100006,3.0,2022-12-22
U000005,MOV102567,3.0,2024-01-07
U003429,MOV102513,2.0,2020-01-06
U000108,MOV119251,4.0,2024-01-01
U000147,MOV113914,4.0,2018-10-10
U000006,MOV115725,3.0,2015-05-02
U000008,MOV103882,3.0,2022-09-06
U000213,MOV108892,1.0,2025-10-22
U000055,MOV102191,1.0,2015-01-29
U000024,MOV105644,3.0,2018-10-19
U000001,MOV104132,3.0,2023-06-15
U000031,MOV101221,4.0,2018-12-19
U000079,MOV102141,5.0,2021-05-30
U001568,MOV119660,4.0,2017-09-07
U000469,MOV117066,4.0,2024-10-28
U000033,MOV116741,4.0,2018-03-10
U000242,MOV103091,5.0,2024-06-30
U000034,MOV115288,3.0,2024-10-20
U000012,MOV115312,4.0,2025-11-07
U000001,MOV118939,3.0,2025-12-31
U000030,MOV100208,4.0,2024-08-03
U000011,MOV113048,1.0,2021-05-04
U000635,MOV105764,4.0,2024-05-21
U000336,MOV109981,4.0,2024-05-31
U000015,MOV119738,3.0,2024-08-09
U000003,MOV114070,5.0,2025-10-11
U000002,MOV107421,2.0,2022-10-22
U000010,MOV106336,4.0,2023-07-10
U000101,MOV105990,2.0,2023-03-13
U000018,MOV106710,4.0,2017-07-18
U002575,MOV107386,5.0,2024-06-24
U000001,MOV119685,2.0,2025-05-29
U002451,MOV111123,2.0,2018-12-14
U000090,MOV119272,2.0,2025-02-27
U000070,MOV116944,5.0,2021-08-18
U000009,MOV100711,3.0,2017-11-01
U000062,MOV110026,1.0,2024-05-22
U000280,MOV118213,2.0,2018-06-13
U000154,MOV107906,3.0,2025-08-12
U000626,MOV100585,4.0,2020-01-21
U000003,MOV101027,3.0,2021-08-25
U000001,MOV106540,4.0,2025-10-31
U000978,MOV103578,4.0,2024-10-16
U001254,MOV119635,3.0,2023-10-24
U000008,MOV113825,5.0,2024-02-06
U000674,MOV103605,3.0,2022-03-28
U000046,MOV117905,5.0,2024-06-10
U000001,MOV113778,3.0,2021-06-16
U000029,MOV112232,4.0,2025-07-07
U000727,MOV110828,2.0,2024-10-27
U000004,MOV108529,2.0,2020-05-11
U000342,MOV101108,5.0,2024-09-01
U000009,MOV108616,3.0,2019-01-21
U001200,MOV113195,2.0,2025-06-01
U003135,MOV114896,3.0,2024-06-25
U000444,MOV111384,3.0,2020-11-13
U003688,MOV119635,3.0,2020-04-20
U002468,MOV102730,5.0,
U000052,MOV100006,3.0,2017-10-10
U001522,MOV104826,3.0,2023-05-08
U000294,MOV100006,4.0,2019-09-18
U002134,MOV100006,4.0,2022-05-25
U000071,MOV100262,4.0,2022-02-04
U000002,MOV117349,3.0,2024-11-22
U001838,MOV114601,4.0,2015-06-27
U000003,MOV105745,5.0,2023-05-03
U000152,MOV104697,3.0,2022-05-14
U000207,MOV113048,4.0,2025-07-02
U000029,MOV117793,5.0,2025-12-20
U000012,MOV105644,4.0,2024-07-13
U000373,MOV101108,5.0,2023-01-15
U000003,MOV114601,5.0,2020-07-20
U003299,MOV119635,4.0,2025-09-05
U000277,MOV117128,2.0,2024-08-08
U000050,MOV109221,3.0,2021-09-20
U000003,MOV108712,2.0,2018-10-23
U000042,MOV111029,2.0,
U001270,MOV119635,5.0,2024-11-22
U000993,MOV108805,3.0,2025-01-15
U000439,MOV114626,3.0,2025-03-21
U000405,MOV114510,5.0,2024-04-30
U001030,MOV105847,4.0,2023-02-25
U000571,MOV100006,5.0,2022-04-04
U000043,MOV104768,5.0,2019-03-06
U000220,MOV119311,5.0,2015-08-03
U000016,MOV112362,1.0,2019-04-06
U000037,MOV107070,3.0,2020-01-15
U000403,MOV100491,2.0,2023-10-07
U000345,MOV117378,4.0,2025-02-21
U000002,MOV114462,3.0,2024-06-07
U000025,MOV117135,2.0,2025-07-24
U000007,MOV117251,3.0,2023-10-12
U000004,MOV112085,3.0,2025-11-20
U000801,MOV101202,4.0,2018-01-05
U000004,MOV105715,4.0,2017-10-06
U000094,MOV104768,3.0,2025-11-10
U000001,MOV119292,2.0,2024-12-30
U000002,MOV110149,4.0,2016-12-23
U000076,MOV101202,1.0,2022-06-22
U000004,MOV108100,3.0,2021-10-04
U000048,MOV113048,3.0,2024-11-06
U000039,MOV118556,5.0,2024-11-20
U000381,MOV108053,1.0,2025-03-18
U000005,MOV102801,3.0,2025-02-28
U001719,MOV109660,4.0,2016-04-14
U001642,MOV101108,5.0,2022-07-08
U000055,MOV104663,4.0,2020-06-01
U000191,MOV108068,2.0,2022-10-03
U000013,MOV114909,5.0,2024-04-19
U000045,MOV118902,3.0,2018-12-11
U000065,MOV108448,4.0,2023-04-16
U000024,MOV117948,2.0,2025-02-25
U000005,MOV103558,5.0,2023-07-26
U000016,MOV101617,5.0,2020-01-26
U000053,MOV100426,5.0,2024-10-19
U001178,MOV109221,3.0,2018-09-25
U000016,MOV117749,5.0,2020-11-19
U000258,MOV101027,1.0,2017-02-04
U000005,MOV109748,4.0,2021-08-16
U000227,MOV105990,5.0,2025-12-15
U000502,MOV119635,3.0,2024-06-17
U000010,MOV115170,1.0,2024-01-18
U002801,MOV106689,4.0,2017-12-26
U000993,MOV110026,5.0,2015-11-18
U000003,MOV112886,3.0,2025-06-07
U001080,MOV117835,4.0,2023-01-09
U000126,MOV101108,3.0,2024-05-12
U004083,MOV106424,3.0,2020-07-27
U002239,MOV116641,5.0,2015-11-25
U000003,MOV112389,3.0,2020-01-11
U000109,MOV119635,4.0,2022-09-21
U000004,MOV115563,4.0,2019-04-17
U000001,MOV111455,5.0,2019-01-24
U000082,MOV109166,4.0,2018-05-02
U000001,MOV115189,2.0,2019-05-23
U002420,MOV113048,4.0,2024-10-06
U001531,MOV118630,4.0,2022-02-16
U000050,MOV117948,5.0,2017-09-23
U000001,MOV111519,4.0,2020-03-13
U000102,MOV110026,4.0,2025-09-12
U000012,MOV117812,2.0,2020-08-25
U000199,MOV103788,2.0,2020-04-28
U000016,MOV116580,4.0,2022-12-24
U000003,MOV113595,3.0,2024-06-07
U000002,MOV119198,5.0,2023-10-31
U000492,MOV100006,4.0,2023-12-25
U000378,MOV109140,3.0,2022-06-08
U000349,MOV119272,4.0,2016-01-16
U000002,MOV101940,5.0,2025-03-28
U000050,MOV110081,2.0,2025-09-02
U000161,MOV119272,4.0,2017-01-04
U000002,MOV111275,5.0,2019-03-30
U000173,MOV109221,5.0,2021-01-18
U000420,MOV119635,2.0,2020-07-03
U000600,MOV101237,5.0,2025-07-20
U000099,MOV103182,2.0,2015-07-06
U000084,MOV103605,4.0,2015-07-18
U000002,MOV116381,4.0,2020-01-18
U000009,MOV106460,3.0,2025-01-16
U000109,MOV100557,4.0,2023-11-08
U000001,MOV112733,4.0,2023-11-01
U000224,MOV111849,3.0,2023-10-14
U000008,MOV100262,1.0,2020-11-24
U000007,MOV115759,4.0,2025-10-16
U000002,MOV108391,5.0,2020-03-21
U000002,MOV103719,4.0,2019-06-15
U002389,MOV109602,4.0,2015-10-21
U000003,MOV119554,5.0,2021-11-10
U000003,MOV106030,1.0,2020-10-25
U000150,MOV117066,2.0,2016-04-04
U000223,MOV119018,2.0,2022-07-12
U000284,MOV112641,4.0,2025-03-17
U000001,MOV104521,3.0,2020-10-01
U000164,MOV118556,4.0,2025-11-08
U000005,MOV112325,3.0,
U000001,MOV107440,1.0,2019-11-23
U000036,MOV119660,2.0,2023-04-25
U004397,MOV106333,4.0,2025-04-10
U000049,MOV117251,3.0,2021-06-15
U000015,MOV116580,4.0,2025-06-23
U000019,MOV109781,3.0,2025-03-06
U000951,MOV100006,1.0,2024-08-30
U000054,MOV118089,4.0,2025-07-08
U000250,MOV118397,4.0,2020-09-22
U000363,MOV100006,5.0,2025-10-24
U003589,MOV119272,4.0,2024-04-20
U000003,MOV115150,1.0,2025-05-28
U002967,MOV108953,5.0,2020-05-25
U000001,MOV109486,2.0,2018-08-12
U000002,MOV114110,2.0,
U000015,MOV112206,3.0,2025-06-21
U000001,MOV105470,5.0,2025-03-20
U000002,MOV107717,4.0,2020-12-26
U000031,MOV110828,4.0,2021-09-29
U000009,MOV103334,3.0,2023-09-29
U000018,MOV105153,4.0,2021-12-03
U000003,MOV117541,2.0,2023-10-23
U000168,MOV113048,4.0,2024-03-31
U000014,MOV102666,3.0,2025-11-28
U000006,MOV107788,2.0,2022-03-17
U000590,MOV110047,4.0,2025-01-14
U000004,MOV112632,4.0,2020-02-01
U000004,MOV118988,2.0,2024-05-20
U000002,MOV101861,3.0,2015-04-22
U003871,MOV100006,2.0,2022-05-12
U000833,MOV119635,5.0,2023-12-26
U000031,MOV115463,1.0,2019-07-26
U000025,MOV116538,4.0,2024-10-11
U000022,MOV113418,1.0,2021-11-04
U000110,MOV118543,5.0,2017-01-02
U000515,MOV106608,4.0,2025-12-17
U000001,MOV116050,5.0,2020-08-04
U003317,MOV102994,3.0,2019-05-22
U000161,MOV108506,2.0,2021-09-01
U001763,MOV104768,1.0,2025-11-18
U000001,MOV110084,5.0,2022-10-16
U000002,MOV106110,3.0,2025-11-06
U000677,MOV119635,5.0,2020-03-15
U000001,MOV105813,3.0,2025-08-01
U000016,MOV116796,4.0,2020-06-04
U001241,MOV100006,4.0,2023-10-06
U003904,MOV102303,1.0,2025-10-02
U000011,MOV107363,5.0,2024-07-30
U000019,MOV106333,4.0,2024-08-13
U001042,MOV105595,3.0,2021-03-07
U003463,MOV101108,4.0,2019-04-07
U001359,MOV110026,3.0,2021-07-20
U000085,MOV119635,3.0,2025-10-08
U000009,MOV109584,2.0,2020-10-06
U000029,MOV116977,5.0,2023-11-24
U000031,MOV101864,4.0,2016-08-19
U000004,MOV116222,4.0,2015-05-10
U000034,MOV102996,5.0,2025-07-31
U000191,MOV114896,3.0,2023-05-17
U000054,MOV109993,4.0,2022-11-16
U000033,MOV101202,3.0,2021-07-31
U000001,MOV107885,4.0,2025-09-19
U004013,MOV102513,4.0,2024-08-15
U000619,MOV112903,2.0,2025-04-13
U000054,MOV117251,5.0,2024-03-13
U003916,MOV100006,4.0,2022-02-27
U001225,MOV105990,3.0,2015-01-20
U000003,MOV102396,3.0,2025-07-07
U000063,MOV106590,5.0,2018-06-10
U000587,MOV111029,3.0,2024-02-25
U000161,MOV114784,4.0,2021-06-28
U000033,MOV105990,4.0,2024-01-25
U000036,MOV104768,5.0,2023-03-02
U000081,MOV116710,5.0,2022-12-31
U000169,MOV102884,5.0,2023-07-19
U000075,MOV107070,4.0,2015-06-05
U003279,MOV113048,3.0,2017-03-15
U001368,MOV119204,1.0,2018-04-12
U000074,MOV101108,4.0,2017-08-09
U001359,MOV118061,3.0,2020-07-09
U000024,MOV119660,1.0,2024-09-10
U001657,MOV107961,5.0,2020-10-09
U000125,MOV109711,5.0,2025-09-20
U000303,MOV113048,3.0,2021-08-26
U000125,MOV102729,4.0,2024-12-28
U000237,MOV108792,3.0,2025-05-08
U000084,MOV111472,1.0,2022-12-10
U000678,MOV101108,3.0,2023-06-20
U000775,MOV106165,5.0,2025-05-13
U000049,MOV100050,4.0,2025-02-02
U000684,MOV115929,4.0,2022-08-11
U000024,MOV116429,3.0,2019-05-08
U000651,MOV109280,5.0,2020-01-31
U000001,MOV104905,4.0,2016-12-31
U000101,MOV102525,4.0,2024-04-09
U000011,MOV113233,4.0,2016-04-03
U000053,MOV115929,3.0,2025-08-22
U000001,MOV116552,3.0,2025-10-13
U000018,MOV106333,4.0,2016-02-07
U000013,MOV119660,3.0,2018-04-25
U000084,MOV105990,4.0,2020-12-31
U000025,MOV111167,5.0,2025-11-26
U000502,MOV119272,4.0,2025-11-28
U000158,MOV107609,5.0,2021-10-26
U000004,MOV110995,4.0,2023-08-17
U000003,MOV110118,5.0,2024-10-02
U000095,MOV108836,5.0,2024-10-07
U000057,MOV119660,5.0,2024-12-23
U000014,MOV114199,4.0,2025-05-26
U000165,MOV104319,4.0,2022-02-16
U000038,MOV105681,4.0,2021-01-26
U000030,MOV118556,4.0,2022-12-03
U000006,MOV104621,5.0,2021-08-28
U002406,MOV119635,2.0,2023-10-15
U000197,MOV114626,2.0,2025-09-13
U000388,MOV112632,4.0,2018-05-26
U000001,MOV116563,3.0,2021-08-05
U002868,MOV107386,4.0,2021-05-15
U000011,MOV108903,5.0,2023-07-04
U000005,MOV101992,1.0,2024-10-30
U000001,MOV114415,1.0,2015-11-05
U003034,MOV101224,4.0,2025-05-15
U000001,MOV110957,3.0,2018-10-28
U003355,MOV110415,3.0,2022-12-15
U000103,MOV101718,2.0,2025-01-05
U000008,MOV112065,5.0,2016-10-23
U000008,MOV103573,2.0,2020-03-31
U000006,MOV101718,2.0,2021-10-14
U000225,MOV116392,3.0,2017-06-02
U000179,MOV108391,1.0,2022-10-13
U000770,MOV114516,5.0,2025-12-01
U000004,MOV107828,1.0,2025-01-30
U000014,MOV118973,1.0,2019-10-08
U000027,MOV118328,3.0,2024-12-17
U000033,MOV101390,1.0,2018-01-31
U000007,MOV118374,3.0,2017-04-26
U002247,MOV100006,2.0,2024-08-17
U000293,MOV117948,5.0,2022-08-16
U000111,MOV112692,5.0,2025-11-03
U000045,MOV104018,5.0,2025-07-04
U004154,MOV110026,5.0,2022-06-20
U000004,MOV114391,4.0,2021-05-11
U000539,MOV105990,4.0,2021-05-07
U002381,MOV100006,4.0,2018-07-29
U000018,MOV117885,4.0,2023-04-18
U001011,MOV110790,2.0,2017-08-29
U000067,MOV101202,4.0,2021-03-11
U000042,MOV100199,4.0,2019-06-02
U000053,MOV117251,2.0,2016-02-03
U001997,MOV103782,5.0,2025-04-03
U000005,MOV101714,4.0,2022-02-03
U000014,MOV119660,4.0,2021-09-13
U000146,MOV111075,3.0,2025-12-07
U000403,MOV100006,5.0,2020-07-08
U001881,MOV100006,5.0,2019-11-17
U000047,MOV112218,4.0,2024-12-01
U000232,MOV119635,4.0,2025-01-11
U000095,MOV112763,3.0,2025-04-29
U001151,MOV105990,3.0,2024-07-30
U000243,MOV102292,2.0,2022-07-06
U000027,MOV118556,4.0,2017-05-08
U000050,MOV111159,4.0,2022-07-12
U001123,MOV103962,4.0,2025-01-29
U000251,MOV109232,5.0,2020-02-06
U000145,MOV112735,4.0,2022-01-07
U000034,MOV119635,4.0,2017-01-16
U001091,MOV100044,3.0,2024-07-05
U000001,MOV104979,4.0,2025-10-23
U000003,MOV103827,5.0,2017-03-03
U000037,MOV109874,4.0,2022-04-09
U000012,MOV112016,5.0,2022-04-30
U000001,MOV118765,5.0,2022-01-21
U000001,MOV113259,5.0,2023-12-28
U000002,MOV116329,4.0,2023-08-30
U000002,MOV108886,5.0,2022-03-05
U000335,MOV117128,3.0,2020-03-06
U000021,MOV109291,3.0,2022-08-11
U000001,MOV118447,4.0,2015-05-14
U000043,MOV116181,4.0,2016-11-25
U000071,MOV102801,3.0,2019-02-26
U000263,MOV110475,5.0,2025-06-09
U000082,MOV106165,5.0,2023-12-19
U000096,MOV105644,3.0,2025-02-22
U000049,MOV119635,3.0,2022-03-15
U000172,MOV103952,4.0,2023-07-08
U000014,MOV101661,2.0,2023-11-06
U000017,MOV103643,4.0,2022-04-17
U001395,MOV115311,4.0,2023-10-01
U000377,MOV105990,3.0,2022-05-21
U000022,MOV114855,5.0,2021-08-14
U000004,MOV109129,4.0,2023-07-31
U001497,MOV118556,5.0,2025-10-24
U000035,MOV114993,3.0,2022-08-31
U003590,MOV100006,2.0,
U000138,MOV109288,4.0,2020-08-24
U000182,MOV106594,5.0,2024-08-15
U000004,MOV100199,4.0,2024-04-02
U003508,MOV115199,4.0,2018-06-13
U000003,MOV101011,2.0,2023-05-13
U000450,MOV105990,4.0,2023-04-15
U000225,MOV111245,5.0,2025-08-04
U000131,MOV108062,1.0,2019-09-18
U000046,MOV103334,4.0,2018-11-05
U000007,MOV118049,4.0,2025-11-27
U000003,MOV111925,4.0,2025-03-09
U000281,MOV109422,5.0,2021-12-08
U000002,MOV113692,5.0,2024-09-13
U000009,MOV106850,5.0,2020-08-19
U000007,MOV103328,4.0,2025-07-06
U000106,MOV119635,3.0,2024-06-22
U000005,MOV106850,4.0,2020-04-12
U000266,MOV101718,1.0,2024-11-30
U000307,MOV111159,3.0,2024-06-18
U000002,MOV105364,2.0,2022-02-13
U000002,MOV112660,5.0,2022-08-01
U000004,MOV113876,3.0,2025-01-02
U000023,MOV108912,2.0,2022-06-26
U000006,MOV105832,4.0,2024-02-05
U000001,MOV105340,4.0,2019-01-24
U000057,MOV119635,5.0,2025-07-11
U000333,MOV108361,3.0,2019-10-26
U000001,MOV103969,3.0,2025-12-28
U000138,MOV109602,4.0,2020-10-29
U000002,MOV118120,4.0,2021-10-25
U000001,MOV108217,5.0,2024-08-25
U000032,MOV104215,4.0,2022-04-11
U000012,MOV117348,4.0,2023-05-22
U003525,MOV104768,4.0,2020-03-22
U000578,MOV116336,3.0,2025-08-05
U000009,MOV100951,4.0,2025-10-02
U000003,MOV105422,4.0,2025-10-28
U001200,MOV100006,3.0,2025-12-06
U000084,MOV111692,1.0,2023-09-21
U000235,MOV100006,3.0,2024-09-08
U000002,MOV112024,2.0,2022-04-21
U000098,MOV119738,4.0,2019-10-23
U000199,MOV111271,5.0,2016-05-11
U000435,MOV112232,1.0,2020-03-26
U000002,MOV103718,4.0,2025-06-27
U000644,MOV114017,5.0,2025-05-24
U000008,MOV108691,5.0,2022-09-19
U000360,MOV119714,5.0,2022-09-13
U000167,MOV108832,4.0,2020-09-04
U000006,MOV117364,3.0,2025-09-18
U000006,MOV113223,4.0,2018-01-25
U000053,MOV114780,1.0,2025-11-17
U000413,MOV112579,5.0,2021-07-20
U000008,MOV117793,2.0,2024-06-15
U000011,MOV105702,2.0,2023-01-30
U000005,MOV113815,4.0,2021-02-16
U000027,MOV113768,3.0,2025-09-24
U000002,MOV115537,4.0,2020-10-27
U000001,MOV116564,4.0,2021-04-15
U000019,MOV104321,4.0,2024-12-26
U000013,MOV104967,2.0,2023-02-22
U000299,MOV119635,3.0,2017-03-22
U000057,MOV109221,4.0,2018-12-18
U000002,MOV110475,3.0,2015-04-02
U000038,MOV116505,4.0,2016-07-06
U000057,MOV105174,4.0,2023-02-22
U000089,MOV109652,5.0,2024-04-26
U002204,MOV112425,4.0,2019-09-18
U000256,MOV119204,4.0,2019-07-14
U000331,MOV106701,4.0,2024-07-05
U002869,MOV101202,5.0,2021-08-22
U000964,MOV100006,1.0,2020-07-13
U000489,MOV112058,1.0,2024-03-07
U001913,MOV106916,4.0,2023-07-17
U000142,MOV105990,3.0,2021-12-12
U000785,MOV114626,3.0,2024-01-01
U000003,MOV103336,3.0,2025-05-08
U000035,MOV104147,4.0,2025-12-10
U000547,MOV103145,3.0,2019-12-28
U000006,MOV119030,5.0,2023-06-12
U000006,MOV102095,3.0,2023-06-09
U000120,MOV110026,4.0,2017-02-08
U000021,MOV115811,4.0,2021-05-02
U000061,MOV119635,4.0,2023-03-07
U001243,MOV110026,4.0,2019-11-12
U003286,MOV117851,3.0,2020-04-28
U000010,MOV103438,4.0,2025-06-13
U000022,MOV116254,3.0,2024-05-17
U000001,MOV116235,5.0,2023-05-09
U000004,MOV104663,5.0,2021-06-26
U000005,MOV117741,3.0,2025-05-16
U000004,MOV113976,5.0,2022-08-14
U000007,MOV119578,4.0,2022-07-30
U000010,MOV106941,4.0,2020-08-12
U000001,MOV113737,4.0,2025-05-29
U003063,MOV104975,4.0,2025-12-12
U000006,MOV100362,3.0,2025-06-08
U000028,MOV118608,4.0,2025-04-10
U000001,MOV105636,4.0,2024-06-12
U000003,MOV107585,5.0,2024-01-31
U001769,MOV100557,1.0,2020-06-22
U000049,MOV111338,4.0,2021-08-21
U000071,MOV108108,4.0,2021-06-03
U000001,MOV105612,3.0,2023-07-21
U000214,MOV111029,4.0,2017-11-11
U000030,MOV105896,3.0,2015-08-10
U002771,MOV105644,3.0,2019-12-25
U004474,MOV103334,5.0,2019-08-31
U000142,MOV102023,1.0,2022-07-19
U000338,MOV103995,1.0,2022-08-31
U001083,MOV103248,3.0,2021-11-01
U000189,MOV110026,5.0,2022-04-30
U000234,MOV114993,4.0,2020-03-10
U000061,MOV119590,3.0,2024-04-15
U000022,MOV118556,1.0,2018-06-01
U003208,MOV119635,5.0,2015-06-10
U001450,MOV105987,4.0,2016-10-20
U000013,MOV101922,4.0,2023-06-07
U000009,MOV105185,3.0,2021-05-03
U000006,MOV105402,1.0,2017-05-28
U001745,MOV110026,5.0,2025-12-21
U000041,MOV104027,4.0,2022-07-24
U000030,MOV103153,1.0,2022-01-07
U000048,MOV109315,1.0,2022-07-13
U000179,MOV119841,5.0,2023-09-14
U000001,MOV109795,4.0,2024-12-09
U000684,MOV100006,4.0,2021-08-08
U000001,MOV111866,5.0,2024-10-24
U000001,MOV105480,4.0,2023-06-24
U000013,MOV110262,5.0,2023-03-27
U000172,MOV114626,5.0,2022-06-14
U000001,MOV104333,4.0,2025-05-28
U000342,MOV113048,4.0,2018-10-01
U000044,MOV114811,2.0,2024-04-03
U000517,MOV109221,4.0,2025-12-21
U000011,MOV102534,3.0,2024-11-29
U000234,MOV119635,3.0,2022-06-06
U000815,MOV105990,4.0,2023-12-31
U000112,MOV109873,3.0,2022-10-31
U000078,MOV119204,1.0,
U000007,MOV108791,1.0,2017-05-14
U000001,MOV105222,2.0,2025-06-13
U000011,MOV119491,5.0,2015-08-10
U000300,MOV119635,4.0,2017-09-05
U000004,MOV114473,3.0,2025-03-16
U000001,MOV105606,4.0,2017-03-13
U000401,MOV100006,4.0,2023-05-07
U000073,MOV109993,4.0,2025-01-21
U002938,MOV117940,3.0,2022-11-06
U000015,MOV111924,2.0,2017-09-25
U000031,MOV101681,3.0,2025-10-20
U000017,MOV113048,3.0,2021-12-19
U000235,MOV119754,4.0,2018-09-25
U000003,MOV108904,4.0,2017-12-05
U000207,MOV118556,3.0,2015-08-18
U000064,MOV107732,5.0,2024-11-12
U001315,MOV112763,5.0,2025-05-02
U001282,MOV118556,5.0,2025-02-11
U000034,MOV107386,3.0,2025-12-03
U000001,MOV101265,5.0,2020-06-03
U000009,MOV113160,3.0,2019-06-03
U000012,MOV112903,4.0,2020-12-22
U000571,MOV102303,3.0,2025-12-12
U000034,MOV119544,3.0,2021-01-08
U001536,MOV100006,3.0,2021-12-01
U000011,MOV113043,4.0,2025-11-01
U001124,MOV116956,3.0,2024-02-16
U000055,MOV110026,5.0,2019-03-25
U000001,MOV114409,2.0,2025-11-16
U000808,MOV118510,5.0,2025-08-21
U000057,MOV105880,4.0,2020-06-24
U000258,MOV100006,4.0,2024-08-13
U000005,MOV114790,4.0,2025-10-14
U000085,MOV116556,2.0,2019-03-04
U004446,MOV112533,4.0,2021-07-27
U000013,MOV114896,3.0,2022-08-31
U000216,MOV119635,3.0,2019-01-23
U000036,MOV113959,3.0,2024-01-21
U000002,MOV119129,5.0,2025-09-10
U000125,MOV113766,2.0,2025-01-07
U000006,MOV115413,3.0,2017-07-07
U000005,MOV118561,1.0,2020-04-25
U000008,MOV114155,4.0,2023-02-18
U001154,MOV118042,2.0,2018-07-23
U002285,MOV114832,3.0,2020-10-28
U000068,MOV113985,3.0,2024-08-10
U000001,MOV100839,2.0,2023-05-26
U000145,MOV100557,4.0,2021-08-03
U001832,MOV109221,3.0,2022-03-06
U000002,MOV118125,5.0,2023-12-02
U000014,MOV112855,4.0,2021-02-17
U000146,MOV103728,3.0,2025-03-15
U000021,MOV110182,4.0,2024-08-10
U001573,MOV113060,4.0,2024-05-28
U000072,MOV113223,1.0,2022-01-14
U000011,MOV105448,2.0,2015-09-16
U000021,MOV114993,4.0,2025-01-11
U000265,MOV113048,3.0,2025-07-25
U000010,MOV104683,1.0,2018-11-19
U000728,MOV118728,3.0,2019-09-27
U000002,MOV104098,1.0,2025-12-07
U000459,MOV107579,4.0,2021-08-05
U000022,MOV103496,4.0,2025-04-29
U000047,MOV117251,4.0,2020-01-01
U000948,MOV100208,4.0,2016-11-29
U000530,MOV116154,2.0,2023-02-19
U000047,MOV102166,3.0,2025-01-21
U000002,MOV106764,4.0,2023-09-20
U000031,MOV107464,4.0,2023-09-04
U000006,MOV118753,4.0,2025-05-11
U000001,MOV104579,3.0,
U000013,MOV105833,5.0,2021-07-18
U000005,MOV113795,4.0,2021-04-16
U002849,MOV118145,3.0,2020-10-01
U000006,MOV107070,2.0,2017-07-28
U000058,MOV114909,4.0,2025-02-14
U000002,MOV109776,2.0,2023-02-14
U002036,MOV114755,4.0,2025-10-21
U000020,MOV114896,3.0,2021-12-28
U000262,MOV114360,4.0,2020-07-24
U000101,MOV116710,5.0,2024-08-05
U000434,MOV100006,4.0,2018-10-08
U000764,MOV104474,5.0,2021-03-28
U000004,MOV111270,5.0,2023-09-05
U000002,MOV106063,4.0,2017-11-28
U000037,MOV111029,3.0,2023-12-25
U000005,MOV112306,3.0,2018-12-31
U000001,MOV105009,3.0,2025-11-16
U001455,MOV100733,4.0,2022-11-13
U000165,MOV102994,4.0,2021-05-27
U000001,MOV115604,2.0,2019-12-02
U000074,MOV119635,2.0,2024-05-23
U000002,MOV105650,3.0,2018-10-17
U000015,MOV106498,3.0,2022-05-24
U000021,MOV117914,3.0,2024-06-25
U000032,MOV118492,4.0,2024-04-20
U000056,MOV110995,4.0,2019-06-30
U000038,MOV116181,2.0,2024-08-21
U000001,MOV113359,2.0,2021-09-12
U000178,MOV109340,4.0,2025-11-25
U000903,MOV111326,3.0,2025-03-17
U000528,MOV101136,3.0,2020-04-15
U000328,MOV117729,2.0,2020-10-16
U000009,MOV101336,4.0,2021-05-27
U000018,MOV115960,4.0,2023-01-20
U000551,MOV111271,4.0,2024-07-07
U000175,MOV103577,3.0,2022-10-07
U002472,MOV100006,1.0,2024-03-20
U000249,MOV102362,4.0,2022-02-16
U000854,MOV100006,4.0,2023-09-21
U001454,MOV119660,5.0,2019-03-27
U000001,MOV100117,1.0,2020-02-06
U000048,MOV102610,3.0,2021-08-07
U000013,MOV105077,4.0,2025-06-24
U000043,MOV113223,3.0,2015-04-17
U000002,MOV118899,4.0,2021-05-08
U000355,MOV107392,3.0,
U000192,MOV113800,3.0,2023-11-20
U000002,MOV108895,4.0,2022-06-26
U001806,MOV119635,3.0,2023-04-07
U000319,MOV106906,4.0,2021-05-27
U001798,MOV101947,5.0,2025-07-02
U004486,MOV100006,1.0,2017-09-24
U000001,MOV103549,3.0,2021-11-21
U000009,MOV102058,1.0,2021-12-26
U000001,MOV117349,2.0,2017-10-03
U000101,MOV100783,3.0,2020-09-03
U000002,MOV108547,5.0,2024-04-04
U000496,MOV101108,4.0,2025-09-29
U000005,MOV111986,5.0,2020-11-28
U000290,MOV100783,3.0,2023-11-09
U000421,MOV117251,4.0,2018-05-16
U000002,MOV101463,4.0,2023-11-29
U003280,MOV100006,3.0,2024-03-12
U000074,MOV119802,2.0,2019-11-29
U000012,MOV106689,4.0,2023-03-13
U000001,MOV114454,1.0,2016-07-24
U000007,MOV111095,3.0,2018-09-17
U000378,MOV109221,4.0,2025-10-08
U000044,MOV116580,5.0,2024-03-28
U000005,MOV112085,5.0,2024-07-02
U001037,MOV105990,5.0,2022-03-06
U000002,MOV107210,4.0,2025-05-26
U001037,MOV109913,5.0,2023-09-06
U000002,MOV113401,3.0,2024-11-18
U001072,MOV105990,1.0,2023-04-14
U000004,MOV119468,4.0,2022-06-03
U000107,MOV105990,5.0,2019-05-10
U000728,MOV108836,5.0,2023-06-02
U000003,MOV118753,5.0,2024-03-10
U000029,MOV105422,4.0,2025-08-09
U000272,MOV119204,4.0,2024-11-09
U000005,MOV107209,4.0,2025-03-08
U000052,MOV101108,4.0,2025-07-19
U000001,MOV106240,5.0,2021-02-26
U000015,MOV104425,4.0,2025-05-23
U000007,MOV113223,4.0,2022-11-22
U001549,MOV115843,4.0,2021-06-02
U000023,MOV119106,4.0,2024-02-08
U000089,MOV106689,5.0,2023-07-11
U000002,MOV111648,4.0,2025-02-11
U000001,MOV109554,4.0,2023-09-26
U000448,MOV106452,4.0,2021-04-23
U000003,MOV105482,4.0,2019-06-01
U000642,MOV100987,3.0,2015-06-29
U000032,MOV110790,3.0,
U000099,MOV113766,4.0,2023-05-24
U000010,MOV101840,4.0,2024-02-25
U000003,MOV103063,3.0,2025-02-17
U000090,MOV106780,4.0,2017-11-21
U000005,MOV113737,5.0,2023-07-01
U000001,MOV111172,4.0,2025-04-30
U001087,MOV104553,5.0,2020-03-23
U000086,MOV119204,4.0,2016-05-18
U000001,MOV104366,3.0,2022-06-17
U000013,MOV108524,3.0,2025-09-12
U001079,MOV119660,4.0,2022-10-10
U000345,MOV118259,4.0,2021-06-17
U000004,MOV105546,2.0,2021-11-20
U001093,MOV100006,3.0,2018-08-13
U001176,MOV101061,4.0,2024-12-11
U001233,MOV111366,5.0,2025-03-11
U000026,MOV100303,3.0,2022-12-27
U000127,MOV100107,3.0,2020-11-18
U000065,MOV104768,3.0,2019-01-24
U002757,MOV105644,2.0,2020-03-19
U000251,MOV100557,5.0,2021-01-31
U000437,MOV111434,2.0,2020-09-14
U000005,MOV104346,4.0,2022-11-15
U003567,MOV118556,1.0,2025-12-05
U000011,MOV116956,2.0,2025-10-17
U000020,MOV105746,4.0,2018-05-20
U001326,MOV100831,4.0,2025-04-23
U000018,MOV103906,3.0,
U000045,MOV105864,4.0,2023-07-11
U000083,MOV116064,5.0,2020-08-26
U002454,MOV113418,2.0,2023-05-12
U003967,MOV108506,4.0,2024-11-16
U004077,MOV113048,2.0,2018-11-16
U000010,MOV104975,4.0,2020-09-13
U001052,MOV100006,2.0,2020-12-20
U000001,MOV109657,5.0,2024-12-18
U000043,MOV101108,4.0,2021-08-02
U000003,MOV119206,3.0,2024-04-19
U000185,MOV103605,5.0,2019-05-28
U000001,MOV101061,5.0,2022-09-03
U000001,MOV105549,4.0,2024-11-07
U000097,MOV118510,5.0,2017-10-14
U000010,MOV107097,3.0,2024-03-13
U000005,MOV103929,4.0,2019-01-02
U000001,MOV101501,3.0,2022-01-30
U000007,MOV110968,5.0,2025-09-04
U002897,MOV104768,4.0,2017-12-22
U000371,MOV100006,5.0,2022-07-11
U000177,MOV117648,4.0,2024-10-31
U000004,MOV116741,4.0,2025-07-24
U000295,MOV106080,4.0,2024-01-02
U000001,MOV109891,4.0,2023-02-25
U000059,MOV105644,4.0,2022-02-13
U000009,MOV118159,3.0,2019-06-23
U001000,MOV119272,5.0,2017-10-16
U000100,MOV107414,4.0,2019-08-02
U000201,MOV108656,3.0,2023-08-13
U000228,MOV114869,5.0,2019-10-06
U000045,MOV111282,3.0,2020-03-12
U000008,MOV106293,3.0,2025-08-04
U000031,MOV103670,4.0,2023-12-15
U000280,MOV102552,1.0,2023-10-11
U001183,MOV104752,3.0,2017-11-29
U002198,MOV119635,2.0,2022-11-08
U000090,MOV107070,3.0,2015-06-15
U000157,MOV110790,5.0,2022-05-15
U000020,MOV105530,3.0,2019-03-17
U000007,MOV104683,3.0,2017-07-07
U000009,MOV109107,4.0,2021-02-11
U000001,MOV119225,1.0,2023-08-21
U000001,MOV111279,3.0,2017-11-21
U000181,MOV111103,5.0,2023-04-22
U000695,MOV119272,4.0,2020-01-19
U001149,MOV119204,4.0,2022-09-05
U000173,MOV101202,5.0,2019-10-24
U001746,MOV108836,5.0,2024-03-30
U000360,MOV118556,4.0,
U000004,MOV114313,3.0,2015-06-15
U000001,MOV110141,2.0,2025-06-21
U004027,MOV111924,4.0,2025-05-17
U000175,MOV114993,3.0,2022-06-29
U000023,MOV114784,4.0,2020-07-31
U000004,MOV106476,3.0,2025-10-11
U000001,MOV106287,4.0,2023-05-28
U000002,MOV118185,3.0,2020-02-17
U000046,MOV106333,5.0,2023-01-08
U000615,MOV100006,3.0,2019-11-04
U000002,MOV109913,4.0,2024-07-18
U000007,MOV115317,5.0,2024-06-11
U000018,MOV110828,5.0,2024-02-06
U000802,MOV116993,3.0,2024-08-27
U000025,MOV118859,3.0,2020-04-17
U000004,MOV104633,3.0,2025-11-01
U000006,MOV117643,1.0,2025-04-22
U000054,MOV105990,1.0,2025-12-03
U000005,MOV100931,1.0,2023-04-09
U000015,MOV115151,4.0,2024-09-28
U000005,MOV102396,4.0,2019-11-29
U000001,MOV108811,2.0,2018-05-12
U000119,MOV100557,2.0,2021-11-23
U000567,MOV109602,4.0,2024-02-21
U000002,MOV104979,5.0,2018-11-22
U000001,MOV106639,5.0,2019-05-02
U002178,MOV101995,4.0,2025-04-28
U000004,MOV103327,2.0,2023-05-25
U003175,MOV116579,4.0,2022-11-08
U000008,MOV117919,4.0,2018-02-22
U000439,MOV112232,4.0,2019-08-23
U000356,MOV100006,3.0,2021-08-14
U000001,MOV107762,4.0,2016-02-25
U000016,MOV119186,5.0,2023-11-22
U001796,MOV100006,4.0,2022-11-11
U000035,MOV101965,1.0,2023-09-04
U001259,MOV110995,4.0,2025-06-05
U000022,MOV119753,2.0,2025-10-12
U000011,MOV101575,5.0,2025-05-14
U000045,MOV107732,5.0,2018-06-26
U000002,MOV116144,3.0,2019-12-14
U000021,MOV117948,5.0,2024-05-17
U000019,MOV103446,3.0,2023-08-15
U000002,MOV104032,5.0,2021-11-16
U000386,MOV112893,5.0,2021-07-24
U001417,MOV108256,4.0,2020-01-18
U000446,MOV119635,4.0,2020-07-03
U000011,MOV105482,3.0,2023-02-03
U000268,MOV112100,3.0,2024-08-30
U000024,MOV114131,4.0,2024-05-30
U000275,MOV101108,1.0,2021-06-09
U000105,MOV105990,3.0,2021-02-17
U000002,MOV111574,1.0,2020-04-14
U000329,MOV108506,3.0,2025-05-21
U000009,MOV103147,4.0,2021-08-29
U000010,MOV101530,4.0,2020-09-24
U000486,MOV109221,5.0,2020-07-03
U000713,MOV101108,4.0,2019-11-06
U000027,MOV117873,4.0,2017-07-22
U000150,MOV105077,4.0,2023-11-24
U003057,MOV118374,2.0,2020-01-21
U000003,MOV118492,5.0,2024-11-25
U000356,MOV108775,3.0,2025-09-29
U000026,MOV111434,4.0,2020-11-12
U000001,MOV103402,3.0,2020-02-03
U000016,MOV103946,5.0,2018-06-15
U000007,MOV108091,4.0,2025-07-08
U002102,MOV101268,5.0,2024-06-20
U000087,MOV119635,4.0,2025-01-31
U000048,MOV117793,1.0,2019-06-03
U000660,MOV100006,2.0,2025-10-26
U000847,MOV113418,2.0,2025-11-07
U000002,MOV105720,5.0,2025-10-20
U000002,MOV110363,1.0,2022-08-22
U000425,MOV109221,1.0,2024-03-03
U001972,MOV112088,5.0,2021-01-26
U000015,MOV102801,3.0,
U000130,MOV119272,4.0,2022-03-22
U000055,MOV116233,5.0,2019-04-25
U001251,MOV114970,5.0,2024-06-12
U000039,MOV109600,4.0,2025-09-13
U000095,MOV103178,2.0,2024-05-14
U000170,MOV101501,3.0,2022-04-14
U000301,MOV109221,4.0,2024-06-29
U000017,MOV105896,3.0,2016-09-02
U000296,MOV119109,3.0,2025-10-30
U000397,MOV103334,1.0,2021-03-27
U002761,MOV107774,3.0,
U000004,MOV105004,4.0,2020-09-24
U000002,MOV106289,5.0,2019-11-26
U000005,MOV104436,5.0,2024-10-21
U000002,MOV101908,4.0,2024-08-14
U001275,MOV100006,4.0,2023-09-08
U000002,MOV102826,3.0,2025-10-15
U000096,MOV118543,4.0,2020-09-11
U000001,MOV101237,5.0,2021-09-14
U000017,MOV116878,5.0,2024-12-13
U000129,MOV113800,4.0,2020-12-24
U000034,MOV103577,2.0,2023-03-03
U000011,MOV108506,5.0,2025-08-19
U000373,MOV100006,4.0,2025-05-15
U004209,MOV107386,3.0,2025-06-25
U000002,MOV109536,2.0,2024-01-07
U000011,MOV104375,5.0,2018-04-07
U000020,MOV111159,5.0,2025-10-05
U001000,MOV105990,3.0,2025-06-04
U000163,MOV113766,4.0,2024-10-27
U000356,MOV110026,3.0,2022-03-12
U000118,MOV119097,1.0,2020-11-01
U002989,MOV113048,5.0,2020-11-03
U000397,MOV103542,3.0,2021-01-30
U000087,MOV116536,1.0,2025-12-23
U000011,MOV119578,4.0,2024-03-07
U000010,MOV108506,5.0,2021-05-05
U000001,MOV113020,5.0,2021-10-05
U000002,MOV110869,3.0,2020-02-03
U000339,MOV118556,4.0,2022-02-19
U000440,MOV113048,3.0,2025-02-19
U000037,MOV116505,5.0,2022-04-04
U000035,MOV119635,4.0,2020-05-21
U000106,MOV101108,4.0,2025-10-01
U000354,MOV101388,4.0,2015-09-17
U000001,MOV117694,4.0,2021-02-05
U000069,MOV107605,4.0,2020-05-30
U000108,MOV119272,1.0,2017-03-11
U000009,MOV109223,2.0,2025-12-02
U000004,MOV112688,3.0,2022-10-02
U000002,MOV119373,4.0,2023-07-24
U000237,MOV112699,4.0,2025-11-01
U000003,MOV117931,5.0,2019-06-01
U003020,MOV101108,4.0,2024-02-12
U001930,MOV109219,4.0,2023-03-04
U000078,MOV110026,3.0,2020-09-14
U000733,MOV100006,3.0,2023-09-14
U000006,MOV108026,5.0,2023-12-14
U000005,MOV108377,3.0,2022-08-05
U000003,MOV116121,5.0,2024-02-21
U000170,MOV110128,5.0,2024-11-17
U000002,MOV104695,5.0,2019-09-10
U000118,MOV110608,3.0,2024-07-13
U003297,MOV116203,1.0,2016-04-07
U000025,MOV104319,4.0,2023-06-24
U000302,MOV107772,1.0,2025-05-18
U000054,MOV110014,4.0,2025-09-14
U000001,MOV102733,4.0,2022-05-05
U000497,MOV118828,3.0,2025-04-15
U000019,MOV119853,2.0,2019-11-27
U000128,MOV119491,4.0,2016-08-26
U000020,MOV115268,4.0,2025-10-23
U000351,MOV109632,2.0,2019-09-02
U000017,MOV105234,4.0,2025-06-25
U000001,MOV117412,3.0,2024-11-29
U000229,MOV111888,3.0,2021-07-23
U000025,MOV111443,4.0,
U000009,MOV106458,4.0,2025-02-16
U000005,MOV116707,3.0,2025-12-04
U000016,MOV103643,3.0,2025-02-27
U000039,MOV117119,4.0,2018-11-09
U000299,MOV119272,2.0,2025-07-13
U000002,MOV117287,4.0,2019-09-21
U000001,MOV119097,3.0,2025-07-29
U000060,MOV115642,5.0,2017-03-19
U000355,MOV109759,3.0,2024-07-21
U000081,MOV113766,2.0,2018-04-09
U000090,MOV113611,4.0,2022-09-20
U000001,MOV113421,2.0,2024-09-26
U001475,MOV109221,2.0,2019-06-16
U000001,MOV101756,5.0,2017-07-13
U000304,MOV115573,4.0,2021-09-27
U002121,MOV113160,3.0,2017-08-30
U000001,MOV117029,4.0,2017-07-16
U000346,MOV101108,4.0,2025-09-18
U000002,MOV101120,5.0,2021-03-22
U000003,MOV110783,4.0,2019-08-09
U000251,MOV100292,5.0,2023-05-26
U000043,MOV112130,3.0,2024-09-10
U002214,MOV105644,1.0,2021-04-06
U000016,MOV114601,3.0,2017-07-08
U000004,MOV103643,4.0,2021-11-15
U000010,MOV111153,3.0,2015-04-17
U001641,MOV103323,5.0,2025-04-17
U000536,MOV100006,4.0,2020-05-17
U000053,MOV100557,4.0,2021-01-28
U000093,MOV109221,3.0,2019-10-17
U000552,MOV103096,4.0,2020-07-13
U000004,MOV104291,3.0,2025-04-29
U000077,MOV107772,1.0,2019-02-20
U000002,MOV100271,2.0,2016-03-02
U000001,MOV112085,4.0,2023-01-24
U000077,MOV119204,4.0,2025-04-05
U001312,MOV108092,4.0,2024-04-07
U000003,MOV113972,4.0,2024-05-24
U000004,MOV105162,5.0,2025-12-22
U000394,MOV119635,3.0,2021-08-18
U000338,MOV105022,4.0,2025-01-28
U000006,MOV100392,3.0,2022-11-03
U000023,MOV110828,1.0,2025-11-21
U000001,MOV117946,5.0,2023-10-20
U000001,MOV109329,3.0,2018-12-12
U000186,MOV101202,5.0,2024-03-17
U000040,MOV119150,3.0,2025-06-28
U000152,MOV113195,4.0,2018-03-28
U000002,MOV102026,2.0,2018-08-31
U001057,MOV107262,2.0,2019-06-21
U000275,MOV113766,3.0,2025-01-04
U000003,MOV103017,5.0,2016-11-25
U000106,MOV107210,4.0,2022-04-11
U000018,MOV109167,3.0,2023-04-07
U004017,MOV111029,3.0,2020-02-07
U001108,MOV108588,4.0,2025-01-06
U000009,MOV116913,4.0,2018-12-24
U002236,MOV109748,5.0,2025-04-27
U000008,MOV104354,4.0,2024-03-19
U000026,MOV101257,5.0,2021-07-18
U002488,MOV100006,4.0,2024-10-24
U000776,MOV119635,5.0,2016-10-16
U001534,MOV112232,4.0,2023-05-13
U000175,MOV119635,3.0,2025-04-08
U000143,MOV108419,3.0,2024-03-08
U000330,MOV110790,5.0,2021-02-15
U000012,MOV102338,3.0,2021-11-07
U000002,MOV111217,5.0,2023-05-06
U000315,MOV105990,5.0,2023-06-08
U000001,MOV105234,5.0,2020-03-31
U000240,MOV101539,1.0,2022-01-14
U000191,MOV101380,3.0,2023-09-25
U000019,MOV107429,4.0,2023-07-01
U002510,MOV104557,1.0,2023-01-04
U000532,MOV103912,4.0,2022-06-05
U000033,MOV103210,4.0,2019-11-25
U000062,MOV119450,5.0,2024-12-11
U000009,MOV113384,5.0,
U000685,MOV111332,3.0,2025-08-17
U000061,MOV113768,3.0,2022-07-22
U001066,MOV105022,4.0,2019-11-14
U000009,MOV103125,5.0,2025-05-24
U000102,MOV101108,5.0,2019-09-04
U001842,MOV105990,5.0,2025-05-11
U000640,MOV105764,1.0,2019-06-17
U000007,MOV113388,4.0,2024-12-19
U000092,MOV114424,4.0,2015-10-24
U000126,MOV105990,3.0,2025-07-12
U000030,MOV119575,3.0,2024-02-06
U000001,MOV109843,4.0,2022-07-12
U000003,MOV101268,4.0,2016-11-06
U001933,MOV111029,2.0,2022-06-09
U000001,MOV117633,1.0,2022-12-25
U000246,MOV114993,3.0,2025-08-08
U000036,MOV119159,3.0,2024-07-07
U000056,MOV117820,2.0,2020-11-09
U000006,MOV102474,5.0,2019-11-15
U000002,MOV114205,4.0,2023-11-24
U000001,MOV108973,3.0,2020-09-17
U000002,MOV100199,5.0,2022-10-12
U001338,MOV100006,3.0,2021-08-11
U000421,MOV107575,5.0,2025-12-01
U000341,MOV105896,4.0,2023-06-08
U000001,MOV107452,4.0,2023-10-31
U000033,MOV119272,2.0,2024-10-21
U000036,MOV119204,3.0,2018-10-22
U002430,MOV115434,4.0,2021-10-27
U000044,MOV101871,1.0,2025-04-11
U000001,MOV116769,3.0,2019-06-24
U003860,MOV119635,3.0,2025-07-13
U001509,MOV100006,4.0,2019-10-23
U000012,MOV114427,3.0,2023-06-23
U000309,MOV101832,4.0,2023-11-25
U000002,MOV112165,1.0,2022-08-21
U000001,MOV101188,1.0,2025-03-11
U000031,MOV118044,4.0,2021-06-28
U000152,MOV114790,3.0,2023-11-07
U002375,MOV106380,5.0,2024-05-29
U001213,MOV119164,4.0,2015-04-07
U000152,MOV105896,3.0,2019-01-22
U000188,MOV114626,5.0,2018-08-14
U000822,MOV100006,5.0,2023-02-24
U000041,MOV101328,3.0,2023-09-30
U000002,MOV106067,5.0,2018-10-14
U000458,MOV100006,5.0,2017-01-28
U000004,MOV108858,3.0,2019-04-15
U004226,MOV117953,3.0,2023-04-30
U002892,MOV101108,4.0,2021-02-10
U000375,MOV119204,3.0,2025-03-10
U000014,MOV114046,4.0,2024-04-29
U000412,MOV100006,1.0,2024-01-28
U000001,MOV105928,1.0,2025-08-01
U000001,MOV115642,5.0,2025-03-03
U000053,MOV103610,2.0,2017-09-05
U000026,MOV109340,4.0,2025-07-19
U000066,MOV114896,3.0,2022-07-11
U002345,MOV100006,2.0,2019-06-04
U000001,MOV117718,4.0,2025-10-17
U000002,MOV103818,1.0,2025-10-26
U000230,MOV109221,5.0,2019-09-07
U001201,MOV108419,2.0,2016-08-23
U000177,MOV106689,3.0,2023-01-01
U000018,MOV101414,4.0,2020-11-05
U000071,MOV102341,3.0,2025-05-19
U001558,MOV112903,4.0,2018-07-05
U001343,MOV100220,1.0,2024-01-20
U001399,MOV103502,4.0,2023-05-03
U000052,MOV111034,4.0,2017-05-31
U002210,MOV100006,4.0,2024-03-19
U000313,MOV113048,4.0,2018-06-12
U000224,MOV110790,1.0,2017-07-30
U001477,MOV103921,2.0,2023-06-17
U000094,MOV118746,2.0,2025-02-03
U000097,MOV102511,4.0,2022-07-13
U000956,MOV103003,3.0,2023-03-29
U000019,MOV103197,3.0,2025-01-08
U000052,MOV113048,4.0,2025-01-25
U003538,MOV110790,4.0,2022-05-19
U000004,MOV119692,3.0,2024-03-24
U000580,MOV107386,3.0,2017-10-21
U000001,MOV106662,5.0,2021-12-08
U000401,MOV110905,5.0,2020-04-17
U000002,MOV117828,3.0,2017-11-03
U000043,MOV110304,5.0,2024-12-14
U000670,MOV100006,3.0,2022-12-11
U000016,MOV106380,3.0,2019-10-28
U000036,MOV100839,1.0,2020-09-22
U000033,MOV100831,4.0,2019-11-29
U000003,MOV110304,4.0,2023-01-07
U000001,MOV107688,3.0,2019-03-04
U000078,MOV100491,5.0,2017-12-21
U000037,MOV103423,5.0,2021-02-08
U001090,MOV119635,3.0,2019-06-25
U000006,MOV107224,4.0,2020-03-03
U000044,MOV103651,3.0,2024-12-02
U000183,MOV100006,4.0,2022-07-26
U001396,MOV105644,3.0,2016-12-15
U000126,MOV117031,3.0,2025-10-21
U000008,MOV102413,2.0,2017-06-25
U000008,MOV115097,4.0,2022-10-02
U000673,MOV107772,4.0,2025-11-03
U000001,MOV101694,4.0,2016-10-25
U000001,MOV110381,3.0,2024-02-22
U000074,MOV112545,5.0,2019-11-01
U000085,MOV102094,4.0,2023-06-27
U000013,MOV115858,3.0,2025-05-14
U000116,MOV106037,4.0,2024-10-08
U001545,MOV110122,4.0,2019-08-10
U000194,MOV108283,4.0,2021-09-17
U000033,MOV113048,5.0,2022-08-29
U002298,MOV110026,4.0,2021-08-11
U000003,MOV102989,3.0,2021-01-22
U000004,MOV108980,5.0,2016-07-03
U000794,MOV104768,5.0,2024-12-17
U000037,MOV113155,5.0,2023-11-24
U000003,MOV114658,4.0,2016-01-08
U000021,MOV100831,5.0,2020-03-02
U000006,MOV101353,4.0,2025-11-21
U000029,MOV101524,5.0,2022-06-18
U000004,MOV104816,3.0,2022-01-07
U000002,MOV103087,4.0,2024-03-12
U003387,MOV119635,5.0,2017-07-24
U000577,MOV101061,5.0,2021-04-02
U000001,MOV112167,5.0,2025-06-26
U000003,MOV115826,5.0,2022-06-09
U000007,MOV119525,3.0,2018-11-25
U000132,MOV111823,3.0,2023-04-04
U000001,MOV100429,4.0,2025-06-01
U000002,MOV110441,4.0,2016-09-03
U000002,MOV112045,3.0,2024-03-29
U000338,MOV105896,4.0,2025-09-07
U000353,MOV113233,4.0,2019-11-17
U000365,MOV107017,3.0,2017-05-22
U003386,MOV119635,3.0,2025-06-25
U000006,MOV107912,1.0,2019-09-27
U000003,MOV117447,5.0,2025-05-20
U000112,MOV103610,4.0,2021-10-10
U000012,MOV105896,5.0,2019-01-02
U000127,MOV101108,4.0,2023-12-10
U000450,MOV112303,5.0,2018-07-20
U000007,MOV106204,4.0,2024-01-29
U001404,MOV103643,2.0,2025-05-31
U000093,MOV103147,2.0,2020-03-23
U000019,MOV116787,4.0,2025-09-22
U000001,MOV112168,4.0,2023-04-15
U003007,MOV114066,4.0,2022-06-17
U000562,MOV105896,3.0,2025-10-23
U000001,MOV116126,5.0,2025-08-27
U000226,MOV119635,5.0,2024-02-24
U000020,MOV107375,3.0,2022-02-23
U000002,MOV118772,5.0,2024-04-18
U000265,MOV118089,4.0,2024-10-13
U000005,MOV101487,2.0,2019-04-25
U000008,MOV111885,4.0,2025-03-12
U000002,MOV103948,3.0,2024-02-10
U000044,MOV118811,3.0,2019-10-24
U000019,MOV102448,4.0,2018-06-13
U000166,MOV119635,5.0,2024-05-10
U000003,MOV118811,4.0,2023-10-11
U000014,MOV112513,1.0,2022-07-03
U000056,MOV114993,4.0,2017-05-19
U000210,MOV100006,1.0,2023-03-07
U000001,MOV116879,3.0,2025-08-09
U000369,MOV116579,5.0,2025-01-01
U003412,MOV119635,4.0,2020-05-02
U000743,MOV105833,3.0,2020-02-10
U000009,MOV100880,3.0,2025-07-03
U002129,MOV111506,5.0,2022-12-18
U000016,MOV114360,4.0,2025-11-13
U000004,MOV103014,4.0,2021-02-19
U000512,MOV114708,1.0,2018-03-09
U000011,MOV113766,3.0,2016-06-06
U000011,MOV102672,4.0,2021-09-12
U000001,MOV115608,1.0,2023-04-25
U000005,MOV102865,2.0,2019-02-06
U000032,MOV106477,5.0,2025-04-04
U000020,MOV111626,5.0,2025-09-03
U000341,MOV101108,3.0,2020-09-27
U000188,MOV119272,3.0,2018-01-12
U000289,MOV103142,2.0,2022-10-15
U001155,MOV100006,3.0,2025-08-25
U000217,MOV119635,4.0,2021-07-09
U000370,MOV101339,3.0,2025-02-07
U000205,MOV103147,5.0,2024-12-22
U000007,MOV107603,5.0,2021-11-22
U002098,MOV105990,3.0,2020-07-15
U000002,MOV117695,4.0,2024-02-25
U002918,MOV119178,3.0,2020-11-01
U000011,MOV102173,4.0,2023-01-18
U000007,MOV101727,3.0,2025-02-16
U000022,MOV101282,4.0,2023-03-29
U000001,MOV112456,5.0,2020-09-07
U000003,MOV111774,3.0,2022-09-26
U000001,MOV115037,3.0,2019-03-23
U000054,MOV109221,4.0,2020-10-27
U001846,MOV107481,4.0,2025-10-19
U000797,MOV100006,3.0,2024-04-18
U000490,MOV101039,4.0,2021-09-16
U000361,MOV100751,1.0,2021-04-26
U002604,MOV107104,4.0,2024-04-03
U003240,MOV105990,5.0,2021-10-13
U000123,MOV104949,3.0,2025-06-19
U000362,MOV100006,4.0,2024-04-18
U000003,MOV104866,5.0,2024-09-09
U003366,MOV100006,5.0,2022-06-27
U000013,MOV100831,2.0,2022-12-01
U000069,MOV119272,3.0,2021-02-11
U000067,MOV112128,3.0,2024-12-23
U001515,MOV108974,3.0,2023-04-16
U000085,MOV113648,3.0,2025-06-14
U000669,MOV100006,3.0,2019-10-18
U001188,MOV109748,3.0,2021-03-08
U002410,MOV114510,5.0,2023-03-25
U000028,MOV113797,4.0,2022-10-13
U000018,MOV113876,1.0,2022-05-11
U000004,MOV101391,4.0,2019-11-24
U000102,MOV114360,1.0,2023-05-30
U000230,MOV105644,1.0,2019-04-09
U000563,MOV109221,3.0,2025-06-11
U002434,MOV119635,2.0,2016-02-05
U003685,MOV114993,5.0,2025-10-18
U000059,MOV112232,4.0,2017-08-20
U000013,MOV117885,5.0,2023-02-27
U000010,MOV105487,5.0,2025-05-02
U000030,MOV111029,1.0,2020-05-31
U000262,MOV111434,2.0,2022-07-04
U000009,MOV114293,5.0,2025-08-06
U000486,MOV114626,2.0,
U001759,MOV118556,4.0,2020-11-30
U000080,MOV119272,5.0,2024-04-16
U000005,MOV106957,4.0,2025-07-06
U000002,MOV100491,4.0,2019-04-16
U002304,MOV100006,4.0,2025-04-23
U000333,MOV116536,4.0,2021-10-15
U000010,MOV115413,5.0,2015-11-28
U000039,MOV119041,5.0,2023-01-01
U000063,MOV105399,4.0,2020-03-19
U000185,MOV114626,5.0,2024-03-24
U001207,MOV101539,3.0,2019-08-25
U000038,MOV100734,5.0,2016-12-22
U003096,MOV104138,4.0,2023-09-19
U000001,MOV113341,3.0,2018-05-17
U001972,MOV100557,3.0,2022-05-10
U000010,MOV115746,4.0,2020-07-22
U000018,MOV114563,3.0,2019-10-07
U000058,MOV107452,5.0,2019-07-26
U000015,MOV115559,5.0,2025-10-12
U000004,MOV119195,5.0,2022-08-12
U000001,MOV101909,4.0,2018-08-04
U000002,MOV111472,4.0,2024-09-29
U001230,MOV112276,5.0,2017-08-26
U000310,MOV119635,5.0,2021-03-07
U000006,MOV106333,2.0,2025-11-26
U000006,MOV118828,5.0,2020-06-12
U000008,MOV111551,4.0,2025-03-04
U000135,MOV116591,4.0,2017-01-17
U001949,MOV102151,4.0,2021-06-14
U000302,MOV119217,1.0,2023-01-30
U000029,MOV106689,5.0,2024-11-13
U000019,MOV109874,3.0,2025-03-09
U000101,MOV110026,2.0,2023-08-28
U000036,MOV106107,1.0,2025-11-20
U000176,MOV101192,4.0,2019-03-07
U000011,MOV104873,4.0,2024-01-17
U000006,MOV107480,4.0,2024-06-08
U000005,MOV113065,2.0,2018-05-21
U000020,MOV105496,5.0,2025-07-24
U000006,MOV116741,3.0,2022-09-09
U000624,MOV109874,3.0,2021-08-26
U000006,MOV108416,4.0,2023-04-29
U000004,MOV111159,4.0,2015-09-18
U000018,MOV109762,4.0,2025-09-21
U002620,MOV101202,3.0,2022-09-13
U000241,MOV100006,5.0,2020-01-08
U000004,MOV118986,4.0,2025-11-17
U000747,MOV109166,3.0,2017-08-23
U000004,MOV112179,3.0,2025-10-15
U000371,MOV119635,3.0,2018-04-20
U000094,MOV103091,5.0,2024-08-18
U000014,MOV115413,4.0,2025-11-15
U001426,MOV101108,4.0,2023-02-01
U000696,MOV115163,5.0,2023-02-03
U000005,MOV100323,4.0,2025-12-20
U000003,MOV115198,3.0,2025-10-26
U000999,MOV102870,2.0,2015-04-09
U000059,MOV100938,5.0,2025-08-03
U001311,MOV100006,5.0,2023-01-08
U001367,MOV106104,5.0,2017-05-14
U000077,MOV114896,4.0,2021-07-04
U000184,MOV112232,4.0,2025-11-25
U000010,MOV118120,3.0,2023-04-05
U000048,MOV106710,4.0,2025-07-30
U000396,MOV109221,2.0,2020-04-14
U000001,MOV102903,3.0,2024-07-04
U000046,MOV104060,5.0,2020-08-11
U000005,MOV106021,4.0,2021-03-04
U000008,MOV100713,5.0,2022-07-14
U000001,MOV109041,2.0,2021-02-10
U001421,MOV116622,4.0,2023-01-21
U000007,MOV107326,3.0,2022-11-04
U001261,MOV108506,4.0,2019-04-26
U000006,MOV101061,4.0,2022-10-19
U000001,MOV101447,5.0,2018-03-22
U000008,MOV105644,1.0,2019-08-02
U000020,MOV103091,4.0,2023-08-22
U000076,MOV108053,4.0,2015-04-12
U000894,MOV114909,1.0,2020-07-30
U000017,MOV112114,3.0,2024-06-16
U000036,MOV107257,3.0,2025-05-12
U000182,MOV101715,3.0,2024-04-26
U000005,MOV114432,4.0,2019-07-15
U000017,MOV119204,3.0,2018-11-27
U000002,MOV117605,4.0,2019-10-14
U000244,MOV110026,5.0,2024-05-25
U000052,MOV109759,5.0,2025-02-16
U002010,MOV105911,3.0,2024-11-14
U000037,MOV119222,4.0,2024-03-19
U001010,MOV119635,1.0,2021-11-29
U000005,MOV112903,4.0,2020-04-07
U000011,MOV112212,5.0,2019-03-12
U000403,MOV107386,4.0,2022-02-13
U000042,MOV115957,2.0,2020-11-25
U000064,MOV105990,1.0,2019-12-16
U000005,MOV105340,3.0,2023-06-30
U000017,MOV114909,2.0,2021-12-17
U000031,MOV109554,5.0,2025-01-23
U001519,MOV118347,4.0,2018-09-16
U000011,MOV106834,4.0,2019-07-29
U000001,MOV119109,3.0,2021-10-14
U000001,MOV119810,4.0,2021-11-25
U000155,MOV107551,4.0,2025-03-09
U000036,MOV102552,3.0,
U000001,MOV119195,3.0,2018-04-10
U000518,MOV100006,4.0,2019-03-05
U000399,MOV110345,4.0,2025-04-10
U000043,MOV106834,5.0,2019-10-29
U000498,MOV104768,4.0,2025-05-08
U000239,MOV105990,5.0,2020-10-02
U000001,MOV102475,3.0,2015-10-31
U000001,MOV101577,2.0,2022-08-19
U000003,MOV119073,2.0,2024-07-24
U000014,MOV103502,4.0,2023-07-17
U000648,MOV119635,5.0,2017-08-21
U000311,MOV110828,4.0,2019-11-14
U000124,MOV108957,2.0,2023-08-01
U000006,MOV106168,4.0,2022-06-21
U000005,MOV111885,5.0,2022-10-24
U000004,MOV108844,4.0,2020-01-09
U001366,MOV113048,4.0,2025-09-24
U000001,MOV110488,4.0,2017-03-15
U001105,MOV100006,4.0,2025-11-03
U000490,MOV119635,5.0,2022-07-15
U000172,MOV118556,4.0,2021-12-22
U000033,MOV118280,5.0,2020-09-18
U000004,MOV101448,4.0,2021-10-14
U000008,MOV116470,4.0,2020-11-21
U000005,MOV105162,3.0,2025-02-18
U000003,MOV105224,4.0,2024-08-23
U000083,MOV103334,4.0,2024-11-04
U000059,MOV106710,5.0,2016-06-13
U000258,MOV102616,1.0,2023-08-08
U001564,MOV103975,5.0,2017-02-06
U000006,MOV107772,2.0,2024-04-08
U000003,MOV100192,2.0,2025-07-06
U000001,MOV104272,5.0,2022-03-24
U000003,MOV102357,4.0,2017-03-08
U000871,MOV119635,5.0,2019-01-23
U000019,MOV105912,2.0,2024-11-20
U001625,MOV106458,4.0,2022-07-04
U000054,MOV104069,1.0,2018-04-13
U000001,MOV101878,3.0,2015-12-16
U000002,MOV112906,3.0,2024-03-18
U000032,MOV113987,4.0,2018-07-22
U000004,MOV111524,4.0,2023-01-20
U000021,MOV115671,3.0,2018-12-15
U000010,MOV118072,4.0,2024-06-27
U000098,MOV100006,4.0,2022-04-24
U000040,MOV110501,5.0,2021-02-25
U000001,MOV106458,1.0,2021-10-21
U000419,MOV101108,2.0,2020-09-04
U000067,MOV106004,5.0,2019-04-01
U000005,MOV117601,5.0,2024-11-25
U000034,MOV102166,3.0,2017-10-17
U001511,MOV119635,3.0,2025-09-01
U000587,MOV110026,3.0,2025-10-13
U000001,MOV119855,1.0,2022-01-28
U000004,MOV111451,4.0,2024-01-08
U000043,MOV100557,4.0,2021-01-18
U002005,MOV113000,5.0,2020-06-27
U000057,MOV116154,4.0,2020-10-03
U000009,MOV110997,4.0,2019-09-03
U000025,MOV109221,3.0,2022-06-17
U000003,MOV108791,4.0,2020-02-23
U000044,MOV106651,3.0,2020-11-03
U000123,MOV107014,4.0,2017-04-17
U000640,MOV100373,4.0,2018-01-26
U000231,MOV117072,2.0,2020-11-13
U000131,MOV103643,3.0,2022-04-19
U000011,MOV104946,5.0,2017-06-05
U000044,MOV104768,4.0,2019-09-28
U000034,MOV109748,3.0,2025-07-08
U000018,MOV104395,3.0,2025-10-30
U000037,MOV103032,4.0,2025-03-24
U000079,MOV103125,4.0,2020-05-25
U000005,MOV100052,4.0,2016-06-11
U000462,MOV119272,5.0,2023-01-11
U000002,MOV111745,5.0,2015-02-03
U000532,MOV110790,4.0,2025-06-21
U000001,MOV117941,2.0,2017-04-29
U000001,MOV109426,1.0,2024-05-13
U000021,MOV108775,4.0,
U000043,MOV110397,3.0,2023-10-25
U002655,MOV105990,4.0,2025-04-08
U000010,MOV116622,3.0,2022-07-01
U000966,MOV111159,3.0,2024-09-18
U001549,MOV105990,4.0,2018-10-24
U000002,MOV112586,2.0,2025-11-02
U000094,MOV102141,5.0,2020-04-18
U000330,MOV112232,3.0,2022-01-10
U000112,MOV106540,5.0,2017-07-25
U001863,MOV100006,4.0,2024-03-03
U000115,MOV119272,4.0,2023-09-19
U000001,MOV110538,5.0,2018-01-11
U000014,MOV103017,3.0,2024-12-04
U001791,MOV119272,5.0,2016-12-06
U000037,MOV105896,4.0,2024-03-22
U000067,MOV101061,5.0,2024-12-10
U000001,MOV117034,2.0,2025-06-29
U000161,MOV111885,5.0,2023-03-21
U000187,MOV103605,3.0,2023-11-07
U000048,MOV112114,4.0,2018-11-04
U000169,MOV110202,4.0,2015-02-01
U000511,MOV113066,5.0,2025-06-15
U000465,MOV108474,1.0,2022-12-16
U000018,MOV117948,5.0,2021-07-17
U000002,MOV105355,4.0,2020-02-15
U000026,MOV114993,4.0,2025-09-26
U000042,MOV112462,2.0,2024-02-16
U003093,MOV103605,1.0,2019-01-29
U000547,MOV110790,1.0,2017-08-13
U000026,MOV108474,4.0,2019-07-04
U001153,MOV118556,4.0,2022-03-28
U000344,MOV109484,5.0,2022-06-23
U000003,MOV113223,4.0,2025-09-19
U000008,MOV118028,4.0,2021-11-13
U000003,MOV110759,4.0,2022-05-22
U000050,MOV104683,3.0,2024-05-06
U002449,MOV109329,4.0,2018-10-25
U000001,MOV111263,4.0,2025-07-25
U000009,MOV118450,5.0,2020-04-27
U000026,MOV109313,4.0,2021-10-22
U000006,MOV106866,1.0,2023-12-08
U000014,MOV110144,4.0,2023-01-22
U000001,MOV114812,4.0,2018-12-28
U000001,MOV115122,2.0,2016-04-06
U000044,MOV100006,5.0,2020-04-07
U000010,MOV117029,4.0,2022-03-22
U000022,MOV103125,4.0,2021-04-12
U000056,MOV114199,1.0,2025-01-19
U000001,MOV105947,2.0,2021-03-23
U000728,MOV117072,4.0,2025-10-22
U000617,MOV112232,3.0,2025-04-01
U000009,MOV105077,4.0,2023-07-29
U000002,MOV115006,3.0,2023-04-23
U000002,MOV109483,2.0,2020-06-14
U000007,MOV113086,4.0,2024-05-06
U000001,MOV115039,2.0,2023-05-17
U000796,MOV117055,3.0,2023-12-24
U000128,MOV106710,4.0,2024-12-09
U000023,MOV103354,5.0,2017-10-06
U001697,MOV110304,4.0,2017-05-19
U000001,MOV100478,4.0,2021-02-13
U000010,MOV111370,5.0,2025-11-15
U000137,MOV117698,3.0,2020-12-05
U000028,MOV117793,3.0,2024-05-17
U000720,MOV113048,2.0,2023-11-14
U001294,MOV100006,4.0,2022-04-04
U000019,MOV106590,1.0,2025-09-22
U000002,MOV109101,3.0,2019-02-04
U000016,MOV111724,5.0,2020-03-23
U000010,MOV117101,5.0,2022-09-16
U000010,MOV101202,5.0,2023-09-09
U002657,MOV110262,2.0,2024-03-28
U000001,MOV114161,4.0,2017-02-24
U000002,MOV101501,1.0,2017-12-28
U000009,MOV109602,3.0,2022-06-29
U000046,MOV110790,3.0,2019-09-28
U000001,MOV118537,5.0,2025-03-02
U000002,MOV117316,4.0,2025-04-01
U000005,MOV102023,4.0,2021-10-29
U000157,MOV119635,4.0,2016-02-21
U000007,MOV116580,3.0,2025-11-22
U000401,MOV108387,5.0,2015-09-22
U000003,MOV116313,5.0,2020-01-31
U000240,MOV114670,5.0,2020-07-16
U001097,MOV119272,2.0,2019-02-01
U000051,MOV102370,3.0,2025-03-29
U000157,MOV119722,4.0,2019-03-02
U000002,MOV106986,3.0,2025-09-15
U000005,MOV103125,5.0,2025-10-23
U000007,MOV108506,4.0,2025-11-23
U003908,MOV104683,1.0,2020-12-29
U000611,MOV116312,3.0,2023-04-05
U000056,MOV111434,1.0,2025-11-30
U000079,MOV113048,3.0,2025-09-07
U000015,MOV103606,5.0,2023-06-11
U000006,MOV118074,2.0,2025-08-02
U000475,MOV115501,5.0,2022-05-18
U000042,MOV104436,3.0,2020-06-24
U000036,MOV118145,3.0,2019-12-09
U000229,MOV100557,3.0,2019-06-26
U000546,MOV100006,3.0,2020-09-30
U000011,MOV109748,3.0,2021-09-21
U000147,MOV109221,5.0,2021-06-16
U000006,MOV108419,5.0,2016-07-24
U000001,MOV114182,5.0,2023-03-17
U000001,MOV105905,3.0,2025-02-09
U000048,MOV117251,5.0,2021-02-19
U000040,MOV113448,4.0,2022-01-19
U000001,MOV111526,3.0,2025-02-19
U002674,MOV119204,5.0,2016-07-03
U001859,MOV118556,3.0,2025-11-06
U000226,MOV101108,2.0,2025-08-10
U000004,MOV105144,3.0,2017-09-21
U000019,MOV117728,4.0,2025-08-30
U000021,MOV111223,3.0,2025-04-10
U000065,MOV114626,3.0,2022-03-25
U000271,MOV119272,2.0,2018-12-15
U000022,MOV110026,4.0,2024-04-04
U000003,MOV107452,4.0,2021-04-28
U000001,MOV118925,3.0,2020-04-01
U000516,MOV105990,4.0,2025-05-05
U000001,MOV110919,4.0,2024-10-29
U000002,MOV118159,5.0,2022-08-09
U000498,MOV118763,4.0,2023-07-13
U000034,MOV114109,3.0,2021-01-29
U000049,MOV100557,3.0,2024-11-06
U000009,MOV110262,2.0,2025-05-14
U000025,MOV119495,2.0,2025-10-21
U000002,MOV111876,2.0,2023-08-01
U000131,MOV119272,2.0,2018-05-09
U000002,MOV106940,4.0,2024-03-05
U000884,MOV112114,4.0,2025-11-05
U000015,MOV105896,5.0,2017-08-18
U000001,MOV110956,3.0,2024-12-14
U000184,MOV117035,3.0,2022-11-15
U000012,MOV104280,5.0,2024-02-23
U000062,MOV101536,1.0,2023-11-10
U000005,MOV116203,5.0,2023-04-18
U001892,MOV102429,4.0,2025-07-21
U000080,MOV102379,2.0,2025-08-20
U000007,MOV116179,5.0,2024-02-17
U000013,MOV106037,5.0,2025-07-31
U000002,MOV113899,5.0,2025-06-22
U000510,MOV105270,4.0,2022-03-25
U001242,MOV118556,4.0,2023-01-24
U000044,MOV114896,3.0,2025-07-30
U000628,MOV107070,4.0,2019-05-24
U000476,MOV103605,5.0,2025-09-08
U000057,MOV101534,3.0,2022-11-17
U000001,MOV117962,3.0,2021-01-12
U000002,MOV114976,3.0,2025-07-18
U000006,MOV106525,5.0,2020-03-17
U000001,MOV103759,4.0,2025-06-04
U000347,MOV105990,5.0,2023-03-30
U000008,MOV109759,5.0,2025-02-07
U000008,MOV104244,4.0,2023-08-10
U000557,MOV100006,5.0,2024-09-21
U000031,MOV118556,5.0,2019-10-28
U002448,MOV105896,4.0,2023-05-18
U000836,MOV104697,4.0,2024-06-14
U000001,MOV116972,2.0,2015-01-21
U004104,MOV112876,5.0,2024-07-26
U000495,MOV108527,3.0,2025-11-27
U002277,MOV102141,4.0,2020-08-27
U000011,MOV106689,4.0,2020-05-17
U000180,MOV116956,4.0,2016-11-03
U000017,MOV119595,4.0,2023-10-05
U000820,MOV112903,4.0,2024-08-26
U000132,MOV105990,4.0,2018-12-14
U000010,MOV105077,3.0,2025-12-04
U000064,MOV109340,4.0,
U000002,MOV104746,5.0,2020-02-26
U000007,MOV119660,5.0,2017-06-19
U000363,MOV119272,3.0,2021-05-27
U000001,MOV104475,5.0,2024-05-11
U000441,MOV110790,4.0,2016-12-23
U000434,MOV118556,4.0,2023-01-14
U000008,MOV111034,5.0,2023-05-04
U000330,MOV119635,2.0,2022-09-12
U000008,MOV113304,3.0,2024-03-12
U000001,MOV106027,2.0,2023-11-29
U000019,MOV104979,2.0,2016-01-16
U004418,MOV105990,3.0,2025-06-09
U000059,MOV119635,4.0,2020-04-13
U003638,MOV104768,1.0,2019-05-25
U000075,MOV112489,4.0,2024-09-21
U000010,MOV114710,4.0,2015-02-25
U000001,MOV109648,4.0,2024-07-12
U000042,MOV105896,3.0,2025-05-16
U000001,MOV114153,4.0,2025-06-23
U000004,MOV103931,2.0,2021-04-08
U000415,MOV106110,3.0,2020-03-06
U000009,MOV104757,5.0,2019-05-06
U000787,MOV111134,1.0,2020-03-21
U000005,MOV102542,1.0,2024-03-26
U001402,MOV100006,3.0,2016-06-24
U003456,MOV100006,5.0,2022-08-09
U000002,MOV100410,2.0,2019-03-30
U000006,MOV108057,1.0,2025-06-24
U000064,MOV114801,4.0,2025-12-24
U000004,MOV101871,4.0,2020-01-05
U000109,MOV100388,5.0,2020-10-13
U000945,MOV100006,5.0,2024-09-07
U000207,MOV109919,4.0,2024-03-06
U000019,MOV116201,2.0,2017-07-02
U000160,MOV100006,4.0,2025-04-09
U000083,MOV100006,4.0,2022-10-18
U000005,MOV103147,4.0,2021-02-27
U000021,MOV111275,3.0,2024-05-30
U000002,MOV101874,3.0,2020-09-24
U000200,MOV108348,2.0,2017-04-24
U000083,MOV119579,5.0,2018-02-06
U000180,MOV107700,2.0,2025-01-28
U000304,MOV119635,2.0,2024-05-28
U001696,MOV100006,2.0,2020-05-10
U000145,MOV119635,5.0,2016-08-13
U000069,MOV100904,3.0,2024-10-13
U000013,MOV110790,5.0,2024-09-28
U001760,MOV119778,4.0,2020-10-18
U000002,MOV112855,4.0,2019-01-04
U000002,MOV112114,4.0,2016-08-31
U000125,MOV101571,3.0,2022-12-18
U000001,MOV113893,4.0,2019-06-15
U003146,MOV107386,2.0,2019-10-21
U002013,MOV111673,2.0,2024-02-17
U000001,MOV119813,3.0,2024-02-06
U000068,MOV101623,5.0,2023-09-04
U000002,MOV118145,2.0,2024-03-28
U000002,MOV113359,1.0,2019-05-22
U000013,MOV107309,4.0,2016-12-29
U000101,MOV119272,5.0,2025-09-19
U000002,MOV107700,1.0,2021-02-08
U000336,MOV116741,5.0,2025-09-24
U003473,MOV106380,4.0,2019-07-09
U000049,MOV114326,4.0,2025-12-24
U000030,MOV107014,3.0,2022-04-18
U000316,MOV113095,2.0,2020-04-29
U000001,MOV104604,4.0,2024-02-17
U001335,MOV109221,5.0,2017-03-04
U002565,MOV104768,3.0,2022-01-11
U000003,MOV102047,3.0,2021-05-13
U000229,MOV114626,5.0,2024-05-18
U000001,MOV107048,5.0,2016-10-24
U000167,MOV101108,4.0,2023-07-29
U000020,MOV117066,4.0,2025-01-11
U000201,MOV112106,4.0,2020-08-09
U000070,MOV114626,3.0,2025-06-15
U000062,MOV105783,4.0,2022-03-16
U000002,MOV107813,4.0,2023-03-26
U000364,MOV119635,5.0,2025-10-28
U000001,MOV105634,4.0,2019-07-19
U000431,MOV119635,3.0,2025-09-21
U000002,MOV119320,5.0,2025-02-13
U000003,MOV110869,3.0,2023-02-27
U000008,MOV112207,4.0,2020-11-26
U000058,MOV119635,4.0,2015-06-26
U000047,MOV119272,3.0,2025-07-28
U000230,MOV114993,4.0,2025-01-16
U000070,MOV105896,5.0,2019-08-21
U000564,MOV106458,5.0,2025-04-03
U000149,MOV114626,3.0,2025-04-29
U000416,MOV119000,4.0,2015-07-08
U000088,MOV101682,3.0,2019-11-19
U000007,MOV114153,4.0,2021-03-18
U000001,MOV102405,3.0,2025-11-21
U000003,MOV105329,4.0,2020-07-17
U000302,MOV118537,4.0,2021-12-24
U000166,MOV111034,5.0,2023-09-17
U000028,MOV105896,4.0,2019-02-13
U001044,MOV110026,4.0,2025-09-13
U000040,MOV117042,2.0,2018-11-11
U003121,MOV115420,2.0,2024-09-11
U000001,MOV102189,5.0,2023-09-28
U000003,MOV101061,5.0,2023-01-04
U000914,MOV110262,4.0,2024-06-29
U001302,MOV117066,5.0,2025-06-06
U000440,MOV117599,5.0,2024-04-07
U000130,MOV108973,3.0,2025-01-01
U002277,MOV105896,2.0,2021-10-19
U000672,MOV111340,5.0,2025-06-25
U000023,MOV112272,1.0,2025-08-12
U000203,MOV114993,3.0,2019-06-22
U000125,MOV103091,5.0,2021-04-12
U000007,MOV107386,2.0,2020-12-02
U000003,MOV102254,4.0,2025-12-25
U000015,MOV115423,4.0,2022-10-12
U001189,MOV107386,2.0,2024-05-25
U002983,MOV114997,5.0,
U000631,MOV106037,4.0,2025-07-27
U000310,MOV105764,4.0,2024-10-18
U000119,MOV101108,4.0,2020-03-11
U000307,MOV111156,2.0,2024-01-10
U000006,MOV102996,5.0,2025-03-25
U000469,MOV100006,4.0,2019-07-08
U000040,MOV109397,3.0,2024-02-16
U000007,MOV105731,3.0,2016-10-07
U000022,MOV113715,4.0,2023-05-03
U000358,MOV107609,5.0,2020-10-25
U001508,MOV113766,3.0,2024-05-03
U000013,MOV113229,4.0,2025-11-16
U002099,MOV112689,3.0,2025-07-16
U000033,MOV111885,4.0,2021-11-25
U001331,MOV119635,4.0,2015-12-06
U001789,MOV119635,3.0,2024-04-15
U003480,MOV102292,5.0,2025-05-01
U000003,MOV107370,5.0,2025-11-17
U000001,MOV113367,5.0,2024-06-25
U000016,MOV116536,3.0,2016-11-21
U000009,MOV100783,4.0,2024-05-31
U000001,MOV100573,3.0,2023-10-30
U000002,MOV116050,5.0,2024-11-18
U000013,MOV104656,1.0,2024-02-18
U000028,MOV104159,5.0,2021-11-28
U003041,MOV119272,3.0,2025-04-05
U000005,MOV106230,4.0,2024-12-15
U002051,MOV109200,4.0,2023-05-25
U000055,MOV111034,5.0,2022-04-01
U000391,MOV105990,4.0,2023-11-27
U000003,MOV109536,4.0,2018-03-17
U000002,MOV113257,4.0,2019-03-15
U001451,MOV100006,5.0,2024-07-13
U000485,MOV104958,5.0,2017-11-12
U000021,MOV100557,3.0,2018-07-29
U000004,MOV117421,4.0,2025-03-16
U000160,MOV113132,3.0,2015-10-25
U000698,MOV104201,4.0,2023-09-02
U000281,MOV109280,5.0,2024-05-04
U000002,MOV100372,5.0,2025-11-13
U000103,MOV107262,3.0,2018-10-03
U000001,MOV103122,2.0,2020-02-25
U000362,MOV118556,2.0,2019-08-06
U000001,MOV112229,4.0,2022-12-13
U000001,MOV114706,2.0,2025-10-09
U000008,MOV117147,4.0,2024-01-21
U001239,MOV109002,4.0,2025-07-22
U003198,MOV110097,3.0,2024-10-06
U001226,MOV107386,4.0,2019-11-10
U000132,MOV114626,4.0,2018-05-17
U000095,MOV105990,3.0,2025-08-11
U000454,MOV100006,5.0,2025-02-13
U000412,MOV116131,4.0,2020-09-17
U000091,MOV105990,3.0,2022-05-04
U000059,MOV101517,5.0,2022-01-12
U001227,MOV106336,3.0,2025-05-10
U000001,MOV104429,3.0,2015-08-27
U000014,MOV114215,4.0,2025-11-20
U000002,MOV108091,4.0,2023-10-08
U000484,MOV106869,4.0,2023-03-16
U002068,MOV118753,3.0,2025-04-21
U000011,MOV106458,4.0,2022-09-20
U000005,MOV119159,1.0,2024-02-05
U000017,MOV106037,3.0,2022-01-02
U000592,MOV117251,3.0,2025-12-18
U000017,MOV111179,4.0,2023-09-10
U000033,MOV114993,3.0,2020-12-20
U000001,MOV100458,3.0,2021-11-04
U000101,MOV100006,2.0,2019-11-18
U000471,MOV103047,3.0,2021-07-24
U004193,MOV115223,2.0,2024-10-06
U000409,MOV110020,4.0,2017-12-28
U000002,MOV105444,4.0,2025-07-14
U000005,MOV101034,4.0,2017-12-11
U000001,MOV114806,4.0,2025-07-07
U000202,MOV117665,4.0,2020-10-08
U000005,MOV104141,5.0,2019-11-27
U000152,MOV101202,4.0,2021-10-01
U000361,MOV103402,3.0,2020-02-15
U000027,MOV105990,4.0,2017-01-17
U000152,MOV104060,4.0,2015-10-30
U000021,MOV113800,4.0,2024-12-09
U001105,MOV100016,3.0,2025-03-16
U000016,MOV111434,3.0,2017-07-22
U000010,MOV113917,3.0,2019-09-22
U001881,MOV103444,3.0,2016-03-11
U000034,MOV106222,5.0,2025-09-23
U000005,MOV108081,4.0,2022-06-26
U000001,MOV101306,5.0,2025-10-14
U000062,MOV116921,4.0,2022-05-27
U000017,MOV118430,5.0,2023-08-20
U000009,MOV100373,4.0,2023-09-08
U000002,MOV101328,3.0,2022-06-03
U000308,MOV119272,5.0,2020-09-30
U000029,MOV114392,4.0,2019-11-29
U000002,MOV114950,5.0,2016-08-13
U000140,MOV111542,2.0,2017-01-07
U000010,MOV117287,4.0,2021-04-22
U000811,MOV106345,2.0,2021-07-23
U000001,MOV109748,5.0,2025-04-07
U000001,MOV117128,4.0,2025-07-06
U000656,MOV113800,3.0,2025-10-23
U001022,MOV109759,3.0,2024-02-27
U000002,MOV112687,3.0,2015-10-24
U000005,MOV100734,5.0,2023-04-21
U000020,MOV115790,5.0,2025-04-24
U002928,MOV114601,5.0,2025-09-10
U000003,MOV100342,5.0,2023-07-16
U001575,MOV100006,2.0,2019-09-15
U001435,MOV105990,4.0,2025-09-05
U000059,MOV101803,5.0,2023-09-24
U000004,MOV103393,5.0,2020-01-12
U000001,MOV100262,4.0,2023-07-01
U000437,MOV100006,2.0,2022-09-01
U001868,MOV118427,4.0,2018-02-12
U000325,MOV100006,4.0,2025-04-30
U000982,MOV100976,4.0,2018-06-11
U000001,MOV117153,4.0,2019-01-19
U000023,MOV108419,2.0,2019-05-29
U000014,MOV112718,4.0,2020-05-19
U000001,MOV101390,5.0,2021-05-19
U000025,MOV101803,4.0,2020-12-27
U000004,MOV118474,5.0,2020-08-06
U000306,MOV109913,5.0,2025-11-04
U000154,MOV109221,4.0,2024-09-12
U000002,MOV116837,5.0,2018-11-20
U002065,MOV100557,2.0,2025-11-07
U000001,MOV119145,4.0,
U000181,MOV115439,3.0,2017-09-28
U000020,MOV106546,5.0,2024-01-16
U000004,MOV106063,3.0,2023-07-06
U000041,MOV106458,4.0,2021-07-14
U001001,MOV106834,4.0,2016-09-15
U002446,MOV104768,3.0,2018-06-17
U000010,MOV113619,3.0,2024-09-06
U000030,MOV114710,2.0,2023-08-17
U000612,MOV100006,3.0,2022-12-06
U000001,MOV119106,5.0,2025-03-23
U000164,MOV112547,4.0,2019-11-04
U003226,MOV105990,5.0,2022-01-24
U000955,MOV109826,5.0,2024-10-02
U000426,MOV111434,4.0,2019-11-02
U000002,MOV111740,5.0,2023-09-04
U000036,MOV108035,4.0,2020-11-19
U000014,MOV110294,4.0,2022-06-16
U000266,MOV103494,4.0,2015-12-16
U002783,MOV114906,5.0,2025-02-04
U000001,MOV104104,4.0,2024-04-16
U000095,MOV105438,4.0,2025-01-01
U000035,MOV113418,4.0,2022-09-23
U000001,MOV115344,4.0,2025-01-06
U000295,MOV104270,4.0,2023-10-01
U000784,MOV115553,2.0,2024-09-08
U000044,MOV119408,4.0,2018-03-08
U000018,MOV106774,4.0,2025-10-14
U000506,MOV105764,3.0,2020-09-06
U000007,MOV107266,4.0,2025-08-25
U000196,MOV105990,1.0,2025-03-02
U000001,MOV102998,4.0,2015-07-08
U000023,MOV101242,5.0,2020-11-27
U000133,MOV100006,3.0,2021-03-30
U003725,MOV100006,5.0,2021-05-21
U000385,MOV119856,4.0,2019-09-20
U000331,MOV102767,5.0,2024-04-26
U000019,MOV114626,4.0,2023-06-07
U001084,MOV100006,3.0,2023-08-03
U000268,MOV119635,2.0,2016-01-11
U001639,MOV112936,3.0,2016-02-20
U000665,MOV116956,2.0,2020-06-17
U000001,MOV108624,3.0,2025-10-05
U000109,MOV106037,4.0,2016-11-14
U000143,MOV100713,3.0,2018-06-23
U000001,MOV110762,3.0,2017-03-20
U000005,MOV116813,2.0,2018-11-24
U000245,MOV101108,5.0,2025-05-13
U000094,MOV115972,4.0,2022-09-29
U000093,MOV101108,2.0,2025-05-06
U000004,MOV115480,4.0,2016-06-19
U000048,MOV103605,4.0,2020-12-05
U001633,MOV100006,3.0,2020-11-04
U000010,MOV111029,3.0,2023-11-11
U000192,MOV106168,4.0,2022-01-14
U000440,MOV107605,5.0,2022-07-06
U000025,MOV102151,3.0,2025-09-19
U000058,MOV105990,4.0,2015-04-27
U000208,MOV119272,3.0,2025-07-16
U000007,MOV105896,3.0,2018-09-10
U003330,MOV116956,4.0,2019-07-30
U000313,MOV118828,4.0,2019-03-03
U002527,MOV119635,4.0,2019-12-24
U000001,MOV116056,5.0,2025-09-25
U000108,MOV110144,3.0,2018-09-19
U000599,MOV101840,4.0,2021-02-19
U000244,MOV101108,2.0,2018-10-07
U000015,MOV108419,4.0,2025-07-29
U000001,MOV109653,5.0,2025-06-08
U000003,MOV102767,3.0,2024-01-27
U000313,MOV118035,5.0,2024-04-22
U001043,MOV101202,3.0,2025-01-17
U000001,MOV109229,4.0,2021-08-17
U000061,MOV101859,5.0,2016-07-19
U000015,MOV102303,5.0,2019-04-26
U000123,MOV119635,3.0,2019-03-19
U000001,MOV118607,5.0,2023-03-28
U000147,MOV114626,4.0,2024-10-26
U000013,MOV112868,5.0,2025-10-31
U000001,MOV109270,4.0,2021-07-01
U000026,MOV111783,3.0,2024-02-25
U000014,MOV101840,3.0,2024-03-02
U002199,MOV119021,4.0,2025-05-31
U000004,MOV114118,4.0,2023-11-04
U000040,MOV114424,4.0,2018-02-07
U003628,MOV117959,5.0,2023-11-22
U000011,MOV110776,4.0,2020-12-27
U000048,MOV100427,4.0,2017-04-10
U000005,MOV103841,5.0,2025-08-30
U000008,MOV118588,4.0,2025-12-12
U003558,MOV107503,3.0,2017-07-07
U002447,MOV101108,1.0,2020-06-07
U000004,MOV117352,5.0,2024-08-21
U000406,MOV100006,1.0,2019-09-17
U000006,MOV109993,5.0,2024-05-23
U000001,MOV118840,3.0,2021-06-05
U002691,MOV119272,2.0,2023-10-18
U000204,MOV119635,2.0,2022-10-11
U000027,MOV110960,5.0,2020-04-16
U000145,MOV116496,4.0,2019-02-04
U000001,MOV107226,4.0,2024-07-08
U000047,MOV117385,4.0,2023-02-04
U000018,MOV118988,3.0,2022-11-24
U000019,MOV102303,3.0,2024-04-21
U000553,MOV104596,4.0,2024-10-09
U001176,MOV107386,5.0,2017-11-21
U000005,MOV108400,3.0,2024-07-21
U000004,MOV114424,3.0,2024-08-05
U000352,MOV112903,1.0,2024-01-09
U000001,MOV109107,4.0,2023-11-02
U003171,MOV113048,4.0,2021-04-30
U000006,MOV114424,2.0,2024-05-22
U001507,MOV101202,4.0,2020-02-10
U000001,MOV100783,1.0,2023-07-01
U000301,MOV113048,5.0,2022-07-23
U000479,MOV105990,3.0,2023-03-06
U000081,MOV107901,5.0,2023-06-20
U003437,MOV106037,1.0,2020-07-22
U001314,MOV118988,4.0,2025-09-25
U000041,MOV109100,3.0,2023-03-22
U000083,MOV118955,4.0,2023-12-29
U000002,MOV112341,4.0,2025-06-21
U000086,MOV119195,1.0,2025-04-19
U000937,MOV111029,4.0,2024-02-25
U000014,MOV114903,3.0,2019-10-26
U001813,MOV119635,2.0,2025-07-26
U000012,MOV105132,3.0,2018-11-02
U000483,MOV102286,2.0,2024-01-19
U000072,MOV115150,4.0,2022-05-26
U000495,MOV118556,4.0,2025-03-10
U000026,MOV108984,3.0,2017-12-20
U000129,MOV103328,4.0,2024-06-10
U001952,MOV114896,5.0,2020-11-25
U000406,MOV115251,5.0,2021-11-21
U000006,MOV108369,4.0,2018-06-30
U002291,MOV117438,3.0,2023-03-07
U000033,MOV117663,4.0,2023-07-15
U001164,MOV119272,4.0,2024-09-16
U000010,MOV117158,5.0,2023-10-02
U000001,MOV119419,4.0,2016-03-22
U000212,MOV112232,4.0,2023-09-28
U000922,MOV109221,2.0,2024-04-22
U000001,MOV107668,3.0,2022-01-12
U001934,MOV117851,4.0,2023-07-19
U000052,MOV101202,5.0,2024-12-05
U000023,MOV109816,4.0,2025-04-09
U000045,MOV106030,5.0,2025-02-24
U000001,MOV109193,4.0,2025-03-21
U000019,MOV104946,4.0,2025-02-12
U002068,MOV118828,3.0,2023-11-20
U000027,MOV111451,4.0,2019-12-15
U000001,MOV118974,4.0,2023-12-01
U000369,MOV108414,4.0,2015-05-04
U000001,MOV106289,5.0,2025-09-17
U000003,MOV106562,5.0,2020-11-05
U001312,MOV107203,4.0,2018-03-13
U000024,MOV118710,3.0,2021-02-03
U000031,MOV109984,4.0,2020-06-09
U000001,MOV102082,2.0,2025-12-12
U000018,MOV104697,3.0,
U000010,MOV115557,5.0,2025-04-27
U000001,MOV105707,2.0,2016-09-09
U000025,MOV100373,5.0,2023-05-02
U000002,MOV105265,5.0,2015-08-15
U000003,MOV109993,3.0,2022-03-17
U001572,MOV100006,4.0,2025-09-04
U000609,MOV105990,4.0,2023-04-12
U003517,MOV100535,2.0,2024-05-25
U000004,MOV115251,4.0,2024-12-16
U000004,MOV116219,5.0,2023-10-11
U000107,MOV101539,4.0,2025-07-25
U000081,MOV117633,1.0,2018-07-11
U000244,MOV119635,5.0,2019-10-23
U001177,MOV119272,3.0,2016-05-15
U000156,MOV116415,5.0,2025-07-21
U000032,MOV114626,5.0,2024-02-20
U001232,MOV114626,5.0,2023-11-06
U001047,MOV114161,3.0,2022-03-06
U001723,MOV100542,2.0,2022-12-30
U000127,MOV110023,4.0,2018-01-23
U000194,MOV109221,2.0,2023-07-09
U001148,MOV110828,4.0,2016-05-25
U000026,MOV117601,5.0,2023-09-27
U000003,MOV107339,4.0,2024-11-28
U000157,MOV111451,2.0,2022-03-27
U003600,MOV119272,4.0,2025-06-30
U000332,MOV119204,2.0,2025-11-10
U002512,MOV100006,2.0,2024-10-31
U000122,MOV110702,4.0,2025-05-15
U000155,MOV114896,5.0,2017-05-16
U000213,MOV118159,3.0,2025-07-15
U001759,MOV106710,4.0,2022-03-25
U000033,MOV114335,3.0,2023-03-07
U000169,MOV113790,5.0,2023-02-09
U000883,MOV104663,5.0,2024-04-23
U000011,MOV111213,3.0,2024-05-06
U000107,MOV103027,1.0,2021-06-11
U000001,MOV104395,4.0,2018-02-22
U000002,MOV109653,5.0,2020-01-15
U002075,MOV119272,1.0,2025-08-11
U000016,MOV103894,3.0,2025-02-07
U000009,MOV117057,2.0,2022-04-17
U000008,MOV115152,3.0,2023-09-06
U000004,MOV109719,5.0,2021-06-29
U000002,MOV103278,5.0,2024-07-15
U000001,MOV100817,4.0,2025-10-18
U001825,MOV101108,2.0,2022-05-09
U000055,MOV102589,1.0,2019-04-11
U001311,MOV113048,4.0,2024-01-07
U000048,MOV104002,2.0,2019-04-10
U000334,MOV111058,4.0,2025-11-21
U000015,MOV117885,4.0,2024-03-20
U000507,MOV111058,3.0,2020-03-30
U000288,MOV105990,3.0,2020-04-04
U000010,MOV104472,4.0,2023-04-12
U000002,MOV115897,4.0,2024-09-03
U000001,MOV110460,5.0,2016-05-21
U000683,MOV100006,4.0,2024-07-02
U000036,MOV108419,3.0,2025-06-25
U000008,MOV116181,3.0,2021-10-27
U000868,MOV104857,3.0,2019-07-23
U000209,MOV107778,4.0,2024-04-25
U001060,MOV118556,2.0,2019-05-07
U000002,MOV109660,2.0,2021-09-16
U000057,MOV113766,4.0,2025-10-02
U004483,MOV100718,1.0,2024-04-24
U000008,MOV106330,2.0,2023-06-15
U000129,MOV103334,3.0,2023-09-03
U000138,MOV109221,5.0,2021-01-31
U002484,MOV114626,4.0,2025-10-16
U000304,MOV106380,5.0,2021-03-05
U000017,MOV113865,4.0,2022-10-02
U000027,MOV101448,3.0,2019-04-18
U000001,MOV117316,5.0,2022-12-19
U000255,MOV101202,4.0,2018-04-24
U000034,MOV109221,5.0,2017-12-07
U000067,MOV119186,5.0,2022-12-17
U000721,MOV114626,2.0,2024-12-21
U000284,MOV119204,4.0,2025-03-03
U000001,MOV117501,4.0,2025-12-06
U000001,MOV104055,5.0,2022-12-28
U000280,MOV100006,3.0,2023-10-25
U000006,MOV104975,4.0,2022-06-15
U000001,MOV115515,5.0,2023-05-25
U000004,MOV113595,3.0,2025-12-08
U000002,MOV117837,2.0,2018-02-15
U004017,MOV119635,5.0,2025-04-07
U000821,MOV113048,4.0,2016-09-26
U000002,MOV109342,4.0,2021-11-13
U001442,MOV118968,5.0,2017-11-19
U000771,MOV100006,3.0,
U000103,MOV110828,5.0,2019-11-21
U000006,MOV105900,2.0,2020-04-08
U001072,MOV118374,2.0,2019-09-01
U000003,MOV112097,2.0,2025-05-07
U000001,MOV113503,4.0,
U000226,MOV115409,3.0,2025-02-17
U001271,MOV111159,3.0,2023-10-02
U000001,MOV116859,4.0,2021-02-08
U000757,MOV101202,2.0,2025-02-14
U000645,MOV118556,3.0,2015-01-15
U000220,MOV111058,4.0,2025-09-07
U000216,MOV112232,3.0,2019-01-17
U000154,MOV110790,4.0,2025-07-15
U000034,MOV118975,5.0,2017-06-04
U000378,MOV117251,3.0,2021-12-10
U000001,MOV112458,4.0,2017-02-14
U000018,MOV111814,4.0,2025-10-25
U000004,MOV108066,4.0,2025-07-08
U000014,MOV104447,3.0,2020-12-02
U000466,MOV114042,3.0,2025-07-17
U000027,MOV110193,4.0,2023-06-30
U000250,MOV100006,3.0,2025-03-09
U000001,MOV117954,3.0,2018-04-30
U000037,MOV103707,4.0,2020-06-11
U000008,MOV106430,5.0,2025-06-27
U001387,MOV110790,4.0,2025-01-11
U000013,MOV101237,4.0,2024-11-06
U000095,MOV100006,4.0,2024-05-21
U000002,MOV101438,3.0,2021-07-15
U000021,MOV116170,3.0,2018-07-04
U000001,MOV111390,4.0,2025-12-21
U000637,MOV111058,4.0,2020-12-09
U003895,MOV117665,4.0,2024-10-27
U000019,MOV114896,3.0,2024-08-29
U000310,MOV107745,2.0,2023-10-02
U000047,MOV110262,4.0,2024-10-26
U000012,MOV101691,3.0,2022-09-22
U000002,MOV118126,4.0,2023-07-21
U000206,MOV106252,3.0,2025-02-25
U000016,MOV106638,2.0,2023-06-27
U000411,MOV102971,5.0,2020-05-25
U000001,MOV104770,3.0,2020-11-22
U000002,MOV103681,3.0,2024-05-19
U000030,MOV119204,2.0,2019-06-14
U000272,MOV100006,4.0,2024-07-02
U000013,MOV103327,4.0,2018-01-14
U000762,MOV114790,3.0,2022-03-04
U000001,MOV113157,4.0,2023-06-26
U000004,MOV119660,5.0,2023-04-14
U000065,MOV108836,4.0,
U000018,MOV105546,4.0,2019-10-02
U003946,MOV114626,3.0,2020-07-25
U000069,MOV104635,1.0,2025-09-03
U002465,MOV116131,3.0,2025-06-22
U000275,MOV102994,4.0,2024-02-07
U003517,MOV114510,5.0,2016-10-14
U000048,MOV116580,3.0,2015-10-30
U001304,MOV109826,5.0,2016-03-05
U000001,MOV103024,3.0,2025-07-02
U000002,MOV108455,1.0,2021-06-03
U000041,MOV110711,4.0,2020-08-22
U000089,MOV108689,4.0,2020-07-15
U000303,MOV109776,1.0,2021-04-12
U000776,MOV100006,3.0,2024-05-27
U000199,MOV111434,5.0,2023-10-01
U000566,MOV106321,3.0,2025-04-16
U000001,MOV103647,2.0,2024-09-19
U000014,MOV101456,3.0,2023-12-17
U000124,MOV105990,4.0,2021-08-01
U000934,MOV101681,4.0,2025-10-02
U000198,MOV113838,4.0,2024-02-13
U000050,MOV110828,4.0,2024-07-16
U000004,MOV106511,3.0,2019-04-27
U000386,MOV119635,5.0,2018-07-31
U001196,MOV117725,3.0,2025-03-02
U000107,MOV111159,4.0,2019-07-01
U000002,MOV101083,5.0,2016-10-06
U000436,MOV109223,4.0,2021-02-07
U000151,MOV111333,4.0,2018-09-14
U000001,MOV106336,4.0,2023-05-06
U000140,MOV118753,2.0,2025-09-20
U000601,MOV100713,3.0,2025-09-29
U000270,MOV101108,1.0,2019-09-12
U000786,MOV106689,4.0,2023-04-30
U000008,MOV106954,3.0,2018-02-25
U000002,MOV103242,3.0,2021-06-18
U003589,MOV109221,3.0,2020-09-11
U000003,MOV110351,5.0,2023-09-09
U000342,MOV100262,4.0,2023-03-15
U000065,MOV119176,5.0,2024-11-30
U000228,MOV109140,2.0,2023-03-24
U000740,MOV110149,4.0,2024-04-10
U000001,MOV103224,4.0,2025-03-28
U000088,MOV105990,3.0,2019-05-29
U000032,MOV104138,3.0,2025-01-24
U000002,MOV117300,1.0,2025-04-19
U000902,MOV104879,4.0,2020-03-02
U000221,MOV116710,4.0,2025-06-09
U000008,MOV115266,4.0,2015-05-31
U001361,MOV116308,1.0,2022-12-01
U000361,MOV106850,5.0,2024-03-15
U000024,MOV109515,2.0,2025-09-11
U000048,MOV108301,4.0,2020-09-05
U000687,MOV105990,4.0,2017-01-31
U000688,MOV105698,4.0,2016-04-17
U000014,MOV116050,4.0,2022-03-29
U000003,MOV113867,1.0,2017-05-11
U000185,MOV107912,2.0,
U000017,MOV110828,3.0,2019-11-28
U000188,MOV100006,4.0,2020-05-08
U000040,MOV100225,3.0,2023-08-28
U000091,MOV114909,4.0,2022-07-11
U000537,MOV117406,4.0,2018-06-04
U000075,MOV119635,5.0,2023-04-26
U000206,MOV109776,4.0,2025-10-30
U000086,MOV117610,3.0,2022-01-02
U000100,MOV106333,1.0,2023-08-27
U001148,MOV118556,5.0,2021-05-31
U000010,MOV114155,2.0,2023-12-26
U002023,MOV106336,3.0,2017-09-12
U000322,MOV113768,4.0,2016-11-20
U000004,MOV110390,4.0,2022-12-29
U000011,MOV112981,3.0,2025-11-10
U000926,MOV100006,4.0,2021-06-04
U002747,MOV114784,4.0,2019-11-01
U000120,MOV101108,4.0,2022-07-01
U000144,MOV101202,2.0,2024-07-20
U001818,MOV108508,2.0,2023-09-10
U000219,MOV116542,2.0,2024-09-09
U000004,MOV103785,3.0,2024-10-11
U000009,MOV103468,5.0,2023-02-10
U000043,MOV119535,5.0,2016-06-06
U000002,MOV107609,5.0,2020-08-27
U000683,MOV107436,4.0,2019-03-10
U000078,MOV113247,2.0,2025-04-01
U003073,MOV103950,3.0,2025-08-15
U000008,MOV116431,1.0,2023-02-22
U000004,MOV103505,3.0,2018-12-29
U001745,MOV113048,4.0,2023-11-22
U000013,MOV104190,5.0,2020-06-01
U000143,MOV103154,1.0,2022-02-17
U000151,MOV103017,3.0,2020-07-26
U000119,MOV108941,4.0,2025-05-22
U000022,MOV103599,3.0,2025-09-19
U000520,MOV119635,5.0,2016-12-22
U000001,MOV107147,5.0,2019-08-12
U000002,MOV109321,4.0,2023-03-19
U000023,MOV108836,1.0,2021-03-06
U000049,MOV106955,4.0,2022-09-11
U000009,MOV119768,5.0,2020-10-08
U000652,MOV119272,4.0,2019-05-11
U000296,MOV103900,5.0,2022-09-15
U000011,MOV119186,4.0,2020-10-06
U000151,MOV100006,2.0,2019-05-08
U000633,MOV117215,5.0,2023-11-18
U001666,MOV106802,4.0,2025-03-06
U000077,MOV102303,3.0,2020-07-30
U000030,MOV116143,1.0,2021-04-04
U000021,MOV100473,4.0,2020-09-15
U000004,MOV114992,5.0,2019-10-09
U000040,MOV104138,2.0,2020-06-19
U000019,MOV112114,1.0,2021-05-31
U000179,MOV113098,4.0,2024-11-13
U004150,MOV104391,3.0,2022-10-22
U000008,MOV119295,2.0,2024-03-13
U000011,MOV103047,4.0,2025-03-21
U000002,MOV113530,5.0,2025-12-12
U000308,MOV104655,5.0,2019-11-17
U001283,MOV114626,1.0,2024-05-18
U000128,MOV100006,4.0,2022-11-12
U000162,MOV111029,4.0,2015-04-29
U003971,MOV100006,3.0,2022-05-11
U000037,MOV104579,2.0,2024-07-10
U002064,MOV100831,4.0,2018-04-07
U000710,MOV100006,4.0,2024-05-28
U000040,MOV107813,3.0,2025-12-07
U000001,MOV111954,4.0,2022-10-17
U000001,MOV119403,5.0,2023-04-20
U001096,MOV101681,2.0,2023-06-29
U000785,MOV112903,5.0,2023-09-21
U001676,MOV101266,2.0,2024-11-30
U000078,MOV113999,4.0,2025-11-25
U000049,MOV100208,3.0,2018-01-08
U000001,MOV111179,5.0,2016-10-26
U000001,MOV102704,5.0,2021-09-01
U000052,MOV110548,4.0,2021-12-31
U000073,MOV100372,5.0,2020-10-12
U000047,MOV111884,4.0,2021-11-20
U000070,MOV108969,4.0,2020-10-21
U000017,MOV104768,5.0,2025-08-08
U000877,MOV116858,4.0,2021-12-31
U001510,MOV100006,4.0,2022-12-20
U000001,MOV106112,2.0,2024-05-29
U000052,MOV110790,3.0,2024-12-24
U000055,MOV116536,4.0,2019-10-03
U000001,MOV102634,3.0,2024-08-15
U000003,MOV104098,4.0,2021-04-02
U000001,MOV116399,3.0,2022-01-06
U000066,MOV115312,3.0,2024-12-03
U000001,MOV111440,2.0,2025-11-06
U001475,MOV113368,3.0,2020-08-30
U000059,MOV100016,4.0,2015-01-08
U000577,MOV100006,3.0,2022-03-24
U000034,MOV101737,4.0,2023-04-09
U000001,MOV106462,2.0,2019-03-28
U000013,MOV118429,5.0,2025-11-07
U000144,MOV110790,3.0,2023-01-09
U000008,MOV106037,3.0,2024-07-10
U000220,MOV110026,2.0,2024-04-01
U000010,MOV109602,5.0,2025-10-20
U000892,MOV110475,3.0,2025-12-16
U000009,MOV107885,2.0,2023-08-18
U001117,MOV117306,4.0,2020-10-22
U000001,MOV117573,4.0,2021-10-05
U000162,MOV110026,4.0,2017-07-22
U000005,MOV114424,4.0,2024-05-01
U000001,MOV113052,3.0,2017-06-01
U000054,MOV101539,2.0,2024-10-30
U000038,MOV110304,3.0,2024-02-09
U000001,MOV108576,2.0,2023-04-25
U000027,MOV118343,4.0,2024-06-21
U000025,MOV111233,4.0,2018-05-02
U002734,MOV110353,4.0,2024-06-01
U000027,MOV101914,3.0,2025-09-12
U000930,MOV101108,1.0,2025-07-07
U000265,MOV108359,3.0,2025-01-18
U000007,MOV112960,4.0,2018-03-30
U000008,MOV108916,4.0,2022-06-28
U000597,MOV100006,5.0,2025-09-06
U000024,MOV110475,3.0,2021-02-27
U000079,MOV104945,2.0,2018-01-11
U000010,MOV113223,4.0,2025-07-29
U000032,MOV110809,3.0,2025-01-28
U000012,MOV110501,3.0,2024-02-22
U000002,MOV114707,3.0,2025-12-25
U000212,MOV113048,3.0,2020-10-19
U001741,MOV100006,3.0,2020-02-14
U000006,MOV110851,4.0,2021-08-13
U000001,MOV118231,5.0,2022-08-03
U000006,MOV107452,2.0,2016-01-03
U000027,MOV107508,5.0,2024-05-08
U001029,MOV112486,1.0,2023-05-29
U000662,MOV100831,4.0,2025-09-26
U000068,MOV105702,5.0,2023-01-20
U000002,MOV113350,4.0,2020-12-05
U000496,MOV100006,4.0,2025-06-17
U000002,MOV100104,2.0,2021-07-10
U000005,MOV105961,5.0,2019-06-27
U001668,MOV105444,3.0,2022-11-19
U000503,MOV119272,4.0,2024-02-17
U000448,MOV108278,3.0,2017-01-04
U000530,MOV101108,3.0,2025-03-30
U000015,MOV110262,2.0,2018-02-09
U000061,MOV111800,3.0,2024-12-03
U000043,MOV105077,4.0,2023-11-12
U001101,MOV104697,5.0,2020-06-04
U000020,MOV109993,4.0,2022-03-06
U000049,MOV110304,4.0,2024-04-23
U000053,MOV104629,3.0,2017-11-03
U000033,MOV109221,3.0,2024-07-11
U000004,MOV118805,2.0,2025-09-04
U000217,MOV118926,5.0,2019-03-13
U003604,MOV119635,3.0,2025-02-04
U000020,MOV100557,3.0,2021-10-20
U000202,MOV108091,5.0,2018-12-13
U000009,MOV104436,5.0,2022-06-30
U000010,MOV108836,4.0,2025-08-17
U004096,MOV107168,2.0,2022-07-19
U000928,MOV111884,3.0,2022-08-28
U000002,MOV102788,4.0,2019-05-30
U001929,MOV107526,4.0,2016-11-01
U000001,MOV112306,4.0,2024-11-11
U000232,MOV119272,4.0,2021-05-08
U000917,MOV117257,1.0,2025-07-01
U000001,MOV116682,4.0,2023-04-15
U000560,MOV119272,2.0,2022-12-07
U000004,MOV104966,3.0,2016-06-21
U000019,MOV117512,4.0,2018-08-02
U000015,MOV109221,5.0,2023-08-28
U000001,MOV116266,3.0,2015-09-02
U000156,MOV110351,5.0,2025-05-13
U000039,MOV106803,3.0,2025-01-30
U001780,MOV119635,2.0,2025-08-23
U000006,MOV114896,5.0,2023-03-23
U000026,MOV115929,4.0,2017-04-23
U000014,MOV114993,4.0,2018-07-11
U000001,MOV113160,5.0,2019-11-14
U000539,MOV105896,1.0,2024-04-19
U000020,MOV106335,5.0,2023-03-21
U000009,MOV106038,4.0,2024-05-15
U000013,MOV101438,4.0,2017-06-16
U000001,MOV110923,5.0,2023-06-02
U000008,MOV117856,3.0,2018-02-12
U000133,MOV117335,4.0,2018-11-08
U000007,MOV103334,4.0,2025-01-30
U000012,MOV104697,2.0,2023-06-01
U000242,MOV103097,4.0,2025-08-10
U000250,MOV115268,3.0,2024-01-20
U000060,MOV100713,5.0,2022-09-29
U000920,MOV112232,4.0,2025-03-05
U000204,MOV110275,2.0,2018-12-21
U000005,MOV103577,3.0,2020-07-29
U000020,MOV108775,5.0,2023-03-14
U000060,MOV118813,5.0,
U000588,MOV119635,2.0,2017-12-26
U000353,MOV107497,5.0,2022-12-31
U000390,MOV103610,4.0,2023-09-08
U000001,MOV105141,2.0,2017-03-27
U000003,MOV101751,4.0,2020-09-21
U000388,MOV117124,5.0,
U000542,MOV119635,4.0,2018-12-04
U000105,MOV106687,1.0,2024-09-12
U000002,MOV111671,2.0,2025-04-10
U000017,MOV110525,5.0,2017-06-18
U000008,MOV102289,5.0,2019-07-17
U000089,MOV103323,2.0,2024-11-09
U000040,MOV118828,4.0,2016-09-18
U000009,MOV117768,5.0,2022-05-12
U000247,MOV100553,4.0,2017-06-01
U000307,MOV100006,4.0,2025-04-13
U000001,MOV102051,1.0,2025-01-02
U000003,MOV107209,3.0,2022-10-09
U000210,MOV104816,2.0,2019-12-14
U000013,MOV114815,1.0,2024-09-18
U000003,MOV118374,4.0,2019-11-20
U000149,MOV100016,4.0,2020-02-01
U000001,MOV112200,5.0,2025-10-30
U002274,MOV111999,4.0,2017-04-16
U000203,MOV114626,4.0,2021-09-01
U000002,MOV118374,2.0,2021-10-25
U000205,MOV110790,4.0,2024-06-04
U002262,MOV116820,5.0,2023-04-28
U000036,MOV105236,2.0,2018-02-03
U000009,MOV111482,4.0,2021-03-02
U000005,MOV114570,4.0,2021-09-06
U000971,MOV108508,1.0,2022-12-14
U000013,MOV101139,4.0,2023-04-30
U000008,MOV119162,5.0,2017-06-24
U000128,MOV105644,3.0,
U000201,MOV109999,2.0,2025-09-12
U000023,MOV111134,2.0,2021-11-03
U000005,MOV108039,4.0,2024-11-19
U003332,MOV101718,2.0,2019-02-15
U000028,MOV115260,2.0,2025-12-31
U000800,MOV114784,4.0,2021-05-19
U000026,MOV111352,4.0,2025-02-06
U000002,MOV114382,2.0,2021-06-09
U000031,MOV110026,4.0,2018-11-26
U000014,MOV113483,3.0,2022-06-09
U000033,MOV106165,2.0,2025-01-27
U000953,MOV100006,4.0,2023-10-06
U000011,MOV104697,5.0,2016-10-24
U000001,MOV119620,3.0,2021-09-26
U000045,MOV107304,5.0,2025-12-26
U004183,MOV112370,4.0,2016-07-21
U000063,MOV115151,3.0,2024-09-09
U000001,MOV119722,1.0,2020-07-10
U000001,MOV109892,5.0,2025-07-28
U000297,MOV105896,5.0,2025-10-13
U001740,MOV108414,3.0,2023-03-23
U003348,MOV119272,2.0,2019-09-02
U001375,MOV119272,5.0,2016-06-23
U000027,MOV102058,4.0,2025-05-17
U000163,MOV119635,2.0,2021-08-29
U000224,MOV109221,4.0,2024-03-05
U000471,MOV103762,5.0,2024-02-25
U000006,MOV101468,4.0,2019-08-29
U003277,MOV107327,4.0,2023-09-27
U000088,MOV109602,4.0,2017-07-04
U000115,MOV116470,4.0,2022-02-21
U000676,MOV100006,4.0,2021-12-19
U001425,MOV110828,4.0,2020-10-14
U000421,MOV109602,3.0,2022-08-28
U000340,MOV119722,4.0,2025-01-03
U000017,MOV105773,4.0,2022-07-03
U000220,MOV101492,4.0,2023-11-21
U000016,MOV107861,5.0,2023-12-28
U000003,MOV100941,2.0,2015-08-08
U000049,MOV111527,2.0,2020-08-21
U000014,MOV115480,5.0,2015-12-29
U000144,MOV102959,3.0,2023-07-30
U000004,MOV114151,5.0,2016-04-02
U000003,MOV119672,2.0,2022-08-29
U000150,MOV105644,3.0,2025-01-06
U000007,MOV112643,4.0,2022-05-18
U000004,MOV100527,3.0,2022-12-21
U004366,MOV114993,2.0,2018-04-06
U000014,MOV109602,4.0,2020-08-19
U000034,MOV116580,4.0,2019-11-22
U000269,MOV100006,5.0,2024-09-12
U000008,MOV103502,5.0,2019-01-04
U000008,MOV110026,1.0,2016-12-06
U000537,MOV115460,2.0,2022-12-03
U000002,MOV114161,3.0,2024-11-21
U000289,MOV114784,1.0,2015-10-14
U000038,MOV118492,4.0,2025-07-18
U000031,MOV117948,4.0,2025-03-01
U000020,MOV110691,4.0,2025-09-26
U000004,MOV116956,4.0,2022-12-18
U000017,MOV117066,4.0,2021-04-14
U000087,MOV117251,5.0,2019-04-13
U000004,MOV111134,3.0,2021-07-19
U000006,MOV100644,3.0,2025-11-29
U000551,MOV113766,4.0,2017-11-06
U000004,MOV109759,2.0,2025-09-10
U000129,MOV100006,3.0,2022-02-02
U000017,MOV112667,3.0,2022-05-31
U000046,MOV116254,3.0,2018-01-12
U000584,MOV114549,1.0,2024-08-10
U000013,MOV109781,3.0,2025-10-17
U001617,MOV100374,4.0,2023-06-21
U000007,MOV102748,4.0,2022-05-19
U000004,MOV118208,4.0,2024-04-20
U000098,MOV103091,4.0,2025-05-28
U003716,MOV100006,4.0,2022-09-23
U000008,MOV103001,5.0,2025-03-03
U000001,MOV113164,3.0,2020-11-10
U000001,MOV111285,5.0,2024-04-17
U002178,MOV100689,1.0,2025-06-23
U000237,MOV119186,4.0,
U000003,MOV115194,2.0,2021-03-01
U000135,MOV113660,3.0,2018-05-22
U000006,MOV116792,4.0,2025-06-26
U000020,MOV102589,3.0,2025-02-09
U000582,MOV119635,4.0,2025-10-27
U000067,MOV105990,2.0,2015-09-01
U000059,MOV109488,4.0,2025-07-29
U000001,MOV113790,5.0,2025-07-24
U000054,MOV116470,4.0,2019-05-03
U000057,MOV116169,5.0,2023-03-23
U000142,MOV114993,4.0,2017-12-31
U002496,MOV100831,4.0,2015-06-26
U000001,MOV102179,4.0,2024-01-03
U000011,MOV103577,2.0,2022-09-23
U000648,MOV110790,3.0,2024-09-13
U000064,MOV118828,3.0,2019-02-17
U000048,MOV107496,5.0,2019-04-19
U000005,MOV103323,4.0,2018-03-23
U000014,MOV108065,3.0,2019-02-11
U000054,MOV111434,4.0,2024-11-10
U000180,MOV113492,2.0,2022-06-04
U000005,MOV100487,3.0,2018-10-03
U000040,MOV119579,4.0,2025-01-29
U000001,MOV110072,5.0,2020-11-22
U000010,MOV106834,5.0,2018-05-08
U000002,MOV112531,3.0,2024-09-10
U000004,MOV117851,3.0,2023-06-18
U000674,MOV104768,3.0,2023-09-22
U000002,MOV109684,4.0,2025-07-02
U000038,MOV113257,1.0,2025-09-23
U000003,MOV105243,4.0,2025-01-13
U000212,MOV108221,5.0,2024-02-08
U000158,MOV103605,2.0,2022-08-18
U000003,MOV103767,5.0,2023-01-30
U002092,MOV101369,2.0,2023-04-12
U000001,MOV101530,5.0,2015-10-19
U000006,MOV106662,4.0,2025-01-08
U002344,MOV117251,2.0,
U000215,MOV103498,1.0,2024-03-10
U000053,MOV112189,3.0,2021-09-02
U000004,MOV108567,4.0,2016-06-13
U001129,MOV113048,5.0,2019-12-19
U000022,MOV101027,3.0,2020-05-06
U000131,MOV107772,3.0,2025-05-03
U000456,MOV111034,5.0,2023-10-11
U000015,MOV104247,4.0,2021-02-15
U001083,MOV119272,3.0,2023-06-30
U000001,MOV102659,5.0,2024-12-05
U000012,MOV112686,1.0,2016-07-13
U002056,MOV112225,3.0,2025-11-13
U000193,MOV105990,1.0,2015-10-11
U000074,MOV105644,4.0,2025-08-10
U000041,MOV111434,4.0,2023-08-21
U002750,MOV109166,4.0,2024-01-30
U001216,MOV105990,4.0,2023-01-30
U000036,MOV106037,3.0,2017-07-16
U001136,MOV119202,4.0,2019-02-15
U002534,MOV119162,5.0,2022-04-28
U000212,MOV118828,4.0,2023-03-30
U000401,MOV111029,2.0,2018-10-09
U000250,MOV113800,5.0,2025-11-29
U000179,MOV103605,4.0,2024-12-15
U000004,MOV101136,1.0,2017-06-13
U000182,MOV111159,3.0,2022-10-21
U000490,MOV100006,5.0,2016-08-02
U000562,MOV103050,4.0,2021-01-16
U001039,MOV119204,4.0,2024-12-26
U000018,MOV110182,5.0,2025-03-11
U000077,MOV111217,3.0,2018-12-21
U000234,MOV105234,5.0,2024-03-14
U003160,MOV113048,2.0,2019-07-06
U000002,MOV102311,4.0,2016-04-23
U000038,MOV104768,4.0,2021-09-25
U000009,MOV115110,4.0,2025-09-08
U000264,MOV100006,4.0,2017-04-05
U000004,MOV103744,3.0,2025-03-25
U000037,MOV114626,5.0,2018-11-06
U000287,MOV100006,2.0,2025-05-04
U000006,MOV116337,5.0,
U000290,MOV104060,2.0,2016-07-23
U001490,MOV103605,3.0,2022-11-10
U000417,MOV110475,4.0,2023-04-15
U000059,MOV106850,4.0,2020-01-26
U002432,MOV107794,1.0,2025-07-16
U000066,MOV118543,3.0,
U001381,MOV119272,5.0,2022-04-02
U000647,MOV106139,4.0,2025-11-08
U000148,MOV114784,3.0,2025-11-29
U000348,MOV119635,4.0,2025-02-17
U000579,MOV119635,4.0,2024-01-16
U000005,MOV118204,3.0,2023-08-24
U000008,MOV105699,2.0,2025-09-26
U000001,MOV112696,3.0,2021-08-11
U000003,MOV110012,3.0,2019-07-03
U000001,MOV104238,5.0,2024-08-03
U000014,MOV107795,4.0,2020-01-14
U003794,MOV119272,2.0,2015-04-25
U004224,MOV100006,4.0,2025-05-23
U000037,MOV117135,2.0,2022-02-14
U000004,MOV104313,4.0,2024-12-29
U001605,MOV103605,4.0,2019-01-12
U003565,MOV119204,4.0,2019-12-19
U000038,MOV101108,4.0,2024-02-21
U000033,MOV119380,5.0,2024-10-19
U000444,MOV107577,5.0,2019-09-13
U000001,MOV100685,4.0,2022-01-21
U000252,MOV119635,4.0,2024-12-29
U000648,MOV100006,5.0,2018-03-03
U000868,MOV100006,4.0,2022-07-09
U000117,MOV115268,3.0,2021-11-13
U000002,MOV119714,3.0,2018-04-12
U000002,MOV113495,2.0,2021-11-02
U000001,MOV118890,1.0,2015-03-17
U000011,MOV116203,4.0,2025-12-05
U000001,MOV101812,4.0,2020-06-09
U000004,MOV112090,4.0,2020-08-19
U001190,MOV109320,4.0,
U000488,MOV110475,4.0,2022-11-29
U000030,MOV103610,1.0,2019-05-18
U000001,MOV117421,3.0,2016-03-06
U000279,MOV100006,4.0,2022-10-22
U000003,MOV112667,4.0,2019-07-10
U000369,MOV100006,3.0,2015-08-10
U000177,MOV119635,4.0,2023-12-25
U000502,MOV101871,1.0,2023-07-28
U000004,MOV117604,3.0,2023-10-06
U000028,MOV111640,4.0,2023-09-08
U000001,MOV119416,4.0,2021-10-16
U002752,MOV107184,4.0,2017-03-02
U000007,MOV103032,3.0,2025-06-05
U000001,MOV104267,5.0,2017-09-23
U000023,MOV119635,2.0,2023-09-20
U000063,MOV100923,4.0,2022-04-02
U000071,MOV111671,4.0,2023-12-16
U000004,MOV100498,4.0,2019-10-02
U001288,MOV119272,3.0,2025-09-28
U002368,MOV118999,5.0,2025-07-12
U001596,MOV110351,5.0,2021-08-12
U000001,MOV101192,4.0,2019-11-05
U000003,MOV110614,5.0,2023-03-21
U000006,MOV105162,3.0,2025-01-23
U002562,MOV105833,3.0,2018-02-27
U000004,MOV106146,3.0,2024-09-11
U003580,MOV112232,3.0,2024-07-14
U000002,MOV106944,4.0,2024-01-23
U000429,MOV103605,4.0,2025-04-08
U000060,MOV110790,4.0,2024-05-19
U000005,MOV108836,4.0,2024-07-10
U000780,MOV101034,4.0,2025-11-29
U002175,MOV100006,4.0,2021-04-28
U000010,MOV109776,4.0,2020-08-12
U000036,MOV113482,2.0,2022-09-24
U000137,MOV118260,3.0,2025-09-17
U002976,MOV100754,4.0,2025-07-26
U000886,MOV119272,2.0,2022-01-25
U000347,MOV114431,4.0,2016-04-10
U000017,MOV107828,4.0,2018-08-30
U000007,MOV117066,5.0,2018-09-08
U000184,MOV117948,5.0,2017-08-27
U000154,MOV103605,4.0,2025-09-30
U000001,MOV108387,5.0,2025-10-22
U000001,MOV117097,4.0,2021-01-07
U000001,MOV118999,5.0,2022-09-17
U000056,MOV110828,5.0,2024-02-22
U000087,MOV107527,3.0,2025-03-01
U000044,MOV118828,5.0,2018-01-23
U000009,MOV117349,3.0,
U000001,MOV110020,3.0,2017-08-01
U000001,MOV101268,4.0,2018-04-15
U001560,MOV119635,5.0,2025-07-15
U000056,MOV109164,4.0,2020-02-26
U000022,MOV107622,4.0,
U000004,MOV106710,3.0,2016-04-28
U001262,MOV112097,4.0,2015-06-02
U000174,MOV103903,3.0,2021-10-16
U000006,MOV111692,4.0,2022-03-07
U000001,MOV104436,5.0,2022-03-21
U000001,MOV118615,3.0,2023-01-12
U004008,MOV114325,2.0,2022-09-03
U000223,MOV103605,3.0,2025-03-27
U000016,MOV110026,3.0,2023-06-21
U000969,MOV108419,3.0,2024-04-29
U000381,MOV116768,1.0,2022-08-07
U003847,MOV118828,5.0,2019-06-20
U001191,MOV118556,1.0,2019-08-07
U000331,MOV102801,5.0,2021-07-05
U000836,MOV107297,4.0,2025-06-02
U000226,MOV113595,2.0,2025-01-06
U000143,MOV106773,3.0,2023-01-01
U000001,MOV117306,4.0,2023-07-20
U000011,MOV111888,4.0,2020-07-08
U000014,MOV102996,4.0,2023-10-25
U000109,MOV119272,4.0,2024-08-26
U000565,MOV116854,4.0,2015-01-12
U000005,MOV104988,5.0,2024-10-31
U000012,MOV103779,4.0,2022-11-26
U000011,MOV115929,4.0,2025-10-20
U000057,MOV115040,3.0,2022-09-12
U000016,MOV119204,4.0,2024-11-25
U000024,MOV107386,3.0,2025-10-25
U000180,MOV108065,3.0,2018-02-12
U000010,MOV113483,4.0,2025-07-29
U000436,MOV117447,3.0,2015-05-10
U002051,MOV100006,4.0,2023-05-31
U000001,MOV102952,5.0,2024-11-27
U000029,MOV109934,4.0,2022-07-28
U000011,MOV117648,5.0,2021-03-02
U000003,MOV102704,5.0,2025-06-26
U000132,MOV110026,3.0,2017-08-01
U000012,MOV100199,2.0,2024-12-10
U000004,MOV112903,4.0,2023-05-17
U000082,MOV119635,4.0,2017-10-28
U000216,MOV112114,4.0,2024-10-21
U003023,MOV100006,2.0,2025-07-02
U000349,MOV103482,4.0,2018-10-20
U000001,MOV109826,4.0,2021-02-16
U000107,MOV114182,2.0,2024-03-01
U000005,MOV113683,3.0,2022-11-14
U001036,MOV114992,5.0,2020-06-30
U000865,MOV100006,2.0,2025-07-15
U000453,MOV114752,4.0,2015-04-20
U000266,MOV114626,3.0,2017-11-05
U000011,MOV106774,3.0,2024-09-23
U000490,MOV110702,2.0,2025-10-30
U000005,MOV117851,4.0,2024-06-03
U000006,MOV104770,3.0,2025-03-25
U000002,MOV101807,4.0,2021-11-02
U000837,MOV116977,3.0,2017-10-14
U000058,MOV106037,3.0,2024-01-01
U001008,MOV115409,4.0,2025-01-14
U000035,MOV111087,3.0,2018-08-15
U000104,MOV119272,5.0,2021-05-06
U001314,MOV103719,3.0,2024-06-16
U000014,MOV119106,5.0,2023-08-03
U000604,MOV108912,3.0,2022-03-03
U000017,MOV111358,5.0,2021-02-13
U000017,MOV116736,5.0,2025-05-09
U000014,MOV100758,5.0,2023-09-08
U000003,MOV105895,3.0,2017-01-04
U000014,MOV113502,5.0,2025-11-12
U000043,MOV113766,5.0,2023-11-18
U000047,MOV113900,5.0,2020-04-18
U000011,MOV107912,5.0,2021-01-30
U000007,MOV109374,1.0,2022-07-09
U000520,MOV103605,2.0,2021-05-31
U002490,MOV118089,2.0,2017-06-24
U000264,MOV101769,4.0,2020-10-26
U000023,MOV105661,3.0,2024-12-06
U000038,MOV103248,5.0,2025-04-07
U000007,MOV111206,4.0,2025-05-11
U003093,MOV118492,4.0,2024-01-31
U000062,MOV102429,2.0,2021-12-04
U002078,MOV104770,5.0,2021-12-27
U000001,MOV114223,4.0,2020-08-07
U003336,MOV119635,4.0,2023-10-13
U000084,MOV105938,4.0,2025-09-16
U000802,MOV118556,4.0,2024-12-09
U000005,MOV107910,3.0,2025-08-22
U000008,MOV101992,3.0,2025-04-09
U000004,MOV101539,2.0,2020-10-23
U000002,MOV109822,3.0,2023-10-07
U003984,MOV100006,4.0,2025-09-17
U000007,MOV104939,1.0,2021-05-10
U000233,MOV116061,4.0,2022-07-28
U002972,MOV115929,5.0,2021-01-14
U000070,MOV106336,4.0,2025-02-25
U000002,MOV110609,5.0,2024-04-03
U000957,MOV100006,2.0,2017-06-28
U000114,MOV105990,3.0,2019-10-13
U000013,MOV118374,2.0,2019-09-16
U003377,MOV107309,5.0,2017-12-06
U003464,MOV109166,4.0,2025-12-25
U000003,MOV104722,4.0,2018-05-25
U000017,MOV116580,4.0,2021-04-22
U000005,MOV109536,4.0,2024-09-28
U000043,MOV109396,1.0,2025-12-22
U000001,MOV114321,4.0,2025-07-02
U000001,MOV113982,4.0,2020-01-16
U000012,MOV112513,3.0,2021-02-17
U000086,MOV115929,2.0,2023-02-14
U003599,MOV100006,5.0,2024-11-23
U000012,MOV102437,3.0,2018-12-01
U000237,MOV103931,4.0,2024-11-10
U000001,MOV117395,4.0,2018-06-16
U000047,MOV114909,1.0,2021-09-06
U001882,MOV100006,2.0,2022-05-13
U000350,MOV114896,3.0,2018-07-14
U003369,MOV103605,3.0,2020-07-11
U001562,MOV112097,4.0,2025-10-10
U000040,MOV116234,1.0,2025-12-20
U000004,MOV100558,2.0,2023-10-10
U003803,MOV112232,3.0,2018-01-17
U003205,MOV118668,3.0,2025-01-19
U000026,MOV101084,3.0,2022-07-05
U000447,MOV113766,2.0,2025-07-06
U002524,MOV117671,4.0,2024-03-15
U000196,MOV105644,3.0,2018-11-22
U000001,MOV118710,4.0,2021-08-16
U000001,MOV113168,2.0,2016-04-02
U000180,MOV105896,4.0,2021-12-07
U000434,MOV113048,3.0,2024-05-21
U000015,MOV103605,4.0,2024-10-18
U000004,MOV110261,4.0,2023-04-17
U000213,MOV106689,4.0,2021-02-01
U000585,MOV105224,4.0,2016-07-17
U000051,MOV115271,4.0,2025-03-12
U000006,MOV112158,4.0,2024-10-22
U000001,MOV105322,5.0,2025-02-24
U000003,MOV107828,2.0,2025-03-18
U000004,MOV117515,3.0,2019-02-14
U000043,MOV119635,4.0,2017-08-12
U000039,MOV112960,5.0,2021-08-18
U000035,MOV113160,5.0,2020-01-10
U000142,MOV113048,4.0,2025-05-30
U000014,MOV108122,3.0,2025-08-16
U000002,MOV111699,3.0,2021-10-05
U000033,MOV118556,2.0,2025-07-08
U000003,MOV118335,5.0,2015-05-16
U000001,MOV110497,2.0,2024-04-24
U000389,MOV110144,3.0,2020-09-08
U000007,MOV113074,2.0,2019-08-26
U000251,MOV110026,2.0,2021-11-24
U000574,MOV107378,3.0,2025-04-02
U000001,MOV101299,4.0,2019-05-21
U000009,MOV109759,4.0,2025-01-15
U000015,MOV112232,4.0,2025-01-02
U000016,MOV116710,3.0,2018-10-05
U000034,MOV110828,4.0,2019-03-13
U000012,MOV104333,4.0,2025-04-15
U003454,MOV105990,3.0,2025-10-17
U000652,MOV105896,4.0,2021-11-28
U000423,MOV102801,4.0,2022-05-05
U000223,MOV117575,3.0,2018-03-18
U000182,MOV100006,5.0,2019-09-25
U000463,MOV100006,2.0,2022-10-21
U000002,MOV116599,3.0,2021-08-30
U000091,MOV111574,4.0,2017-02-24
U000168,MOV111943,4.0,2025-05-16
U000006,MOV111924,5.0,2022-11-13
U000003,MOV118474,3.0,2017-06-15
U000003,MOV103917,4.0,2019-02-10
U000026,MOV100737,5.0,2016-09-29
U000041,MOV110828,4.0,2021-09-17
U000018,MOV118556,3.0,2016-02-04
U000225,MOV114570,2.0,2024-11-23
U000019,MOV106803,3.0,2024-11-16
U000161,MOV115312,1.0,2023-03-04
U000193,MOV113766,4.0,2025-07-11
U001125,MOV113048,5.0,2018-04-29
U000040,MOV106044,1.0,2021-10-29
U000203,MOV109221,4.0,2022-06-21
U000541,MOV101622,4.0,2024-01-22
U000003,MOV109906,4.0,2025-08-23
U000901,MOV109602,3.0,2020-11-03
U000001,MOV119377,4.0,2018-08-17
U000017,MOV116222,5.0,2021-06-11
U000246,MOV110828,3.0,2023-02-27
U000003,MOV102023,3.0,2025-04-21
U000119,MOV119635,4.0,2025-05-06
U000004,MOV105768,4.0,2015-04-30
U000160,MOV119635,5.0,2020-11-09
U000088,MOV112486,4.0,2023-08-23
U000005,MOV103605,4.0,2023-07-26
U000276,MOV119272,5.0,2024-02-27
U000025,MOV108508,2.0,2025-06-11
U000004,MOV106352,4.0,2019-01-09
U000023,MOV106803,3.0,2025-11-29
U000001,MOV117108,4.0,2023-09-05
U002403,MOV105990,2.0,2016-01-12
U001837,MOV113113,4.0,2024-07-22
U000009,MOV111159,1.0,2025-05-04
U000039,MOV100519,2.0,2019-02-18
U000055,MOV114667,3.0,2022-02-26
U000001,MOV112141,5.0,2020-01-19
U000115,MOV108553,2.0,2025-08-27
U000022,MOV113211,4.0,2025-11-17
U000003,MOV106279,4.0,2019-04-15
U000001,MOV111073,1.0,2021-03-02
U000063,MOV119578,3.0,2022-10-01
U000102,MOV114784,4.0,2023-01-16
U000462,MOV105644,1.0,2024-03-18
U002344,MOV101108,4.0,2023-04-01
U000060,MOV113956,2.0,2023-08-11
U000231,MOV119272,4.0,2024-08-31
U001246,MOV114790,4.0,2023-01-05
U002628,MOV116391,4.0,2022-04-27
U002520,MOV115429,5.0,2024-03-28
U000154,MOV100006,4.0,2018-08-21
U000002,MOV108769,4.0,2025-11-19
U000002,MOV103125,5.0,2018-12-04
U000030,MOV109761,5.0,2021-10-23
U003915,MOV118474,5.0,2022-02-10
U000032,MOV116536,4.0,2023-02-07
U000004,MOV104855,4.0,2025-04-07
U001695,MOV105990,3.0,2025-04-02
U000587,MOV108352,2.0,2024-05-28
U000086,MOV114993,5.0,2025-06-22
U000005,MOV109583,3.0,2025-04-09
U000003,MOV119392,1.0,2024-11-01
U000023,MOV113130,3.0,2022-08-23
U003186,MOV104768,3.0,2025-12-09
U003449,MOV110828,4.0,2020-10-17
U000136,MOV113483,3.0,2025-11-25
U000262,MOV104663,5.0,2023-10-08
U001536,MOV100542,2.0,2024-02-28
U000006,MOV103610,4.0,2020-11-19
U000012,MOV114909,3.0,2022-12-22
U000007,MOV102107,4.0,2024-11-12
U000113,MOV107147,3.0,2024-10-10
U000021,MOV117348,5.0,2024-08-12
U001960,MOV112429,4.0,2018-04-21
U000003,MOV109158,5.0,2024-04-16
U001940,MOV103252,4.0,2025-09-27
U000016,MOV116700,4.0,2023-03-22
U000040,MOV101718,4.0,2022-11-16
U000991,MOV109602,3.0,2025-07-07
U001471,MOV111840,4.0,2025-05-24
U000347,MOV110790,3.0,2019-10-12
U002792,MOV103474,4.0,2024-01-05
U001156,MOV114066,4.0,2022-03-28
U000006,MOV100962,5.0,2022-05-08
U000001,MOV103182,3.0,2024-09-08
U000183,MOV116837,4.0,2022-10-15
U000001,MOV117255,5.0,2020-09-03
U003691,MOV110475,4.0,2022-11-15
U001698,MOV105536,4.0,2025-01-13
U000174,MOV101681,5.0,2024-02-13
U000026,MOV117851,4.0,2022-04-03
U000232,MOV119186,3.0,2015-12-09
U001552,MOV117948,4.0,2024-04-02
U000795,MOV104250,5.0,2021-10-04
U000576,MOV104244,5.0,2024-08-25
U000025,MOV119204,4.0,2025-04-07
U000003,MOV106972,5.0,2022-11-12
U000135,MOV107198,4.0,2025-09-06
U001694,MOV119272,3.0,2023-05-30
U003147,MOV105990,5.0,2021-02-14
U000061,MOV114822,3.0,2023-01-08
U000079,MOV113766,3.0,2025-07-16
U000733,MOV107585,5.0,2021-04-09
U000035,MOV114326,4.0,2023-06-30
U003123,MOV111103,2.0,2022-06-03
U001283,MOV115888,4.0,2024-01-18
U000011,MOV103252,3.0,2023-11-18
U000017,MOV112600,4.0,2018-07-21
U000069,MOV103367,5.0,2020-09-29
U000830,MOV101108,3.0,2015-01-05
U001839,MOV100006,4.0,2025-07-10
U000221,MOV100006,2.0,2019-09-22
U000447,MOV108317,3.0,2024-07-23
U000048,MOV119272,2.0,2022-02-05
U000002,MOV106080,4.0,2019-10-26
U000009,MOV109329,4.0,2025-04-25
U001250,MOV109602,4.0,2024-07-23
U000094,MOV100880,5.0,2021-07-12
U000013,MOV109340,2.0,2020-08-31
U000062,MOV101034,4.0,2025-07-07
U002879,MOV110687,5.0,2021-10-10
U000001,MOV109101,4.0,2016-08-30
U000046,MOV117251,5.0,2020-03-16
U002227,MOV114626,3.0,2024-02-23
U000018,MOV116470,1.0,2024-05-18
U000159,MOV119635,5.0,2025-02-26
U000528,MOV106635,3.0,2025-06-08
U000303,MOV100635,3.0,2025-01-31
U000021,MOV119021,5.0,2021-09-25
U000044,MOV105483,4.0,2018-03-25
U004074,MOV106894,3.0,2025-09-10
U000002,MOV107327,4.0,2024-10-08
U003300,MOV119272,3.0,2017-08-02
U003903,MOV115506,5.0,2025-09-04
U001774,MOV119638,5.0,2023-01-01
U000002,MOV117920,3.0,2025-01-27
U001285,MOV110026,4.0,2024-03-12
U000170,MOV100751,4.0,2025-11-29
U000337,MOV119635,4.0,2019-08-12
U000173,MOV119272,4.0,2019-05-09
U000108,MOV100557,4.0,2024-10-25
U000027,MOV110262,1.0,2023-07-05
U000287,MOV102126,4.0,2019-05-18
U000021,MOV118545,3.0,2018-08-15
U000005,MOV116763,4.0,
U000002,MOV103082,5.0,2025-02-10
U000008,MOV106336,5.0,2024-02-10
U000130,MOV119635,5.0,2017-03-26
U000740,MOV108678,2.0,2018-03-01
U000025,MOV117851,3.0,2025-05-26
U000855,MOV117350,4.0,2025-05-01
U000001,MOV101604,4.0,2021-09-02
U000024,MOV118028,4.0,2020-07-07
U000001,MOV108162,1.0,2025-03-08
U000303,MOV117287,2.0,2025-02-21
U000004,MOV107181,5.0,2019-11-18
U000002,MOV102629,3.0,2020-01-25
U000001,MOV115011,5.0,2021-03-12
U000084,MOV118556,5.0,2023-05-29
U000001,MOV117135,5.0,2021-07-28
U001350,MOV100754,4.0,2021-12-30
U000001,MOV102616,3.0,2021-08-22
U000040,MOV116807,5.0,2023-02-17
U000223,MOV100006,5.0,2021-06-05
U001551,MOV110790,3.0,2020-05-18
U002738,MOV115686,4.0,2023-01-29
U002483,MOV115501,5.0,2016-04-06
U000746,MOV116470,5.0,2023-07-04
U000021,MOV109459,2.0,2025-05-03
U002428,MOV100006,5.0,2021-10-01
U000003,MOV101083,5.0,2021-08-12
U000223,MOV101425,4.0,2025-10-06
U001805,MOV106165,4.0,2020-12-12
U001249,MOV103225,2.0,2018-06-19
U000412,MOV111066,2.0,2024-05-14
U000011,MOV113779,4.0,2024-08-10
U000057,MOV118556,4.0,2025-01-10
U000009,MOV112153,5.0,2018-03-18
U000522,MOV103047,5.0,2023-01-05
U000008,MOV115297,3.0,2025-10-24
U000004,MOV105948,3.0,2018-01-26
U000052,MOV116189,3.0,2022-01-25
U003741,MOV101257,5.0,2022-12-30
U000049,MOV117948,3.0,2022-10-05
U000147,MOV119635,2.0,2018-06-20
U000005,MOV118374,5.0,2025-06-09
U000281,MOV114626,4.0,2021-11-05
U001541,MOV119635,2.0,2025-12-19
U000001,MOV112907,4.0,2022-08-13
U000912,MOV117793,1.0,2025-08-31
U000016,MOV116926,4.0,2024-07-24
U000735,MOV100557,3.0,2023-02-07
U000012,MOV104623,1.0,2025-12-07
U000007,MOV105174,5.0,2024-09-03
U000001,MOV115410,4.0,2020-12-08
U000307,MOV119635,4.0,2020-12-14
U000001,MOV114433,4.0,2023-07-02
U000037,MOV119635,4.0,2023-06-21
U000001,MOV115775,5.0,2022-11-09
U000003,MOV108805,1.0,2019-11-09
U001795,MOV119635,4.0,2023-02-06
U000043,MOV118556,3.0,2016-10-10
U000424,MOV119272,4.0,2025-06-24
U000006,MOV102297,3.0,2017-05-19
U002132,MOV114626,3.0,2024-01-29
U000001,MOV103913,5.0,2022-11-27
U000002,MOV105473,3.0,2025-11-09
U000384,MOV100006,4.0,2023-08-01
U000410,MOV100557,3.0,2025-07-27
U000016,MOV113903,4.0,2021-07-05
U000001,MOV118454,2.0,2020-03-19
U002867,MOV101108,4.0,2022-01-26
U000228,MOV109221,2.0,2023-12-14
U000089,MOV100839,4.0,2019-06-26
U000020,MOV104975,3.0,2022-05-01
U000152,MOV103605,3.0,2021-09-05
U000134,MOV113048,4.0,2025-01-24
U000511,MOV109525,1.0,2024-06-30
U002899,MOV111400,4.0,2024-10-29
U000448,MOV100831,4.0,2020-03-11
U002772,MOV105990,5.0,2022-04-12
U000041,MOV113604,4.0,2020-12-12
U000174,MOV110193,4.0,2018-09-21
U001159,MOV113533,4.0,2025-02-16
U000007,MOV108922,4.0,2025-06-13
U000371,MOV116580,5.0,2018-03-19
U000002,MOV112922,2.0,2022-05-16
U000018,MOV104456,2.0,2019-12-02
U000037,MOV110111,3.0,2015-11-11
U000004,MOV111115,5.0,2019-11-10
U000026,MOV117948,5.0,2017-05-17
U000033,MOV103224,3.0,2025-11-02
U000003,MOV115480,5.0,2016-08-11
U000001,MOV101977,4.0,2024-06-19
U000009,MOV118429,3.0,2025-11-09
U000003,MOV103147,1.0,2022-10-16
U000136,MOV105896,4.0,2025-08-15
U000039,MOV100557,5.0,2021-12-11
U000004,MOV114187,3.0,2025-08-03
U000006,MOV100931,4.0,2018-09-02
U000163,MOV105990,4.0,2023-06-21
U000007,MOV104472,3.0,2018-11-17
U000018,MOV108909,4.0,2021-11-10
U000050,MOV110868,1.0,2022-05-16
U000664,MOV110536,4.0,2021-03-15
U000004,MOV110731,1.0,2023-06-02
U000001,MOV105661,4.0,2023-11-08
U000093,MOV105990,4.0,2023-03-04
U000006,MOV109524,1.0,2021-01-07
U000094,MOV111029,2.0,2025-07-10
U000563,MOV117949,5.0,2025-11-07
U001231,MOV116470,3.0,2024-10-22
U000014,MOV115258,3.0,2017-10-15
U000039,MOV111407,1.0,2021-07-27
U000785,MOV100006,4.0,2025-05-19
U000865,MOV105990,4.0,2018-09-20
U003971,MOV118556,4.0,2017-11-21
U001250,MOV100006,4.0,2024-08-01
U000006,MOV112472,4.0,2021-12-12
U001291,MOV115312,4.0,2022-11-20
U000006,MOV101840,4.0,2021-06-24
U000008,MOV104247,3.0,2015-12-22
U001166,MOV106640,4.0,2023-08-26
U002094,MOV114626,3.0,2019-04-30
U000003,MOV114210,3.0,2023-03-07
U000003,MOV101554,5.0,2024-04-16
U002624,MOV110992,3.0,2023-09-12
U000036,MOV102129,3.0,2021-12-18
U000005,MOV105536,4.0,2021-07-17
U000002,MOV109737,4.0,2022-04-28
U000697,MOV116798,5.0,2021-02-18
U000026,MOV117823,4.0,2024-02-17
U000470,MOV106037,2.0,2023-10-03
U000002,MOV119672,3.0,2025-01-25
U000065,MOV119272,3.0,2021-08-30
U001033,MOV110828,4.0,2023-05-29
U000061,MOV101575,4.0,2022-04-18
U000001,MOV108832,3.0,2025-08-18
U000004,MOV117962,3.0,2024-07-21
U000002,MOV109977,4.0,2024-07-01
U000189,MOV101539,3.0,2024-04-16
U000089,MOV119635,4.0,2024-06-12
U000007,MOV114489,4.0,2018-05-25
U000009,MOV116736,2.0,2019-07-20
U000005,MOV106476,4.0,2023-06-05
U000045,MOV103643,4.0,2018-10-12
U000007,MOV102147,3.0,2022-09-21
U000006,MOV115802,2.0,2015-05-02
U000094,MOV116390,4.0,2022-09-23
U001340,MOV100006,3.0,2024-08-14
U001784,MOV103577,5.0,2024-03-28
U003366,MOV103138,4.0,2017-12-29
U000004,MOV108200,3.0,2020-07-15
U001096,MOV103779,4.0,2023-01-01
U000098,MOV110790,2.0,
U000006,MOV106458,3.0,2021-10-06
U000320,MOV100006,3.0,2020-10-28
U001352,MOV107213,4.0,2023-12-13
U000034,MOV112210,5.0,2019-05-21
U000001,MOV116219,4.0,2015-07-07
U000003,MOV104018,5.0,2024-12-05
U000510,MOV107862,1.0,2019-05-22
U000032,MOV112232,4.0,
U000003,MOV115435,5.0,2023-12-05
U000021,MOV110113,4.0,2018-01-20
U001554,MOV104663,2.0,2022-02-20
U000003,MOV116216,5.0,2024-10-18
U000352,MOV101539,3.0,2025-05-09
U000019,MOV103122,5.0,
U000007,MOV106673,3.0,2019-11-05
U000199,MOV107069,4.0,2024-08-20
U001615,MOV119635,5.0,2025-06-20
U000042,MOV113048,3.0,2021-11-23
U000534,MOV104018,3.0,2016-01-13
U000008,MOV117287,3.0,2019-01-12
U000299,MOV112094,3.0,2015-02-10
U000257,MOV100006,3.0,2023-10-16
U000016,MOV100713,5.0,2024-03-25
U000038,MOV119635,2.0,2025-07-21
U000030,MOV103911,4.0,2025-09-17
U000001,MOV101428,3.0,2020-02-25
U002615,MOV112876,4.0,2015-01-06
U000033,MOV114626,4.0,2024-03-06
U000144,MOV117948,5.0,2025-03-07
U001538,MOV100713,4.0,2025-07-24
U003361,MOV112490,3.0,2017-04-22
U000014,MOV113695,3.0,2019-05-14
U000003,MOV113247,5.0,2017-03-11
U000005,MOV112862,4.0,2022-10-26
U000022,MOV115251,3.0,2019-10-29
U000037,MOV110026,4.0,2024-05-17
U000004,MOV105269,4.0,2025-10-04
U000727,MOV116169,1.0,2016-11-20
U000139,MOV111134,4.0,2025-11-09
U000036,MOV106850,2.0,2025-06-25
U000001,MOV111842,1.0,2023-03-16
U000017,MOV108134,5.0,2024-10-30
U000005,MOV107224,4.0,2020-09-10
U002676,MOV107839,5.0,2023-10-12
U000001,MOV101912,1.0,2023-11-07
U000022,MOV102542,3.0,2023-03-08
U000023,MOV118556,5.0,2024-08-18
U000009,MOV105644,5.0,2019-06-21
U000001,MOV109703,2.0,2020-01-16
U003631,MOV110026,5.0,2021-10-02
U000003,MOV110294,3.0,2016-08-11
U000044,MOV101108,4.0,2022-09-05
U000003,MOV119176,3.0,2020-12-12
U000157,MOV114993,3.0,2025-11-06
U000001,MOV115605,5.0,2021-05-01
U000016,MOV105009,3.0,2021-08-29
U002508,MOV119635,5.0,2021-11-03
U000004,MOV108010,3.0,2024-06-02
U000034,MOV112232,1.0,2018-08-13
U000217,MOV110828,2.0,2025-10-08
U001374,MOV114710,1.0,2025-03-06
U000198,MOV113766,4.0,2025-08-06
U000013,MOV110072,4.0,2025-09-12
U000708,MOV119186,4.0,2023-11-14
U000010,MOV113835,5.0,2017-04-30
U000003,MOV112021,1.0,2021-12-25
U000035,MOV103224,3.0,2022-10-19
U000050,MOV113876,2.0,2020-12-16
U000009,MOV114424,5.0,2024-09-12
U000032,MOV119350,2.0,2023-06-18
U000023,MOV111029,3.0,2020-06-11
U000248,MOV113418,4.0,2022-08-28
U000041,MOV113766,3.0,2020-11-04
U001566,MOV116131,3.0,2017-12-16
U000050,MOV110026,3.0,2025-10-07
U000003,MOV108217,3.0,2021-06-01
U001421,MOV114607,2.0,2024-08-20
U000231,MOV114626,4.0,2021-08-02
U000002,MOV110768,3.0,2018-11-23
U000007,MOV114368,3.0,2025-06-20
U000010,MOV110475,4.0,2021-11-09
U000009,MOV109280,4.0,2023-12-20
U000004,MOV116254,4.0,2025-08-15
U000088,MOV114155,3.0,2025-12-11
U000317,MOV106577,4.0,2017-03-08
U000073,MOV100557,2.0,2023-07-08
U000908,MOV110262,4.0,2018-10-10
U000042,MOV110475,2.0,2025-07-26
U000586,MOV104281,5.0,2017-04-25
U003067,MOV116741,1.0,2025-10-22
U000021,MOV108820,1.0,2025-06-13
U000589,MOV119635,5.0,2024-02-06
U000024,MOV109166,4.0,2020-07-12
U000001,MOV100310,5.0,2018-04-14
U000001,MOV112792,3.0,2015-07-01
U000078,MOV119635,4.0,2025-06-12
U000018,MOV102465,1.0,2025-07-07
U000411,MOV101108,5.0,2023-05-14
U000001,MOV110193,4.0,2024-05-14
U002703,MOV103605,4.0,2021-07-20
U000005,MOV100373,3.0,2022-02-21
U000023,MOV104529,4.0,2024-10-18
U000066,MOV119635,2.0,2024-06-13
U000003,MOV101681,4.0,2020-05-16
U000257,MOV106347,4.0,2017-04-29
U000170,MOV102984,5.0,2024-04-03
U000173,MOV109874,3.0,2020-01-19
U000701,MOV116956,5.0,2018-05-19
U000331,MOV105990,5.0,2019-07-18
U000003,MOV110150,5.0,2023-03-08
U000010,MOV105764,2.0,2020-11-16
U000064,MOV119754,4.0,2021-06-19
U000814,MOV100006,3.0,2024-04-16
U000066,MOV106252,3.0,2022-07-25
U000009,MOV100158,5.0,2018-11-01
U001262,MOV113048,5.0,2023-05-19
U000107,MOV110790,3.0,2021-04-21
U000027,MOV118391,4.0,2024-09-23
U000048,MOV113800,3.0,2025-05-06
U000010,MOV103076,3.0,2022-11-09
U000339,MOV100006,3.0,2023-09-21
U000002,MOV110018,2.0,2020-03-19
U000308,MOV118556,4.0,2016-02-05
U000053,MOV113835,3.0,2025-08-15
U000008,MOV110018,5.0,2025-06-26
U000001,MOV102754,4.0,2024-10-01
U000001,MOV101477,2.0,2019-04-13
U003747,MOV113604,4.0,2023-01-28
U000007,MOV114567,1.0,2018-04-21
U000132,MOV110353,5.0,2023-08-13
U000001,MOV114701,4.0,2025-06-13
U000076,MOV113233,5.0,2025-12-13
U000051,MOV114626,3.0,2019-01-20
U000003,MOV115501,5.0,2019-11-14
U000805,MOV102610,3.0,2021-04-20
U000009,MOV114257,4.0,2021-04-20
U000020,MOV100181,3.0,2022-02-04
U000011,MOV114784,4.0,2024-07-04
U000045,MOV113875,4.0,2021-07-22
U000126,MOV103690,4.0,2022-08-27
U001023,MOV103681,4.0,2019-06-03
U000003,MOV108588,4.0,2022-03-27
U002471,MOV119272,4.0,2023-08-18
U000001,MOV113509,4.0,
U000001,MOV108844,4.0,2021-07-10
U000001,MOV102285,4.0,2022-11-12
U000002,MOV102309,4.0,2022-04-29
U004056,MOV105197,4.0,2025-01-18
U003709,MOV119272,4.0,2018-01-05
U000002,MOV101026,4.0,
U000029,MOV113495,2.0,2024-03-21
U000047,MOV105896,3.0,2022-03-06
U003535,MOV103125,2.0,2021-01-21
U000082,MOV104278,4.0,2024-09-16
U002009,MOV113418,5.0,2025-07-21
U000016,MOV117235,2.0,2017-12-28
U000008,MOV109340,2.0,2023-09-21
U000002,MOV117406,5.0,2025-08-24
U000005,MOV113615,4.0,2020-01-08
U000518,MOV115409,4.0,2021-07-15
U000339,MOV117447,4.0,2018-06-02
U000002,MOV103175,4.0,2023-03-20
U000001,MOV106699,1.0,2022-07-19
U001120,MOV116944,3.0,2023-08-12
U000625,MOV119660,4.0,2023-08-25
U000151,MOV100713,4.0,2021-02-03
U001144,MOV106008,4.0,2021-08-05
U000033,MOV104319,5.0,2021-01-02
U000002,MOV106207,1.0,2024-09-03
U000170,MOV113831,1.0,2021-05-02
U000049,MOV114626,3.0,2019-01-28
U000011,MOV114992,3.0,2025-01-23
U000051,MOV104697,3.0,2025-11-08
U000002,MOV116813,4.0,2022-03-15
U000042,MOV109166,3.0,2022-04-29
U000011,MOV107772,4.0,2025-05-07
U000025,MOV109602,4.0,2025-09-29
U000003,MOV106703,2.0,2025-01-03
U000003,MOV107140,5.0,2025-03-04
U000001,MOV110065,3.0,2023-09-10
U000012,MOV102818,2.0,2025-05-20
U000004,MOV119222,5.0,2016-08-05
U000123,MOV100831,4.0,2015-08-16
U000012,MOV103182,2.0,2025-05-12
U000005,MOV102948,4.0,2020-01-08
U000033,MOV118859,4.0,2020-06-23
U000912,MOV110026,3.0,2025-06-07
U000003,MOV103334,4.0,2018-01-19
U000562,MOV103759,4.0,2025-08-18
U000041,MOV105077,3.0,2023-05-26
U000004,MOV104697,4.0,2024-08-28
U000193,MOV114424,5.0,2018-02-17
U001842,MOV119344,2.0,
U000001,MOV117657,5.0,2015-07-10
U000011,MOV104505,3.0,2018-04-28
U000003,MOV110467,4.0,2015-11-15
U000005,MOV115828,5.0,2019-06-08
U001077,MOV100880,3.0,2020-01-20
U000630,MOV104768,3.0,2018-12-18
U001656,MOV106906,2.0,2023-03-02
U002043,MOV105236,5.0,2020-01-15
U000042,MOV102627,3.0,2024-09-10
U000084,MOV113827,2.0,2021-06-01
U000317,MOV111159,4.0,2025-07-10
U000095,MOV100491,1.0,2023-10-08
U000006,MOV105536,5.0,2018-10-10
U000001,MOV104255,5.0,2022-09-26
U000001,MOV110226,3.0,2022-12-10
U000031,MOV102142,3.0,2024-03-25
U000555,MOV119635,1.0,2023-05-21
U000018,MOV101840,4.0,2023-11-08
U000069,MOV104038,3.0,2025-05-14
U000007,MOV114155,4.0,2024-08-16
U000263,MOV106544,4.0,2020-12-07
U000280,MOV115496,1.0,2021-09-27
U000002,MOV106143,4.0,2022-10-23
U003852,MOV106380,2.0,2025-12-31
U000074,MOV109221,4.0,2017-05-28
U000100,MOV116470,3.0,2023-03-18
U000009,MOV110532,4.0,2022-08-05
U000002,MOV100963,2.0,2025-09-19
U000077,MOV109602,3.0,2025-01-10
U000004,MOV103779,4.0,2022-08-20
U001431,MOV117780,5.0,2025-03-06
U000012,MOV113835,4.0,2016-04-11
U000001,MOV107209,4.0,2019-01-26
U000016,MOV105764,2.0,2022-08-27
U000006,MOV110262,4.0,2025-12-08
U000001,MOV111661,4.0,2017-11-30
U000039,MOV112981,5.0,2025-10-16
U000823,MOV116813,5.0,2018-09-25
U000138,MOV113972,3.0,2025-12-12
U000002,MOV111134,5.0,2020-07-11
U000002,MOV117883,5.0,2017-05-07
U000001,MOV102309,3.0,2015-01-12
U002539,MOV114502,5.0,2024-09-22
U002000,MOV106834,3.0,2023-04-10
U000225,MOV106744,3.0,2023-12-28
U000006,MOV100154,5.0,2015-11-07
U000002,MOV107151,5.0,2025-10-10
U000002,MOV117081,5.0,2015-09-07
U000014,MOV112342,5.0,2024-12-26
U000034,MOV105942,5.0,2019-05-25
U000041,MOV119635,3.0,2025-01-03
U000485,MOV119635,3.0,2022-04-26
U000060,MOV104768,3.0,2022-09-09
U000266,MOV114993,3.0,2023-06-14
U000935,MOV110852,5.0,2019-06-06
U000001,MOV112797,2.0,2025-02-01
U000022,MOV115664,2.0,2023-09-12
U000870,MOV117950,5.0,2023-09-21
U000433,MOV118035,5.0,2019-01-22
U000002,MOV100016,4.0,2020-04-18
U000079,MOV118556,1.0,2024-10-15
U000052,MOV118556,4.0,2019-04-25
U000176,MOV100006,2.0,2021-11-19
U000003,MOV113839,5.0,2023-10-21
U001945,MOV119635,5.0,2021-04-01
U000019,MOV105896,3.0,
U000002,MOV106966,2.0,2025-01-18
U000061,MOV111211,4.0,2019-12-30
U000002,MOV107671,2.0,2022-05-14
U000005,MOV111671,4.0,2024-03-24
U000005,MOV112061,5.0,2025-12-22
U000249,MOV103605,3.0,2017-07-06
U000199,MOV112136,3.0,2024-08-27
U001844,MOV100006,4.0,2019-06-10
U002449,MOV107909,3.0,2019-06-08
U000113,MOV114784,5.0,2025-06-07
U000152,MOV106296,1.0,2017-06-23
U000307,MOV118988,2.0,2023-10-02
U000067,MOV102058,4.0,2024-07-15
U000003,MOV105661,5.0,2024-08-19
U000004,MOV103147,4.0,2024-01-25
U000001,MOV103258,5.0,2025-12-13
U000005,MOV104002,5.0,2018-10-06
U000003,MOV116967,3.0,2025-01-19
U000009,MOV110828,3.0,2023-03-22
U000131,MOV119202,4.0,2023-02-27
U000008,MOV104069,3.0,2017-05-23
U000001,MOV108424,2.0,2015-12-14
U000006,MOV117851,4.0,2024-11-05
U000485,MOV100006,5.0,2025-05-25
U000333,MOV109558,2.0,2021-05-30
U000486,MOV110905,4.0,2017-06-20
U000023,MOV108832,3.0,2024-03-20
U000006,MOV100713,4.0,2015-11-24
U000182,MOV114626,4.0,2021-06-22
U000029,MOV110790,3.0,2024-10-21
U000008,MOV115500,4.0,2018-02-01
U000545,MOV108836,2.0,2024-08-19
U000063,MOV105896,4.0,2018-10-24
U000004,MOV115268,4.0,2022-08-24
U000001,MOV105956,2.0,2016-01-21
U000019,MOV111217,3.0,2025-04-13
U000774,MOV102204,5.0,2024-07-11
U002735,MOV110026,4.0,2019-05-22
U000044,MOV107117,2.0,2019-08-24
U000001,MOV113466,4.0,2022-05-07
U000821,MOV101202,4.0,2019-03-16
U000004,MOV104675,3.0,2016-08-12
U000073,MOV103122,3.0,2024-03-17
U000201,MOV102743,3.0,2020-09-21
U000002,MOV111457,1.0,2017-11-28
U000001,MOV102302,4.0,2017-01-03
U000003,MOV116131,3.0,2020-07-18
U000122,MOV114784,3.0,2022-09-28
U000001,MOV116134,4.0,2022-08-12
U000318,MOV106380,2.0,2020-11-14
U000013,MOV118556,5.0,2020-07-22
U000036,MOV113033,3.0,2025-05-17
U000070,MOV100594,3.0,2019-10-04
U000909,MOV102230,2.0,2023-07-19
U000045,MOV109660,4.0,2025-11-13
U000470,MOV109693,4.0,2019-07-01
U000287,MOV114371,4.0,2018-11-14
U001150,MOV103605,4.0,2021-11-04
U000027,MOV116710,3.0,2020-02-12
U000001,MOV108794,4.0,2020-07-03
U000017,MOV116399,3.0,2017-10-25
U000162,MOV103252,5.0,2020-01-16
U000556,MOV119635,2.0,2025-07-05
U000021,MOV111087,4.0,2025-08-26
U000069,MOV106220,5.0,2021-05-05
U000002,MOV104286,1.0,2022-08-09
U000009,MOV103175,5.0,2025-09-24
U001630,MOV111130,3.0,2020-01-08
U000007,MOV107210,4.0,2022-09-07
U001496,MOV110026,4.0,2015-11-13
U000002,MOV105122,4.0,2023-05-31
U001565,MOV107580,3.0,2024-09-06
U000001,MOV107279,3.0,2024-09-06
U000199,MOV103091,5.0,2025-07-13
U000053,MOV114768,4.0,2017-09-03
U003064,MOV116370,4.0,2021-11-13
U000002,MOV118753,2.0,2021-07-12
U000572,MOV105990,4.0,2019-12-31
U000073,MOV106834,5.0,2025-02-13
U000087,MOV118556,2.0,2022-08-16
U000001,MOV105595,4.0,2022-09-09
U000012,MOV113482,5.0,2025-04-12
U000083,MOV111885,2.0,2024-05-10
U000016,MOV110702,4.0,2022-02-11
U000711,MOV110614,4.0,2017-03-01
U000258,MOV104697,3.0,2024-07-04
U000001,MOV117287,1.0,2024-08-05
U000114,MOV101108,3.0,2025-05-22
U000899,MOV114403,4.0,2021-08-14
U000887,MOV117349,4.0,
U000005,MOV106458,2.0,2021-05-02
U000115,MOV119150,3.0,2022-10-03
U001877,MOV119635,4.0,2023-07-22
U000001,MOV113152,2.0,2019-11-23
U000312,MOV118828,4.0,2025-09-28
U000003,MOV113734,4.0,2017-06-22
U001582,MOV114424,2.0,2025-02-11
U000015,MOV114873,4.0,2025-01-22
U000001,MOV100812,4.0,2023-08-07
U001486,MOV105990,4.0,2025-10-15
U000129,MOV112797,3.0,2025-01-12
U000005,MOV110345,5.0,2019-03-21
U000309,MOV119559,3.0,2025-09-24
U000001,MOV102460,4.0,2021-08-06
U000279,MOV101027,2.0,2025-03-11
U000134,MOV100504,4.0,2020-02-07
U003918,MOV111392,5.0,2021-10-22
U000028,MOV109602,4.0,2025-10-08
U000001,MOV105339,4.0,2025-04-25
U000003,MOV102061,4.0,2018-09-16
U000539,MOV103605,5.0,2022-01-23
U000732,MOV100183,3.0,2024-05-25
U000026,MOV105008,4.0,2025-08-01
U000018,MOV108922,3.0,2024-07-22
U000146,MOV106484,3.0,2020-02-25
U000164,MOV104201,3.0,2022-09-13
U000022,MOV103605,2.0,2018-12-01
U000033,MOV109471,3.0,2025-08-22
U000004,MOV100016,4.0,2018-09-02
U002448,MOV100006,5.0,2016-01-14
U000001,MOV102136,5.0,2015-12-07
U000038,MOV109536,3.0,2021-01-20
U000141,MOV104247,2.0,2023-08-17
U002087,MOV100006,4.0,2025-04-25
U001086,MOV101576,1.0,2023-07-02
U000006,MOV112348,5.0,2025-04-14
U000022,MOV114896,3.0,2020-03-19
U000008,MOV100733,5.0,2016-10-22
U000004,MOV109558,3.0,2023-12-27
U003518,MOV100006,5.0,2017-07-10
U004151,MOV111029,4.0,2017-07-30
U000768,MOV104629,5.0,2023-11-21
U000005,MOV117287,3.0,2024-11-04
U000027,MOV116885,4.0,2018-07-17
U000143,MOV103643,3.0,2024-11-18
U000923,MOV100006,5.0,2022-04-21
U004411,MOV116470,1.0,2019-12-18
U000002,MOV115826,4.0,2020-11-08
U003389,MOV114601,5.0,2025-02-12
U000001,MOV117924,4.0,
U000844,MOV105990,5.0,2025-06-26
U000031,MOV117827,2.0,2018-10-27
U000014,MOV116379,2.0,2021-11-13
U001658,MOV112092,5.0,2024-04-09
U000085,MOV100880,3.0,2017-11-14
U000050,MOV118374,2.0,2024-02-19
U000001,MOV109152,3.0,2023-09-03
U000005,MOV114430,5.0,2025-12-30
U000004,MOV105077,1.0,2025-11-19
U000016,MOV112097,4.0,2023-12-05
U000103,MOV102058,4.0,2025-07-19
U003932,MOV112085,5.0,2023-08-24
U000001,MOV111632,4.0,2022-12-24
U000009,MOV103047,4.0,2023-05-29
U003508,MOV105768,4.0,2019-01-11
U000018,MOV118753,2.0,2019-11-22
U000240,MOV105990,3.0,2021-01-17
U000118,MOV107664,5.0,2025-06-27
U000002,MOV114753,2.0,2021-05-27
U000005,MOV110578,4.0,2019-07-25
U000018,MOV109166,5.0,2022-08-04
U000001,MOV117990,4.0,2021-11-24
U000057,MOV103333,3.0,2018-01-05
U000003,MOV109822,2.0,2025-10-09
U000005,MOV107020,2.0,2025-05-20
U000009,MOV102811,4.0,2020-11-30
U000006,MOV106374,2.0,2018-07-28
U000440,MOV107732,5.0,2022-12-08
U000088,MOV109221,4.0,2024-10-22
U000003,MOV104854,3.0,2021-11-23
U003720,MOV119204,4.0,2020-07-27
U000002,MOV107017,3.0,2021-10-01
U000115,MOV102056,5.0,2024-06-16
U000004,MOV111052,4.0,2025-04-19
U000066,MOV117230,4.0,2024-04-07
U000886,MOV119392,4.0,2023-12-20
U000003,MOV113003,5.0,2022-06-08
U000941,MOV103605,4.0,2022-08-11
U000154,MOV102362,3.0,2021-11-21
U000027,MOV105644,3.0,2016-07-30
U000506,MOV101108,4.0,2020-06-25
U000029,MOV113800,4.0,2019-09-14
U000105,MOV101108,5.0,2022-03-28
U000020,MOV114784,4.0,2019-11-10
U000025,MOV107571,4.0,2024-10-27
U000021,MOV104258,2.0,2018-11-08
U000003,MOV115500,4.0,2021-11-14
U000417,MOV118174,4.0,2023-01-07
U000002,MOV107326,3.0,2023-02-26
U000001,MOV111986,2.0,2024-11-02
U000003,MOV119319,2.0,2017-07-08
U000079,MOV117251,3.0,2016-10-12
U000247,MOV101202,5.0,2025-03-09
U000641,MOV111282,3.0,2018-03-01
U000038,MOV112742,2.0,2025-11-02
U000049,MOV117542,1.0,2021-10-31
U000469,MOV110015,4.0,2025-02-01
U000066,MOV107348,3.0,2019-04-06
U002066,MOV110026,4.0,2019-02-23
U000001,MOV108474,3.0,2025-04-07
U000006,MOV101922,3.0,2023-06-01
U000001,MOV116495,5.0,2017-10-28
U000004,MOV100208,4.0,2022-01-06
U000156,MOV106689,4.0,2019-12-08
U000132,MOV112953,1.0,2025-04-25
U002580,MOV119635,4.0,2023-06-30
U000002,MOV112562,1.0,2025-03-27
U000089,MOV112085,3.0,2019-05-20
U000181,MOV102189,4.0,2025-10-05
U000438,MOV101108,4.0,2021-05-02
U000181,MOV111135,4.0,2025-10-28
U003460,MOV112065,5.0,2025-05-25
U004281,MOV119186,3.0,2025-11-18
U000020,MOV112513,4.0,2023-03-02
U000014,MOV112395,4.0,2021-08-27
U001952,MOV107888,4.0,2018-09-04
U000843,MOV113766,4.0,2024-12-23
U000137,MOV105317,5.0,2023-04-20
U001001,MOV105990,4.0,2018-10-03
U000861,MOV114601,5.0,2019-11-23
U000001,MOV100609,3.0,2025-12-14
U000002,MOV116142,5.0,2019-07-13
U000001,MOV118410,4.0,2021-02-06
U000004,MOV108506,4.0,2025-07-08
U000041,MOV106689,4.0,2020-09-26
U000001,MOV118145,5.0,2022-12-16
U000029,MOV119635,4.0,2025-04-04
U004461,MOV114909,3.0,2015-04-10
U000052,MOV102500,2.0,2018-04-11
U000002,MOV104111,3.0,2015-08-19
U001297,MOV119272,4.0,2020-02-19
U000377,MOV116686,3.0,
U002993,MOV112147,4.0,2022-01-10
U000097,MOV119204,2.0,2025-08-04
U000003,MOV109759,4.0,2025-10-15
U000003,MOV109913,5.0,2021-11-11
U004434,MOV100006,4.0,2025-05-20
U004060,MOV114993,2.0,2025-11-28
U000022,MOV112147,1.0,2025-01-14
U000080,MOV116181,3.0,2017-08-20
U000003,MOV117949,4.0,2025-03-13
U000087,MOV101838,5.0,2022-05-27
U000017,MOV102679,5.0,2024-01-27
U000018,MOV112232,3.0,2025-04-07
U000001,MOV103512,4.0,2025-01-06
U000067,MOV118120,4.0,2025-12-10
U000341,MOV112513,5.0,
U000001,MOV116144,4.0,2025-07-03
U000009,MOV118510,5.0,2025-12-27
U000001,MOV118062,1.0,2019-05-23
U000008,MOV111434,4.0,2018-09-01
U000021,MOV110866,3.0,2020-02-22
U000002,MOV114018,4.0,2019-01-13
U002088,MOV109340,4.0,2025-08-16
U000003,MOV111769,3.0,2020-01-11
U000060,MOV102473,3.0,2023-02-28
U000006,MOV110193,1.0,2024-12-09
U000043,MOV107992,4.0,2020-03-12
U000285,MOV108424,5.0,2023-06-03
U000877,MOV102729,3.0,2023-03-05
U000080,MOV108791,4.0,2021-03-08
U002520,MOV100006,5.0,2023-12-20
U001784,MOV112132,2.0,2023-09-02
U000008,MOV118200,5.0,2022-09-11
U000375,MOV111300,5.0,2023-01-16
U000154,MOV105990,2.0,2020-10-06
U000003,MOV113884,5.0,2021-03-17
U000032,MOV104429,2.0,2018-01-26
U000018,MOV100557,5.0,2024-06-26
U000071,MOV110790,4.0,2023-12-21
U001654,MOV116470,4.0,2024-03-28
U000002,MOV118439,3.0,2023-02-14
U000688,MOV119425,3.0,2025-01-05
U000027,MOV111513,1.0,2025-01-13
U000039,MOV116181,1.0,2024-04-21
U000035,MOV111994,1.0,2020-09-12
U000002,MOV106037,3.0,2023-06-10
U000228,MOV113800,4.0,2023-09-21
U000139,MOV101853,4.0,2025-03-10
U000003,MOV119164,4.0,2024-08-07
U000164,MOV105990,2.0,2024-10-12
U000080,MOV118753,4.0,2017-05-05
U000133,MOV119635,3.0,2020-01-09
U000542,MOV108419,3.0,2025-06-30
U001773,MOV109558,3.0,2019-02-20
U000002,MOV118709,4.0,2019-07-17
U000209,MOV115637,3.0,2025-02-02
U000158,MOV101108,4.0,2025-10-22
U000001,MOV118612,3.0,2023-10-24
U000001,MOV101338,4.0,2018-09-23
U000343,MOV100006,3.0,2025-02-28
U000001,MOV111885,3.0,2024-01-29
U000002,MOV112694,3.0,
U000002,MOV111324,3.0,2025-01-28
U000019,MOV101821,4.0,2020-01-30
U000065,MOV118556,3.0,2017-02-13
U000390,MOV103122,3.0,2022-04-01
U000921,MOV100006,1.0,2022-09-09
U000071,MOV105916,4.0,2025-04-15
U001076,MOV108973,5.0,2019-02-04
U000030,MOV108863,3.0,2018-03-31
U000024,MOV119799,4.0,2022-01-08
U000014,MOV112272,2.0,2017-04-01
U000011,MOV103651,4.0,2020-02-23
U000031,MOV103940,3.0,2018-08-03
U000286,MOV114567,4.0,2023-08-09
U000003,MOV118813,5.0,2015-04-09
U000467,MOV106710,1.0,2025-09-03
U000083,MOV119635,4.0,2025-10-09
U000006,MOV111188,2.0,2022-03-09
U000124,MOV115236,4.0,2025-05-30
U000031,MOV114626,3.0,2023-11-15
U000063,MOV101361,4.0,2019-10-13
U000010,MOV115356,4.0,2025-01-05
U000032,MOV103610,2.0,2016-06-09
U004084,MOV109221,3.0,2024-04-12
U000740,MOV110828,3.0,2017-06-07
U000002,MOV113986,5.0,2016-07-05
U004166,MOV109140,4.0,2025-03-07
U000137,MOV100006,4.0,2020-08-07
U000240,MOV119272,3.0,2020-05-15
U000446,MOV100006,4.0,2023-02-23
U000096,MOV105896,4.0,2025-02-03
U000002,MOV102123,4.0,2020-02-15
U000001,MOV113099,5.0,2016-05-23
U002364,MOV101084,1.0,2020-07-22
U000005,MOV112072,5.0,2025-02-23
U000006,MOV116684,4.0,2021-10-20
U000827,MOV119635,4.0,2021-04-29
U000042,MOV110026,3.0,2021-08-07
U000012,MOV110859,5.0,2020-04-20
U000042,MOV114257,2.0,2024-07-24
U000076,MOV119635,5.0,2016-02-02
U000007,MOV105482,4.0,2024-10-17
U000060,MOV104138,3.0,2025-06-26
U001282,MOV119272,4.0,2024-11-06
U001377,MOV119635,3.0,2025-04-21
U000404,MOV114784,4.0,2019-08-07
U000002,MOV105482,5.0,2021-06-19
U000107,MOV114470,1.0,2019-04-09
U001865,MOV107070,2.0,2020-09-23
U000012,MOV118545,4.0,
U000064,MOV117615,3.0,2024-06-26
U000001,MOV109910,2.0,2019-12-04
U000004,MOV100899,4.0,2022-10-12
U000785,MOV104118,5.0,2024-02-06
U000015,MOV113279,1.0,2023-03-29
U000012,MOV118500,4.0,2025-01-02
U001180,MOV100006,4.0,2019-03-07
U000260,MOV101108,4.0,2024-09-09
U000138,MOV117251,3.0,2021-05-27
U000042,MOV115817,2.0,2020-09-07
U000008,MOV112106,4.0,2019-07-10
U000082,MOV106689,4.0,2025-12-24
U000037,MOV111159,5.0,2024-12-02
U000001,MOV107755,4.0,2023-11-02
U000285,MOV109221,3.0,2025-06-05
U000340,MOV110790,4.0,2020-09-03
U000026,MOV113800,4.0,2021-12-28
U000004,MOV106167,3.0,2020-08-06
U000003,MOV111574,4.0,2025-09-15
U004227,MOV100006,4.0,2018-08-29
U000016,MOV109280,3.0,2025-01-14
U000317,MOV101361,5.0,2025-08-26
U002168,MOV109660,3.0,2021-06-26
U000496,MOV112484,4.0,2020-04-10
U000212,MOV106834,4.0,2020-03-03
U000005,MOV116956,4.0,2020-02-16
U000004,MOV107491,3.0,2020-07-31
U000006,MOV118398,5.0,2025-12-11
U000207,MOV111434,3.0,2021-10-10
U000005,MOV119593,5.0,2023-04-23
U000008,MOV108047,5.0,2025-04-15
U000067,MOV112218,1.0,2021-09-02
U002522,MOV104711,2.0,2021-08-22
U000001,MOV113627,4.0,2024-10-15
U000577,MOV119635,3.0,2018-01-31
U000021,MOV119779,3.0,2017-05-27
U000422,MOV119799,3.0,2016-07-18
U000001,MOV107678,1.0,2024-07-31
U000161,MOV114424,1.0,2017-08-24
U000089,MOV100006,2.0,2022-08-26
U000054,MOV112232,4.0,2023-02-16
U000001,MOV110506,3.0,2019-09-28
U000004,MOV106321,3.0,2021-11-23
U000110,MOV109221,4.0,2019-07-04
U001735,MOV114298,3.0,2023-07-22
U000536,MOV110790,4.0,2021-09-26
U000007,MOV107303,3.0,2022-11-18
U000061,MOV111434,4.0,2023-09-04
U001190,MOV112632,5.0,2023-12-14
U001723,MOV100006,3.0,2020-11-01
U000001,MOV115949,4.0,2016-09-05
U000444,MOV109166,5.0,2018-01-19
U000051,MOV103660,4.0,2024-09-19
U000001,MOV107961,4.0,2018-05-01
U000014,MOV102095,5.0,2022-07-23
U000001,MOV118945,1.0,2017-12-27
U000010,MOV113766,4.0,2018-01-11
U000480,MOV119826,4.0,2018-01-05
U000010,MOV112016,5.0,2024-06-17
U000005,MOV113495,5.0,2020-02-24
U001845,MOV119635,4.0,2022-06-01
U000005,MOV100754,4.0,2024-12-31
U000015,MOV116663,4.0,2024-05-28
U000001,MOV115324,4.0,2025-10-20
U000001,MOV110409,3.0,2025-04-10
U000003,MOV119433,2.0,2018-04-25
U000399,MOV105764,3.0,2023-07-21
U000353,MOV110790,3.0,2019-04-27
U000089,MOV114138,4.0,2025-08-29
U000043,MOV109795,3.0,2019-06-13
U000008,MOV111373,2.0,2021-09-01
U000279,MOV103605,4.0,2023-11-01
U000626,MOV100006,5.0,2021-02-23
U000001,MOV118548,4.0,2022-08-21
U000561,MOV114629,4.0,2018-07-19
U000002,MOV103564,5.0,2025-12-17
U000058,MOV104270,3.0,2022-02-09
U000030,MOV115789,4.0,2025-06-22
U001430,MOV107674,3.0,2021-10-24
U000106,MOV110262,5.0,2023-08-05
U000128,MOV119635,4.0,2019-02-18
U000003,MOV100016,2.0,2015-10-25
U000050,MOV116741,2.0,2019-11-29
U000190,MOV119635,4.0,2016-01-03
U000366,MOV119204,3.0,2025-03-21
U000083,MOV110558,5.0,2021-05-21
U000031,MOV109488,4.0,2015-04-12
U000001,MOV111962,3.0,2023-06-30
U000035,MOV110828,3.0,2022-08-17
U000081,MOV108774,5.0,2025-04-13
U000798,MOV114626,5.0,2025-11-23
U000498,MOV102718,4.0,2025-09-30
U000079,MOV110790,1.0,2023-08-19
U000107,MOV114391,5.0,2016-07-12
U002220,MOV113949,4.0,2017-06-09
U003201,MOV101209,5.0,2020-12-08
U000002,MOV112545,5.0,2022-12-12
U000144,MOV100899,4.0,2017-11-21
U000069,MOV112232,4.0,2025-07-30
U000008,MOV114608,3.0,2020-03-02
U000001,MOV106496,5.0,2023-02-14
U000328,MOV117899,3.0,2019-03-23
U000101,MOV104768,3.0,2021-10-04
U000149,MOV116710,4.0,2023-05-03
U002413,MOV110262,5.0,2019-06-24
U000012,MOV119186,5.0,2018-02-17
U000004,MOV102552,2.0,2019-03-20
U001801,MOV105308,5.0,2018-12-29
U001515,MOV119635,2.0,2017-10-12
U000126,MOV112232,4.0,2022-12-16
U004106,MOV119635,4.0,2025-04-25
U000008,MOV117367,1.0,2018-02-13
U000004,MOV114601,5.0,2025-02-23
U001007,MOV119186,5.0,2020-07-11
U000035,MOV103605,4.0,2024-05-09
U000712,MOV113563,1.0,2023-08-26
U000163,MOV118828,4.0,2021-06-03
U000002,MOV117851,3.0,2025-09-23
U001737,MOV101922,3.0,2025-09-17
U000042,MOV119272,4.0,2025-10-04
U000038,MOV102761,4.0,2018-05-21
U001585,MOV100006,1.0,2020-08-26
U000007,MOV111671,4.0,2017-11-23
U004424,MOV114626,3.0,2025-08-28
U000006,MOV108974,3.0,2020-11-23
U000140,MOV115420,1.0,2015-10-26
U000955,MOV118510,4.0,2022-09-01
U000015,MOV118167,5.0,2025-03-12
U000003,MOV108162,4.0,2019-11-18
U000005,MOV101188,3.0,2025-05-27
U000009,MOV116580,4.0,2023-03-08
U000006,MOV105077,4.0,2015-02-07
U000543,MOV100006,4.0,2019-07-07
U000006,MOV101849,5.0,2023-11-09
U000719,MOV109785,4.0,2025-10-09
U000003,MOV106458,3.0,2022-11-14
U000037,MOV104499,3.0,2024-02-01
U000380,MOV113917,4.0,2021-08-10
U000339,MOV111159,3.0,2025-02-26
U000003,MOV101362,4.0,2021-12-10
U000378,MOV105228,4.0,2025-05-23
U000002,MOV101500,4.0,2024-11-21
U000001,MOV119475,4.0,2025-09-09
U000003,MOV113381,3.0,2018-12-27
U000061,MOV113766,3.0,2025-12-26
U000001,MOV103339,4.0,2022-11-08
U000016,MOV118974,4.0,2018-05-16
U000009,MOV113436,4.0,2024-09-09
U000001,MOV115746,4.0,2020-07-11
U000175,MOV111203,3.0,2015-04-28
U000235,MOV119004,5.0,2022-11-06
U000001,MOV102448,5.0,2015-07-02
U000111,MOV102166,5.0,2022-08-18
U000022,MOV112919,3.0,2018-06-27
U000091,MOV111595,2.0,2021-03-09
U000694,MOV119660,4.0,2025-11-11
U000001,MOV112759,2.0,2024-01-04
U001845,MOV109221,5.0,2022-12-17
U001697,MOV110238,3.0,2022-11-20
U002221,MOV115212,2.0,2024-02-24
U004175,MOV107257,4.0,2018-07-08
U000008,MOV107948,2.0,2018-08-12
U000031,MOV115158,5.0,2025-10-09
U000004,MOV118537,3.0,2015-05-29
U000005,MOV117255,5.0,2023-10-06
U000008,MOV116710,3.0,2020-01-10
U000077,MOV107814,3.0,2021-12-19
U000002,MOV115644,5.0,2025-07-07
U000003,MOV100981,2.0,2020-11-06
U002238,MOV111724,4.0,2018-09-11
U000023,MOV116710,3.0,2023-08-25
U000002,MOV118209,4.0,2025-04-30
U000033,MOV105896,4.0,2025-09-05
U000006,MOV110699,4.0,2021-11-02
U000095,MOV116131,3.0,2024-12-17
U000245,MOV103605,5.0,2025-09-05
U000068,MOV119272,4.0,2024-05-14
U001911,MOV111179,5.0,2025-05-03
U000542,MOV103610,3.0,
U000016,MOV106037,4.0,2020-08-30
U000002,MOV116710,4.0,2018-08-24
U000643,MOV118120,4.0,2015-10-13
U000001,MOV114797,3.0,2024-05-18
U000022,MOV101047,2.0,2017-11-04
U000002,MOV109056,3.0,2018-07-14
U000917,MOV114784,3.0,2022-11-04
U000136,MOV110790,4.0,2021-10-06
U000030,MOV101202,4.0,2017-01-16
U000802,MOV109221,2.0,2019-06-08
U002172,MOV100006,3.0,2023-06-30
U000040,MOV100557,2.0,2021-02-18
U000239,MOV101756,4.0,2023-05-03
U000214,MOV114626,1.0,
U000003,MOV100614,3.0,2020-08-08
U002710,MOV108026,5.0,2020-05-28
U000003,MOV118745,4.0,2025-03-20
U000028,MOV113536,2.0,2021-04-08
U000001,MOV115523,3.0,2018-07-18
U000036,MOV116131,1.0,2025-11-10
U000472,MOV101539,4.0,2015-02-28
U000054,MOV111451,3.0,2023-02-20
U000001,MOV106739,3.0,2020-12-23
U000114,MOV109637,3.0,2025-01-24
U000003,MOV101840,4.0,2025-08-18
U000029,MOV100831,5.0,2017-08-30
U001035,MOV105990,5.0,2022-09-07
U000126,MOV100208,3.0,2025-05-27
U000152,MOV102087,3.0,2015-03-01
U000006,MOV112525,4.0,2025-11-03
U000003,MOV101136,4.0,2023-09-21
U000002,MOV109826,3.0,2019-09-09
U000033,MOV118401,5.0,2019-12-18
U000003,MOV111029,4.0,2025-10-27
U000121,MOV105994,4.0,2023-10-11
U000006,MOV114755,4.0,2020-06-22
U000050,MOV104109,3.0,2020-08-06
U003706,MOV101108,4.0,2023-02-27
U000162,MOV105990,5.0,2018-09-29
U003567,MOV119204,1.0,2021-12-05
U000001,MOV113008,1.0,2019-03-02
U000656,MOV104768,3.0,2015-12-26
U000020,MOV117699,4.0,2025-03-02
U000134,MOV109340,4.0,2023-06-03
U000004,MOV106539,4.0,2020-11-13
U000124,MOV119272,5.0,2025-04-12
U000898,MOV110790,3.0,2024-06-20
U000041,MOV100839,4.0,2024-03-17
U000895,MOV119635,3.0,2025-10-05
U000023,MOV118665,4.0,2025-09-30
U001620,MOV119635,3.0,2018-08-08
U000119,MOV105805,5.0,2020-07-11
U000089,MOV106220,3.0,2023-10-31
U000058,MOV104102,3.0,2017-06-03
U000092,MOV111472,4.0,2020-04-10
U000006,MOV117599,2.0,2021-04-03
U000416,MOV100006,4.0,2024-05-07
U000003,MOV106025,5.0,2024-08-21
U000953,MOV101108,4.0,2025-08-05
U002640,MOV105644,3.0,2025-07-14
U000084,MOV119635,4.0,2025-04-16
U000001,MOV112358,4.0,2017-03-08
U000029,MOV109221,5.0,2021-12-31
U000004,MOV109536,3.0,2022-12-08
U000321,MOV114626,4.0,2023-12-23
U000943,MOV101562,4.0,2021-01-17
U000332,MOV109748,3.0,2025-11-06
U000049,MOV119272,3.0,2023-10-08
U000258,MOV101202,2.0,2025-05-21
U000003,MOV103610,3.0,2025-09-16
U000009,MOV104697,4.0,2022-02-08
U000004,MOV102745,4.0,2025-11-18
U000693,MOV100006,3.0,2024-10-03
U000029,MOV119150,5.0,2025-04-25
U000340,MOV109414,5.0,2019-09-08
U000331,MOV100006,5.0,2020-02-06
U000056,MOV100006,3.0,2022-01-16
U000038,MOV117948,2.0,2022-01-06
U000002,MOV109748,4.0,2019-09-20
U000004,MOV108133,5.0,2017-05-13
U000008,MOV110304,5.0,2024-02-03
U001980,MOV105673,3.0,2020-07-07
U000296,MOV100208,4.0,2020-07-24
U000202,MOV108419,3.0,2018-06-24
U000011,MOV116741,1.0,2025-06-06
U000010,MOV103605,4.0,2023-07-06
U002857,MOV119272,3.0,2017-09-25
U000546,MOV100754,4.0,2025-01-22
U000002,MOV117633,5.0,2016-06-18
U000004,MOV105614,1.0,2024-05-09
U000119,MOV116549,4.0,2025-04-22
U000005,MOV101756,5.0,2025-06-02
U000442,MOV105990,3.0,2024-06-28
U000008,MOV105865,3.0,
U000103,MOV113656,3.0,2019-05-13
U000017,MOV117349,4.0,2018-09-23
U000080,MOV119635,4.0,2019-10-24
U000014,MOV118510,5.0,2025-07-28
U000433,MOV105990,3.0,2024-04-19
U000009,MOV104337,3.0,2024-05-08
U000007,MOV118089,4.0,2020-08-15
U000003,MOV109166,1.0,2024-01-19
U000187,MOV118988,3.0,2024-11-24
U001881,MOV114755,1.0,2023-03-20
U001389,MOV119635,5.0,2021-10-27
U000001,MOV115385,1.0,2020-03-14
U000011,MOV109933,4.0,2018-12-19
U000952,MOV119635,5.0,2025-06-28
U000005,MOV110995,4.0,2024-03-11
U000215,MOV102346,5.0,2021-07-02
U000001,MOV109269,1.0,2019-10-16
U000287,MOV113496,3.0,2023-10-06
U000137,MOV112272,2.0,2021-01-02
U000372,MOV107846,4.0,2025-08-16
U000032,MOV105644,2.0,2020-02-03
U000040,MOV118556,4.0,2017-11-16
U000008,MOV113223,3.0,
U000001,MOV119592,4.0,2018-10-27
U000023,MOV114626,4.0,2025-10-01
U000565,MOV119672,4.0,2018-10-28
U001050,MOV113876,3.0,2025-09-04
U000045,MOV110790,5.0,2021-05-24
U000009,MOV107347,4.0,2020-12-26
U000150,MOV100006,5.0,2021-11-16
U000020,MOV109874,5.0,2023-09-22
U000002,MOV102285,4.0,
U000045,MOV105968,5.0,2025-01-13
U000075,MOV100557,1.0,2021-09-27
U000001,MOV110480,4.0,2025-06-20
U000300,MOV100006,5.0,2025-06-02
U000091,MOV109602,5.0,2018-11-10
U000001,MOV118159,4.0,2025-10-10
U001964,MOV111407,4.0,2018-02-07
U000008,MOV112114,2.0,2021-03-15
U000078,MOV101501,3.0,2024-04-09
U000012,MOV104601,3.0,2024-01-05
U000002,MOV104697,3.0,2020-09-30
U000002,MOV103836,1.0,2021-07-26
U000896,MOV107348,3.0,2019-09-02
U000341,MOV110026,5.0,2024-09-25
U000045,MOV114896,4.0,2023-04-17
U000751,MOV103721,4.0,2024-01-26
U000001,MOV115762,4.0,2020-08-16
U000309,MOV105990,3.0,2024-03-31
U001086,MOV119272,3.0,2023-03-11
U000027,MOV101027,5.0,2020-03-05
U000007,MOV108419,4.0,2025-08-24
U000022,MOV105896,5.0,2023-10-11
U000832,MOV114993,3.0,2020-08-27
U000035,MOV108642,2.0,2025-09-26
U000001,MOV109869,3.0,2021-03-17
U000007,MOV101681,4.0,2016-12-04
U002956,MOV115420,5.0,2023-04-20
U000255,MOV105438,2.0,2024-08-07
U000314,MOV115868,4.0,2025-08-10
U000429,MOV115501,4.0,2025-07-28
U000127,MOV117066,4.0,2023-05-15
U000616,MOV113178,5.0,2018-05-08
U000002,MOV115907,4.0,2022-12-26
U000207,MOV104436,3.0,2024-08-23
U000023,MOV117219,1.0,2022-04-24
U001913,MOV110026,3.0,2025-05-03
U000122,MOV105476,3.0,2021-11-25
U000002,MOV102141,4.0,2024-04-16
U001229,MOV114626,5.0,2017-04-05
U000084,MOV101369,4.0,2022-06-14
U000108,MOV101550,5.0,2020-04-15
U000197,MOV113048,4.0,2016-08-14
U000470,MOV119272,4.0,2021-06-07
U000035,MOV104836,4.0,2020-10-11
U000257,MOV107691,4.0,2019-08-25
U000062,MOV107386,4.0,2024-04-28
U000002,MOV104696,4.0,2019-11-05
U001260,MOV115713,5.0,2025-10-28
U000004,MOV115425,4.0,2019-05-16
U000001,MOV116438,5.0,2023-05-02
U000007,MOV119295,3.0,2025-10-08
U000215,MOV117770,4.0,2016-01-30
U000017,MOV112232,5.0,2023-04-01
U000005,MOV112303,5.0,2023-10-29
U000079,MOV106914,4.0,2016-10-09
U000003,MOV101689,2.0,2018-05-19
U000002,MOV112351,4.0,2023-08-14
U000009,MOV109166,5.0,2023-06-04
U000121,MOV105990,4.0,2021-02-02
U000641,MOV104975,3.0,2021-05-05
U003766,MOV119162,5.0,2016-12-31
U000005,MOV111014,4.0,2016-09-25
U000002,MOV103138,5.0,2019-02-01
U000266,MOV114281,4.0,2025-10-23
U000089,MOV114626,4.0,2015-07-16
U000097,MOV112232,5.0,2016-06-20
U000010,MOV100794,1.0,2025-10-05
U000003,MOV110262,4.0,2018-02-24
U000007,MOV108871,2.0,2023-05-21
U001714,MOV100006,5.0,2018-03-10
U000188,MOV107713,5.0,2023-12-03
U000001,MOV107304,4.0,2023-08-08
U003519,MOV115028,5.0,2022-11-20
U000008,MOV111271,4.0,2019-11-08
U000001,MOV109684,4.0,2020-06-19
U000209,MOV103125,5.0,2025-06-15
U000083,MOV119272,4.0,2025-05-02
U000160,MOV104697,2.0,2025-06-26
U000472,MOV117034,4.0,2023-05-01
U000002,MOV107942,3.0,2019-04-04
U000029,MOV105001,2.0,2025-08-03
U000018,MOV112692,5.0,2017-05-12
U000084,MOV119272,3.0,2025-09-15
U000050,MOV107913,3.0,2022-01-05
U000040,MOV110475,5.0,2021-10-09
U000033,MOV112936,4.0,2024-02-05
U004414,MOV102610,5.0,2023-12-12
U001527,MOV101202,3.0,2021-03-29
U000056,MOV117942,2.0,2023-10-26
U000001,MOV119289,4.0,2018-05-19
U000177,MOV100475,5.0,2021-07-05
U001449,MOV114993,2.0,2024-01-12
U000002,MOV108108,5.0,2022-07-04
U000064,MOV107503,5.0,2022-07-22
U002618,MOV100006,5.0,2017-10-13
U000018,MOV116336,2.0,2017-03-05
U000992,MOV109221,4.0,2016-10-29
U000004,MOV101130,4.0,2019-08-17
U000016,MOV109874,5.0,2025-03-12
U001216,MOV109703,3.0,2025-12-09
U000794,MOV104975,2.0,2015-10-16
U000089,MOV117948,5.0,2018-02-23
U000016,MOV105644,5.0,2016-03-28
U000049,MOV119204,1.0,2025-02-12
U000115,MOV105387,4.0,2020-03-04
U000025,MOV107329,4.0,2016-07-14
U000002,MOV115394,2.0,2022-02-22
U000065,MOV110026,4.0,2019-08-17
U000013,MOV101751,5.0,2020-11-04
U000012,MOV107070,4.0,2018-01-07
U000001,MOV111921,4.0,2019-05-06
U000293,MOV117728,4.0,2020-11-04
U000117,MOV104697,5.0,2017-08-31
U000005,MOV116787,4.0,2024-10-21
U000006,MOV116109,4.0,2015-01-16
U000087,MOV101108,5.0,2020-06-26
U000230,MOV100557,3.0,2022-01-24
U000015,MOV102448,4.0,2024-04-23
U000009,MOV111046,2.0,2022-03-03
U000030,MOV110939,5.0,2025-10-13
U000050,MOV100557,2.0,2021-01-19
U000004,MOV114635,5.0,2022-01-23
U003720,MOV108419,2.0,2017-07-20
U000007,MOV115413,5.0,2019-09-16
U000235,MOV119013,3.0,2019-02-24
U001363,MOV117948,2.0,2025-10-11
U000573,MOV113048,3.0,2025-03-28
U000023,MOV114615,4.0,2015-06-18
U002945,MOV102354,4.0,2023-03-29
U000004,MOV111236,5.0,2024-11-18
U000034,MOV109536,5.0,2019-07-01
U001394,MOV100006,5.0,2025-08-03
U000006,MOV108506,5.0,2021-01-21
U000846,MOV107257,4.0,2025-06-29
U000108,MOV117948,3.0,2020-07-14
U000003,MOV106110,4.0,2015-04-17
U000005,MOV116710,3.0,2025-09-01
U000935,MOV103032,4.0,2021-12-29
U000501,MOV106689,5.0,2022-02-01
U000099,MOV105764,3.0,2024-01-30
U000030,MOV114626,2.0,2021-05-15
U000004,MOV112320,3.0,2018-06-06
U000001,MOV114403,5.0,2021-07-01
U000006,MOV107386,5.0,2017-10-06
U000438,MOV117531,4.0,2021-05-20
U000943,MOV112981,4.0,2020-08-02
U000003,MOV118035,3.0,2018-02-06
U000016,MOV106373,2.0,2021-09-05
U000018,MOV114993,3.0,2024-10-01
U001527,MOV100006,3.0,2019-02-11
U000022,MOV102852,4.0,2025-12-23
U000002,MOV117770,5.0,2021-07-09
U002559,MOV100006,3.0,2024-04-18
U000009,MOV104965,4.0,2025-04-04
U000532,MOV113048,4.0,2023-08-10
U000023,MOV111217,5.0,2023-05-02
U000003,MOV111434,3.0,2025-06-16
U000001,MOV115717,5.0,2022-06-13
U000070,MOV119660,4.0,2021-09-29
U000050,MOV105487,4.0,2025-07-29
U000020,MOV107097,4.0,2025-10-10
U000412,MOV105644,1.0,2025-11-01
U000001,MOV116920,4.0,2023-10-13
U000015,MOV105861,4.0,2017-02-24
U000003,MOV111134,4.0,2022-09-25
U001672,MOV109221,4.0,2025-05-22
U000015,MOV110388,2.0,2018-11-07
U000379,MOV105452,2.0,2016-04-29
U000521,MOV114626,5.0,2022-12-20
U000034,MOV118411,2.0,2024-05-24
U000001,MOV101096,4.0,2023-05-17
U000008,MOV103681,5.0,2020-10-10
U000017,MOV112825,3.0,2024-10-28
U002490,MOV118035,4.0,2020-09-28
U000354,MOV105990,3.0,2025-04-14
U000050,MOV119272,3.0,2024-11-13
U000001,MOV114000,4.0,2024-06-13
U000005,MOV113223,5.0,2020-06-29
U000043,MOV105078,3.0,2017-09-23
U001894,MOV114626,4.0,2020-10-10
U000875,MOV107507,1.0,2025-03-13
U001116,MOV106037,4.0,2023-05-14
U000003,MOV113876,3.0,2019-05-17
U000047,MOV115790,5.0,2020-07-21
U000001,MOV110182,4.0,2019-11-11
U000011,MOV103334,4.0,2025-09-30
U000002,MOV105867,3.0,2022-08-11
U000001,MOV116993,4.0,2025-11-12
U000336,MOV119272,4.0,
U000008,MOV109725,1.0,2025-12-23
U002077,MOV105644,1.0,2017-01-14
U000361,MOV112114,4.0,2021-04-07
U000002,MOV113852,5.0,2021-10-28
U000017,MOV117851,4.0,2024-06-16
U000004,MOV110545,2.0,2023-10-04
U000001,MOV117807,5.0,2021-04-02
U000003,MOV114391,4.0,2025-08-09
U000144,MOV107774,3.0,2022-05-05
U000002,MOV109759,3.0,2025-02-16
U000013,MOV106235,4.0,2020-01-26
U000155,MOV107070,4.0,2018-06-01
U000057,MOV112276,4.0,2018-05-27
U000828,MOV109891,5.0,2025-11-14
U000038,MOV118828,3.0,2019-02-06
U001839,MOV119635,4.0,2023-04-28
U000002,MOV112455,3.0,2021-09-11
U000004,MOV111025,3.0,2025-03-30
U000118,MOV104138,3.0,2018-10-30
U000070,MOV111743,3.0,2022-11-10
U000150,MOV105921,3.0,2019-02-11
U000001,MOV102233,5.0,2021-12-20
U000001,MOV112046,2.0,2023-08-08
U000292,MOV103681,3.0,2024-04-05
U000064,MOV114896,2.0,2018-08-27
U000001,MOV116707,3.0,2024-03-30
U000523,MOV107386,4.0,2025-09-18
U000439,MOV104670,4.0,2017-08-26
U000037,MOV119272,2.0,2022-08-24
U003438,MOV100006,4.0,2022-08-31
U001310,MOV106689,5.0,2024-11-11
U000007,MOV105103,1.0,2024-07-12
U000008,MOV100342,3.0,2023-02-04
U000028,MOV113084,5.0,2021-11-14
U000242,MOV112137,2.0,2017-11-09
U000013,MOV114784,4.0,2025-05-03
U000001,MOV106004,4.0,2023-01-21
U000001,MOV103995,5.0,2022-06-17
U000583,MOV119635,2.0,2020-09-17
U000020,MOV103605,2.0,2024-06-09
U001782,MOV112232,3.0,2019-09-01
U001187,MOV105990,3.0,2024-04-09
U000067,MOV112632,4.0,2025-01-13
U000001,MOV118343,5.0,2023-01-25
U000003,MOV102365,4.0,2024-01-31
U000183,MOV102666,4.0,2023-04-14
U004291,MOV101108,1.0,2017-05-05
U000027,MOV114626,4.0,2015-08-12
U000016,MOV105536,5.0,2020-10-12
U000017,MOV111058,4.0,2020-05-16
U000003,MOV109554,3.0,2019-11-13
U000834,MOV110026,4.0,2024-12-23
U000002,MOV108967,4.0,2019-01-29
U000013,MOV104770,4.0,2019-06-06
U000197,MOV119635,4.0,2021-03-10
U000003,MOV101237,2.0,2025-01-12
U000037,MOV105483,4.0,2020-03-04
U000451,MOV114626,4.0,2022-07-01
U000044,MOV119635,5.0,2024-02-27
U000008,MOV110467,4.0,2020-10-10
U000010,MOV116710,4.0,2024-06-24
U000001,MOV107983,3.0,2024-02-16
U000451,MOV113165,3.0,2021-11-29
U000019,MOV112960,4.0,2022-03-19
U000001,MOV116367,4.0,2024-09-30
U000104,MOV101108,5.0,2023-05-07
U000080,MOV101681,4.0,2025-09-18
U000050,MOV103147,5.0,
U002481,MOV105393,3.0,2024-05-03
U000002,MOV111001,3.0,2021-10-18
U000105,MOV113048,1.0,2025-08-09
U000007,MOV114993,3.0,2024-09-11
U000178,MOV112027,3.0,2021-11-04
U000001,MOV104455,3.0,2025-09-03
U000015,MOV103779,5.0,2025-11-29
U000005,MOV105358,4.0,2023-11-04
U000086,MOV117948,4.0,2025-04-07
U000109,MOV110026,5.0,2019-11-01
U001503,MOV100006,1.0,2020-06-05
U000035,MOV119272,4.0,2023-04-16
U000001,MOV119019,4.0,2025-07-21
U004408,MOV100696,4.0,2020-09-16
U000023,MOV101740,2.0,2025-05-02
U000580,MOV114626,2.0,2023-08-11
U000278,MOV100006,3.0,2024-12-21
U000042,MOV113448,1.0,2015-07-28
U000091,MOV119635,5.0,2021-07-05
U000012,MOV113766,1.0,2021-11-07
U000014,MOV106341,2.0,2025-12-23
U000024,MOV111018,1.0,2016-03-13
U001566,MOV114260,1.0,2025-01-10
U002386,MOV116131,4.0,2018-07-07
U000006,MOV105482,5.0,2022-11-06
U000085,MOV113048,3.0,2015-10-11
U000249,MOV118489,2.0,2025-06-17
U000037,MOV100818,3.0,2020-04-30
U000006,MOV114670,5.0,2020-09-16
U000011,MOV118556,4.0,2015-10-30
U000009,MOV108792,5.0,2025-11-10
U000044,MOV100510,5.0,2022-11-13
U000057,MOV112290,3.0,2016-10-01
U000001,MOV106930,4.0,2025-01-28
U001041,MOV101818,4.0,2020-03-18
U001029,MOV118685,3.0,2025-06-02
U000090,MOV118545,4.0,2023-07-08
U000003,MOV104995,4.0,2017-01-27
U000019,MOV107772,4.0,2020-08-29
U000010,MOV104768,5.0,2020-09-19
U000009,MOV108263,5.0,2020-03-29
U000036,MOV107386,3.0,2025-05-16
U000004,MOV103593,4.0,2023-07-11
U000002,MOV116131,3.0,2018-08-27
U000026,MOV112232,3.0,2019-08-26
U000574,MOV100006,4.0,2018-04-19
U000079,MOV105764,3.0,2021-12-19
U000857,MOV113513,5.0,2018-10-30
U000002,MOV113739,4.0,2017-10-12
U000015,MOV111472,2.0,2024-03-20
U004295,MOV107745,1.0,2021-08-13
U000002,MOV108395,3.0,2019-04-21
U000431,MOV103278,1.0,2023-11-29
U000001,MOV114884,3.0,2025-10-09
U000269,MOV114784,4.0,2023-10-04
U000939,MOV112232,3.0,2020-11-15
U000746,MOV111434,4.0,2023-04-07
U002138,MOV104868,3.0,2019-10-04
U000027,MOV104782,5.0,2020-09-16
U000001,MOV118342,4.0,2020-07-04
U000922,MOV105059,5.0,2017-02-13
U000001,MOV105632,2.0,2024-07-01
U001388,MOV102102,4.0,2015-10-10
U000241,MOV115420,4.0,2020-07-24
U000003,MOV109600,3.0,2022-10-30
U000753,MOV110828,4.0,2025-09-21
U000060,MOV113579,3.0,2020-11-16
U000004,MOV112855,4.0,2023-08-04
U000001,MOV104383,1.0,2022-04-25
U000006,MOV104333,4.0,2022-11-30
U000457,MOV104975,3.0,2019-04-05
U001882,MOV116470,4.0,2021-01-13
U000518,MOV116169,4.0,2022-08-22
U000004,MOV108870,2.0,2018-08-15
U000079,MOV119272,4.0,2023-10-12
U000031,MOV114993,3.0,2023-11-09
U000309,MOV105896,3.0,2025-12-28
U000116,MOV113048,3.0,2025-11-25
U000898,MOV115312,1.0,2022-02-21
U000058,MOV113715,4.0,2021-05-03
U000004,MOV102467,4.0,2022-02-01
U000001,MOV114992,3.0,2018-11-01
U000017,MOV105764,3.0,2021-02-06
U001125,MOV115413,2.0,2025-05-03
U000001,MOV102958,5.0,2024-01-26
U000001,MOV116837,5.0,2025-07-03
U000014,MOV103706,5.0,2018-07-10
U001707,MOV119204,2.0,2022-02-06
U000633,MOV100006,4.0,2022-07-17
U000005,MOV119400,3.0,2021-01-18
U000469,MOV117487,3.0,2021-11-21
U000024,MOV107912,3.0,2016-03-13
U000001,MOV100754,3.0,2023-08-27
U000902,MOV103578,3.0,2021-04-26
U000016,MOV105618,5.0,2025-12-13
U000612,MOV100154,1.0,2019-07-18
U000016,MOV118813,5.0,2023-12-16
U000246,MOV105990,4.0,2022-09-24
U000014,MOV105868,5.0,2019-05-17
U004323,MOV100006,2.0,2021-08-06
U000048,MOV110790,1.0,2020-03-19
U000781,MOV100006,4.0,2023-06-25
U000002,MOV114510,5.0,2023-04-28
U000207,MOV102799,4.0,2024-09-05
U000001,MOV109488,2.0,2023-11-11
U000001,MOV105958,3.0,2020-09-21
U000001,MOV103397,5.0,2024-08-08
U000519,MOV114626,4.0,2016-10-31
U000064,MOV108830,4.0,2023-01-24
U000035,MOV116203,5.0,2015-05-14
U000160,MOV114626,3.0,2023-12-18
U000004,MOV101369,4.0,2025-12-28
U000008,MOV101740,4.0,2023-06-03
U000008,MOV119743,5.0,2016-09-05
U000051,MOV106032,2.0,2024-06-11
U000077,MOV105990,5.0,2022-06-09
U000583,MOV101108,4.0,2025-02-05
U003937,MOV102626,5.0,2022-03-05
U000031,MOV112667,4.0,2025-07-11
U000001,MOV114635,4.0,2023-11-27
U000104,MOV101462,5.0,2017-05-06
U000002,MOV114855,4.0,
U000678,MOV114626,4.0,2025-02-01
U000646,MOV119635,5.0,2024-09-13
U000431,MOV113048,4.0,2017-02-27
U000121,MOV119272,4.0,2021-03-09
U000017,MOV101200,4.0,2025-11-14
U000235,MOV105284,3.0,2021-04-26
U000064,MOV111029,5.0,2024-05-26
U000068,MOV100737,3.0,2025-01-13
U000023,MOV100435,3.0,2015-06-28
U000027,MOV117793,5.0,2020-05-19
U000683,MOV114993,3.0,2025-10-29
U000001,MOV113257,3.0,2019-09-02
U000004,MOV110467,2.0,2025-12-13
U000044,MOV117164,3.0,
U000011,MOV110420,4.0,2025-09-20
U000098,MOV101681,2.0,2022-02-08
U000001,MOV101431,4.0,2024-09-04
U000001,MOV118341,5.0,2023-01-17
U000003,MOV101995,3.0,2025-06-10
U000041,MOV104768,3.0,2016-04-15
U000196,MOV113048,4.0,2022-02-08
U000007,MOV108198,4.0,2022-03-23
U000052,MOV116203,4.0,2015-11-11
U000083,MOV105990,4.0,2025-12-22
U000001,MOV106165,3.0,2015-11-08
U000110,MOV114626,4.0,2024-04-26
U000091,MOV104768,5.0,2020-05-17
U000138,MOV109874,5.0,2021-03-31
U000150,MOV116741,4.0,2024-02-27
U004083,MOV114570,2.0,2023-10-19
U001360,MOV100006,5.0,2025-06-16
U000092,MOV101108,5.0,2019-12-27
U000003,MOV102114,2.0,2025-12-23
U000008,MOV101462,3.0,2023-10-30
U000087,MOV110828,3.0,2024-12-16
U000001,MOV105282,3.0,2023-09-08
U000010,MOV108709,3.0,2015-03-26
U000200,MOV104898,4.0,2023-07-17
U000065,MOV103820,3.0,2021-05-15
U000002,MOV107360,4.0,2021-08-31
U000107,MOV100006,3.0,2018-10-27
U001096,MOV103682,3.0,2022-11-17
U000048,MOV104768,4.0,2022-04-08
U000005,MOV113442,2.0,2023-08-23
U000009,MOV102051,3.0,2023-11-08
U000097,MOV116545,3.0,2022-05-31
U000003,MOV116920,2.0,2021-05-09
U000504,MOV111159,4.0,2017-03-24
U000005,MOV108035,5.0,2023-04-22
U002589,MOV113800,4.0,2024-05-12
U000001,MOV119057,3.0,2025-04-09
U000076,MOV100941,3.0,2024-09-02
U000378,MOV117948,5.0,2019-11-01
U000088,MOV105612,3.0,2025-08-25
U000061,MOV114993,4.0,2025-09-22
U000317,MOV101539,3.0,2018-10-12
U000004,MOV111034,5.0,2025-07-10
U000004,MOV119538,4.0,2020-08-19
U000023,MOV119186,4.0,2022-10-19
U002586,MOV103323,3.0,2017-02-23
U001495,MOV116536,4.0,2020-01-11
U000014,MOV101951,1.0,2024-12-21
U000284,MOV119635,4.0,2025-06-20
U000001,MOV110541,4.0,2015-03-22
U004375,MOV100006,4.0,2024-10-02
U000089,MOV106037,4.0,2021-02-14
U000006,MOV117287,4.0,2019-08-10
U000009,MOV108920,3.0,2019-12-25
U000011,MOV108419,4.0,2017-03-30
U000216,MOV101840,3.0,2025-08-01
U000002,MOV105162,5.0,2025-05-01
U000620,MOV101417,4.0,2020-08-24
U000786,MOV103147,4.0,2024-03-02
U000003,MOV117529,4.0,2025-08-05
U000014,MOV107348,5.0,2024-08-07
U000014,MOV101433,5.0,2024-06-25
U000003,MOV104138,3.0,2024-04-05
U000260,MOV119635,5.0,2019-06-19
U000027,MOV117978,4.0,2024-06-24
U004144,MOV118556,4.0,2021-08-21
U000401,MOV105361,4.0,2025-09-30
U000604,MOV105990,4.0,2025-01-18
U000326,MOV108836,4.0,2023-10-31
U000006,MOV118510,5.0,2022-08-30
U001878,MOV102236,5.0,2021-05-01
U000176,MOV109776,1.0,2024-04-20
U000010,MOV111217,2.0,2025-04-20
U000151,MOV106689,3.0,2016-07-10
U000071,MOV113048,2.0,2019-11-29
U000093,MOV100557,1.0,2024-06-20
U001390,MOV107070,3.0,2019-10-19
U000042,MOV119204,4.0,2024-10-22
U000714,MOV103477,3.0,2021-04-19
U000003,MOV110868,4.0,2019-06-30
U000020,MOV111058,5.0,2015-10-19
U000027,MOV113766,4.0,2024-08-04
U001455,MOV105962,4.0,2025-04-16
U000010,MOV117066,4.0,2023-07-01
U000813,MOV118556,2.0,2016-08-27
U000093,MOV114896,2.0,2019-10-23
U000271,MOV113766,3.0,2019-05-10
U000015,MOV103354,3.0,2024-05-27
U000001,MOV114808,3.0,2022-06-10
U000576,MOV104768,5.0,2024-04-18
U000009,MOV101202,4.0,2016-05-08
U000141,MOV100006,5.0,2025-01-26
U000001,MOV108229,4.0,2020-03-30
U000415,MOV108026,4.0,2017-10-21
U000004,MOV109441,5.0,2021-10-21
U002637,MOV117921,4.0,2024-06-01
U000003,MOV106756,4.0,2020-08-16
U000005,MOV106594,3.0,2018-06-27
U000227,MOV118035,3.0,2023-11-25
U001458,MOV110475,4.0,2022-10-05
U001025,MOV111126,4.0,2021-06-10
U000001,MOV110353,3.0,2024-03-01
U000004,MOV115929,4.0,2023-07-01
U000455,MOV115402,4.0,2024-02-01
U000061,MOV116564,4.0,
U000001,MOV111942,4.0,2015-03-28
U000001,MOV117344,3.0,2022-12-02
U000032,MOV100248,5.0,2020-08-19
U000007,MOV108381,5.0,2018-10-18
U003935,MOV113835,4.0,2024-11-12
U000091,MOV103367,5.0,2021-04-14
U000006,MOV103643,1.0,2021-08-16
U000007,MOV104622,4.0,2025-10-03
U000002,MOV113949,3.0,2023-04-30
U000133,MOV113766,3.0,2023-03-01
U000001,MOV106771,4.0,2020-08-10
U000066,MOV110828,4.0,2024-10-10
U000344,MOV111029,1.0,2023-06-04
U000001,MOV115094,3.0,2019-04-04
U000195,MOV100006,3.0,2020-12-16
U000765,MOV117287,4.0,2021-09-14
U000211,MOV102665,4.0,2024-03-18
U000028,MOV100916,3.0,2023-10-28
U000742,MOV117029,5.0,2023-05-27
U000006,MOV113519,3.0,2017-02-10
U000251,MOV119272,4.0,2018-05-06
U002963,MOV103047,3.0,2022-07-25
U000004,MOV108557,4.0,2015-08-11
U000110,MOV119635,5.0,2023-05-19
U000001,MOV103312,5.0,2018-10-04
U000028,MOV110144,5.0,2024-11-07
U000014,MOV104240,3.0,2022-03-08
U000006,MOV116222,4.0,2025-06-26
U000039,MOV112493,4.0,2018-11-20
U000003,MOV117515,4.0,2023-10-23
U000010,MOV114424,3.0,2024-07-15
U000192,MOV106223,2.0,
U000373,MOV117287,4.0,2020-06-26
U000014,MOV104402,3.0,2018-10-08
U000004,MOV105132,1.0,2024-01-01
U000006,MOV102254,1.0,2023-09-30
U000016,MOV105482,4.0,2022-07-12
U000016,MOV101594,1.0,2021-10-29
U000062,MOV101108,1.0,2016-10-24
U000059,MOV116144,5.0,2024-09-06
U000091,MOV114626,3.0,2025-11-16
U000080,MOV102608,3.0,2024-11-03
U000503,MOV115158,5.0,2022-05-30
U000007,MOV109321,2.0,2022-03-07
U003143,MOV105990,3.0,2020-04-19
U000636,MOV100006,5.0,2020-09-05
U000004,MOV104429,4.0,2018-04-15
U000491,MOV101462,4.0,2018-06-19
U000019,MOV119182,3.0,2021-10-12
U000009,MOV104557,3.0,2025-06-25
U000019,MOV101097,3.0,2023-02-18
U002014,MOV115268,4.0,2024-02-16
U000029,MOV110026,5.0,2022-08-14
U000001,MOV114418,4.0,2025-03-27
U000011,MOV119714,4.0,2024-03-22
U000147,MOV115413,3.0,2021-11-11
U001113,MOV115251,5.0,2022-03-30
U000019,MOV118556,2.0,2025-11-19
U000012,MOV105715,3.0,2018-10-21
U000927,MOV111948,4.0,2018-11-30
U000005,MOV117752,4.0,2022-08-17
U000026,MOV114360,4.0,2024-10-23
U000015,MOV103643,4.0,2025-12-18
U003376,MOV101108,5.0,2024-07-07
U000135,MOV110026,4.0,2025-04-17
U000121,MOV119635,1.0,2025-05-21
U000003,MOV108844,3.0,2023-11-30
U000005,MOV105882,3.0,2025-10-16
U000003,MOV116545,3.0,2024-03-10
U000047,MOV110762,3.0,2025-07-20
U000001,MOV101150,4.0,2024-10-11
U000284,MOV114626,3.0,2020-12-01
U000765,MOV116710,1.0,2023-01-20
U000249,MOV105990,4.0,2024-10-31
U000006,MOV105911,2.0,2025-08-07
U000016,MOV110467,5.0,2017-08-27
U000037,MOV100210,4.0,2022-06-02
U000059,MOV100412,4.0,2021-09-20
U000003,MOV107511,5.0,2021-07-28
U000006,MOV118724,5.0,2017-08-13
U000016,MOV102729,4.0,2025-05-31
U000013,MOV113615,3.0,2023-10-28
U000059,MOV114424,1.0,2020-06-06
U000885,MOV112981,4.0,2025-07-18
U000003,MOV107491,3.0,2015-03-13
U000003,MOV111058,5.0,2020-04-25
U000600,MOV105990,4.0,2022-04-25
U002876,MOV113048,4.0,2019-04-18
U000007,MOV110314,3.0,2021-11-17
U000131,MOV111876,4.0,2025-08-14
U000002,MOV108434,5.0,2025-03-10
U000244,MOV108214,3.0,2021-09-21
U000014,MOV109655,5.0,2020-08-13
U000002,MOV113551,4.0,2023-10-15
U001601,MOV118923,4.0,2025-01-11
U000088,MOV105482,1.0,2025-02-13
U000625,MOV104768,4.0,2016-12-04
U000001,MOV109465,3.0,2023-10-12
U000009,MOV108087,4.0,2024-09-03
U000010,MOV100342,4.0,2021-05-11
U000082,MOV106599,5.0,2021-11-07
U000002,MOV102127,3.0,2021-10-05
U000015,MOV113778,3.0,2024-10-25
U000005,MOV105077,2.0,2023-11-02
U000008,MOV113547,1.0,2025-03-02
U000016,MOV111034,4.0,2020-06-30
U004274,MOV105962,4.0,2021-04-10
U000291,MOV103281,3.0,2025-06-08
U002873,MOV119272,3.0,2025-04-11
U000006,MOV105644,2.0,2021-02-25
U000065,MOV110868,3.0,2018-03-10
U000003,MOV106336,5.0,2024-05-11
U000035,MOV116710,3.0,2017-10-03
U000066,MOV101070,4.0,2025-10-15
U001177,MOV105764,1.0,2021-05-03
U000468,MOV100006,4.0,2017-05-13
U000001,MOV110118,3.0,2025-07-12
U000255,MOV104244,5.0,2024-01-09
U000003,MOV118181,5.0,2016-06-04
U000286,MOV105990,2.0,2025-06-01
U000022,MOV116853,2.0,2021-03-24
U000276,MOV113048,4.0,2025-12-11
U001194,MOV100006,4.0,2024-11-11
U001128,MOV102590,4.0,2022-05-16
U000001,MOV117728,5.0,2025-04-09
U000008,MOV110903,3.0,2017-09-29
U000005,MOV109140,2.0,2016-11-12
U004249,MOV100783,3.0,2018-11-22
U000001,MOV103307,5.0,2022-07-29
U001712,MOV114993,4.0,2024-03-08
U000070,MOV100373,2.0,2020-08-30
U000041,MOV110026,4.0,2024-04-05
U000001,MOV106813,4.0,2025-01-21
U000048,MOV110262,3.0,2021-03-08
U000190,MOV100006,4.0,2022-07-10
U000001,MOV112519,5.0,2019-10-07
U000002,MOV116393,4.0,2025-11-27
U000125,MOV110026,5.0,2019-08-18
U000427,MOV109660,1.0,2022-03-11
U000040,MOV102058,1.0,2017-01-01
U000001,MOV107605,4.0,2025-09-18
U000003,MOV113420,1.0,2023-11-28
U000004,MOV101206,4.0,2020-07-04
U001173,MOV115965,2.0,2024-12-29
U000041,MOV100557,1.0,2018-08-05
U000006,MOV115500,2.0,2025-09-10
U000001,MOV117644,4.0,2022-04-16
U000008,MOV108342,3.0,2016-10-11
U000595,MOV101108,1.0,2016-08-18
U000003,MOV117883,2.0,2020-02-26
U000032,MOV119518,4.0,2024-12-19
U000159,MOV114755,5.0,2023-02-03
U000001,MOV115251,5.0,2015-01-17
U000158,MOV110681,4.0,2015-09-13
U000044,MOV108342,4.0,2024-09-15
U000206,MOV114784,5.0,2021-03-10
U000066,MOV114626,4.0,2024-03-21
U000041,MOV100652,3.0,2023-03-10
U000086,MOV102649,3.0,2018-06-16
U000169,MOV114993,4.0,2021-12-26
U000001,MOV119370,4.0,2017-08-10
U000006,MOV113436,3.0,2025-09-01
U000489,MOV107386,4.0,2018-05-01
U000002,MOV113604,3.0,2021-05-13
U003109,MOV116126,3.0,2025-10-24
U000006,MOV117783,4.0,2019-05-25
U000039,MOV103605,5.0,2024-11-11
U002028,MOV100006,5.0,2017-05-21
U000019,MOV104579,2.0,2023-06-24
U002148,MOV112992,4.0,2025-03-21
U000055,MOV100219,3.0,2025-02-28
U000017,MOV115888,4.0,2025-09-20
U000074,MOV119664,3.0,2021-01-16
U000190,MOV119272,4.0,2024-09-11
U000106,MOV111834,1.0,2020-10-13
U000022,MOV116686,4.0,2021-11-12
U000773,MOV105990,3.0,2022-07-15
U000355,MOV114909,4.0,2019-06-14
U001835,MOV100006,4.0,2021-10-18
U000003,MOV109140,3.0,2023-12-05
U000003,MOV114485,4.0,2025-11-14
U000004,MOV117287,5.0,2018-03-14
U000026,MOV115881,3.0,2020-10-10
U000009,MOV101198,4.0,2019-09-18
U000019,MOV118970,3.0,2025-06-22
U000004,MOV103552,4.0,2022-12-08
U000053,MOV118968,4.0,2017-07-15
U000262,MOV114784,5.0,2019-06-03
U001873,MOV106689,5.0,2021-01-15
U000009,MOV103252,5.0,2020-12-17
U002324,MOV114626,3.0,2020-10-01
U002106,MOV109776,4.0,2025-02-13
U000652,MOV100880,4.0,2025-08-30
U000054,MOV119272,2.0,2024-12-14
U000025,MOV101840,3.0,2016-01-01
U001094,MOV107963,4.0,2015-10-21
U000004,MOV106333,3.0,2023-07-15
U000330,MOV105764,2.0,2020-07-17
U000006,MOV118850,5.0,2016-07-30
U003076,MOV100006,3.0,2024-07-14
U000008,MOV113429,4.0,2024-04-27
U001630,MOV107452,3.0,2022-01-16
U000001,MOV111318,5.0,2025-11-17
U000014,MOV104898,4.0,2023-06-15
U000015,MOV103409,2.0,2017-11-05
U000033,MOV111451,3.0,2023-11-02
U000001,MOV108598,4.0,2024-01-09
U000198,MOV105896,4.0,2015-03-03
U000002,MOV102376,4.0,2021-01-06
U000617,MOV104175,3.0,2021-08-10
U000076,MOV119204,5.0,2024-04-25
U000008,MOV115496,2.0,2018-01-22
U000019,MOV107818,5.0,2022-09-11
U000001,MOV116014,2.0,
U000396,MOV100557,5.0,2022-04-14
U000163,MOV115207,4.0,2015-08-01
U000026,MOV101108,3.0,2024-01-15
U000631,MOV109585,1.0,2024-07-19
U000109,MOV115356,3.0,2024-03-04
U000001,MOV119162,1.0,2025-06-21
U000004,MOV115567,4.0,2023-04-25
U000002,MOV102154,1.0,2018-06-14
U000005,MOV100262,4.0,2023-08-07
U000429,MOV117532,4.0,2025-03-14
U000001,MOV108091,4.0,2021-12-06
U000001,MOV109658,3.0,2023-09-30
U001436,MOV117452,4.0,2020-01-01
U000737,MOV106037,4.0,2019-10-25
U001400,MOV115094,5.0,2025-12-20
U000006,MOV105574,3.0,2021-01-25
U000890,MOV114741,4.0,2023-02-07
U000199,MOV119272,1.0,2022-05-10
U000001,MOV110816,4.0,2025-06-04
U002843,MOV111434,5.0,2019-12-26
U000018,MOV105536,1.0,2023-06-10
U000048,MOV110144,5.0,2024-09-02
U000008,MOV103033,1.0,2023-09-23
U000186,MOV107357,4.0,2019-03-02
U000014,MOV104095,5.0,2017-08-30
U001268,MOV100006,4.0,2018-09-30
U000004,MOV118089,5.0,2024-07-20
U000002,MOV117111,4.0,2024-11-11
U000209,MOV100006,4.0,2020-02-16
U000008,MOV110790,4.0,2018-09-12
U000007,MOV114343,5.0,2023-11-27
U000386,MOV100006,5.0,2021-08-20
U000001,MOV111827,5.0,2018-01-03
U000052,MOV116311,4.0,2019-03-26
U000003,MOV118828,5.0,2025-05-13
U000018,MOV101438,3.0,2025-09-01
U000002,MOV113835,5.0,2025-11-16
U000028,MOV115400,5.0,2021-04-03
U000001,MOV101879,4.0,2021-06-11
U000003,MOV115486,4.0,2020-05-07
U000039,MOV114626,1.0,2022-07-05
U000036,MOV116203,1.0,2023-09-06
U000298,MOV107684,3.0,2023-11-18
U000002,MOV107898,4.0,2025-09-29
U002625,MOV101108,4.0,2019-07-18
U000873,MOV106037,4.0,2024-12-25
U000339,MOV109869,5.0,2016-12-01
U000019,MOV110304,4.0,2021-04-08
U000004,MOV101607,4.0,2025-09-11
U000013,MOV105536,5.0,2025-06-12
U000001,MOV102620,4.0,2016-05-29
U003299,MOV109602,4.0,2021-05-07
U000362,MOV105896,4.0,2023-12-04
U000011,MOV116710,3.0,2024-07-12
U000026,MOV101202,3.0,2018-05-09
U004245,MOV113511,2.0,2021-11-24
U000008,MOV100912,4.0,2025-09-17
U000015,MOV108217,2.0,2019-04-09
U000022,MOV114425,1.0,2022-12-22
U000493,MOV100951,4.0,2021-02-02
U003951,MOV110026,3.0,2021-05-17
U000030,MOV108811,5.0,2020-11-09
U000001,MOV101659,4.0,2022-04-11
U000016,MOV114184,5.0,2025-06-30
U000361,MOV101478,3.0,2019-03-17
U000011,MOV101840,2.0,2020-12-10
U000002,MOV106269,3.0,2020-08-01
U000050,MOV111941,3.0,2022-05-24
U000318,MOV101108,2.0,2025-12-24
U000004,MOV116470,4.0,2024-03-30
U000155,MOV104697,3.0,2023-02-09
U000201,MOV110828,3.0,2015-08-15
U000016,MOV104896,5.0,2016-07-18
U000017,MOV108388,4.0,2021-01-01
U001112,MOV116058,3.0,2022-12-30
U000003,MOV103386,5.0,2024-08-02
U000013,MOV118548,4.0,2024-01-14
U000010,MOV101289,5.0,2015-04-18
U000103,MOV110026,4.0,2019-12-01
U000006,MOV102865,3.0,2017-07-07
U000126,MOV119272,4.0,2022-08-20
U001536,MOV110026,3.0,2019-12-03
U003757,MOV119635,5.0,2024-12-23
U000025,MOV118556,3.0,2023-06-28
U000002,MOV108540,4.0,2023-07-30
U000001,MOV102728,3.0,2020-08-18
U000370,MOV100006,4.0,2021-03-29
U000168,MOV106689,5.0,2023-07-19
U000021,MOV104247,2.0,2017-04-29
U000007,MOV119646,4.0,2025-12-21
U000127,MOV119272,4.0,2025-09-30
U000003,MOV119508,5.0,2022-10-20
U000835,MOV119204,3.0,2021-07-04
U000003,MOV110932,5.0,2024-01-12
U000002,MOV100535,2.0,2025-11-04
U000813,MOV114601,4.0,2020-12-26
U000041,MOV102058,3.0,2025-05-29
U000008,MOV108786,5.0,2021-12-21
U000100,MOV100006,3.0,2024-01-08
U000055,MOV119204,4.0,2019-03-19
U000057,MOV114626,4.0,2024-12-22
U000005,MOV100713,2.0,2024-02-01
U000259,MOV109280,5.0,2024-04-17
U000001,MOV105690,2.0,2022-10-13
U000001,MOV113965,4.0,2025-03-15
U000586,MOV115413,4.0,2025-08-02
U002013,MOV109906,2.0,2022-10-27
U000381,MOV117066,3.0,2023-06-13
U000003,MOV100199,1.0,2018-11-26
U000253,MOV100006,3.0,2025-05-15
U003064,MOV111472,2.0,2024-03-09
U000002,MOV100003,4.0,2018-07-28
U000011,MOV103050,4.0,2024-09-10
U000002,MOV112137,3.0,2018-09-16
U000795,MOV101108,5.0,2022-08-24
U000056,MOV101108,4.0,2025-04-04
U000023,MOV117287,3.0,2017-08-13
U000161,MOV119635,5.0,2021-06-06
U000198,MOV114281,3.0,2025-02-17
U000001,MOV109074,4.0,
U000016,MOV103505,4.0,2020-11-06
U000001,MOV117164,4.0,2021-03-09
U001042,MOV119054,3.0,2022-06-01
U000007,MOV102061,3.0,2019-01-09
U000063,MOV105990,2.0,2024-03-01
U000051,MOV107386,4.0,2024-07-28
U000005,MOV119295,5.0,2024-04-30
U000004,MOV114972,3.0,2024-01-30
U000001,MOV100899,5.0,2022-09-07
U000146,MOV114626,2.0,2025-04-26
U000897,MOV100880,5.0,2021-06-30
U000099,MOV116580,4.0,2022-06-26
U000005,MOV103663,3.0,2022-05-13
U000075,MOV107719,5.0,2019-07-08
U000146,MOV117235,4.0,2024-01-15
U000002,MOV106336,3.0,2016-04-14
U004211,MOV109221,5.0,2024-04-16
U000109,MOV116663,3.0,2025-02-18
U000002,MOV100373,3.0,2023-12-17
U000321,MOV102405,4.0,2015-10-09
U000049,MOV117349,1.0,2024-03-07
U000309,MOV100006,3.0,2024-09-10
U000360,MOV109221,5.0,2025-04-24
U000034,MOV119109,4.0,2023-05-20
U000345,MOV105990,5.0,2025-05-27
U002992,MOV117623,1.0,2024-03-13
U000139,MOV113048,4.0,2024-11-18
U000162,MOV107984,5.0,2018-01-12
U000427,MOV101681,5.0,2025-08-22
U000081,MOV102699,4.0,2020-11-05
U000185,MOV118492,5.0,2022-06-28
U001285,MOV118556,4.0,2024-09-25
U000004,MOV111271,4.0,2025-03-22
U000052,MOV119272,4.0,2025-11-19
U000716,MOV100006,4.0,2016-06-15
U000012,MOV118510,5.0,2023-11-01
U000019,MOV115070,4.0,2019-02-16
U000141,MOV113766,2.0,2025-11-24
U000292,MOV119204,3.0,2018-08-27
U000040,MOV116169,2.0,2022-11-18
U000127,MOV110026,4.0,2019-01-07
U000041,MOV117793,4.0,2025-11-28
U000004,MOV116803,1.0,2025-01-02
U002758,MOV119635,2.0,2016-01-13
U000007,MOV106834,4.0,2022-06-01
U000007,MOV116033,3.0,2023-03-13
U000054,MOV115420,4.0,2016-07-10
U000020,MOV112232,3.0,2025-04-26
U002817,MOV101034,4.0,2023-05-03
U000002,MOV118548,3.0,2025-06-12
U000002,MOV102147,4.0,2021-12-24
U000045,MOV101202,5.0,2024-06-24
U000023,MOV117566,2.0,2024-10-17
U000008,MOV113048,3.0,2024-02-22
U000025,MOV113766,3.0,2025-07-21
U000409,MOV107309,1.0,2025-05-16
U000049,MOV119533,5.0,2018-09-16
U000001,MOV105726,5.0,2024-04-07
U000004,MOV111876,5.0,2017-09-13
U000001,MOV116667,5.0,2021-04-15
U000222,MOV101734,5.0,2016-08-04
U000092,MOV108026,5.0,2022-03-02
U000013,MOV119272,3.0,2023-03-02
U000305,MOV110790,5.0,2021-01-07
U000040,MOV108506,3.0,2024-04-24
U001198,MOV103016,4.0,2022-08-13
U000002,MOV114909,4.0,2025-05-29
U000972,MOV105526,4.0,2022-02-25
U000003,MOV114570,3.0,2024-02-24
U000003,MOV114992,2.0,2025-11-08
U000481,MOV100006,5.0,2021-11-11
U000055,MOV119400,2.0,2018-02-28
U000437,MOV100718,3.0,2025-08-24
U000045,MOV108787,3.0,2024-04-02
U000686,MOV119635,4.0,2025-09-01
U000008,MOV105483,3.0,2025-04-03
U000093,MOV119635,4.0,2023-03-24
U000285,MOV104057,2.0,2023-10-12
U000089,MOV114110,1.0,2021-09-28
U000005,MOV113136,5.0,2019-03-02
U000023,MOV101202,4.0,2022-10-24
U000001,MOV116251,5.0,2019-07-17
U000260,MOV105765,2.0,2025-01-14
U000257,MOV114993,3.0,2021-11-08
U000036,MOV106884,2.0,2019-10-02
U000002,MOV106834,3.0,2020-05-25
U000556,MOV108506,5.0,2025-08-17
U000254,MOV117948,5.0,2022-12-28
U000115,MOV100006,4.0,2024-11-14
U000026,MOV104600,4.0,2020-09-27
U000634,MOV106834,5.0,2018-11-22
U000092,MOV114993,4.0,2019-04-18
U002408,MOV105990,3.0,2020-03-24
U000004,MOV110809,3.0,2025-12-16
U000001,MOV102297,4.0,2015-01-04
U000076,MOV112170,3.0,2023-05-23
U000060,MOV119272,4.0,2025-09-02
U000016,MOV103247,3.0,2017-09-09
U000450,MOV114626,5.0,2025-09-22
U000113,MOV119204,4.0,2019-11-04
U000050,MOV117382,1.0,2021-06-10
U000010,MOV116820,4.0,2024-07-28
U001510,MOV109223,5.0,2023-11-16
U000001,MOV113657,3.0,2023-03-31
U000201,MOV105896,4.0,2022-02-04
U000381,MOV100006,3.0,2024-03-13
U000005,MOV106874,5.0,2021-12-28
U000041,MOV110262,3.0,2024-08-25
U000086,MOV109321,4.0,2025-11-08
U000006,MOV107675,4.0,2018-09-20
U000062,MOV100006,4.0,2022-07-27
U000001,MOV119363,1.0,2016-07-30
U000001,MOV104786,5.0,2019-06-08
U000481,MOV101108,3.0,2024-06-07
U000514,MOV109221,5.0,2025-02-06
U002342,MOV108108,4.0,2020-07-14
U000068,MOV118556,3.0,2024-07-03
U000971,MOV112612,4.0,2024-08-05
U000001,MOV104011,2.0,2025-10-26
U000001,MOV104371,2.0,2018-01-21
U001570,MOV113048,2.0,2025-07-20
U000002,MOV116247,5.0,2025-05-26
U000002,MOV116741,2.0,2021-02-21
U000120,MOV105990,5.0,2025-11-05
U000001,MOV108360,3.0,2021-01-17
U000002,MOV115929,3.0,2025-10-24
U000020,MOV117851,4.0,2024-04-26
U000831,MOV100006,5.0,2022-03-06
U001320,MOV111029,4.0,2024-12-25
U000823,MOV111318,5.0,2017-01-19
U000393,MOV108229,2.0,2021-11-05
U000159,MOV111434,5.0,2018-05-10
U000002,MOV106874,4.0,2020-11-02
U000003,MOV116181,4.0,2021-09-09
U000808,MOV106176,3.0,2019-09-08
U000016,MOV111876,2.0,2015-04-14
U000001,MOV113645,4.0,2024-08-04
U000004,MOV103334,4.0,2022-03-09
U000032,MOV113048,5.0,2015-04-17
U001128,MOV101202,4.0,2021-06-02
U000433,MOV101414,1.0,2020-08-26
U000005,MOV107014,3.0,2025-12-27
U000817,MOV105661,5.0,2025-07-10
U001272,MOV112909,4.0,2020-11-03
U000009,MOV110026,4.0,2024-07-28
U000026,MOV107684,3.0,2025-07-19
U000002,MOV114360,1.0,2024-07-10
U000233,MOV113048,5.0,2024-10-18
U000003,MOV117969,4.0,2022-04-24
U000005,MOV107845,4.0,2020-12-09
U000152,MOV101108,4.0,2024-09-11
U000017,MOV114993,4.0,2025-04-09
U000020,MOV103334,4.0,2021-08-10
U000199,MOV113387,5.0,2015-05-30
U000015,MOV118288,4.0,2019-04-30
U003762,MOV114919,3.0,2018-12-03
U000004,MOV108419,2.0,2017-08-05
U000009,MOV107687,3.0,2025-02-19
U000661,MOV114755,5.0,2023-12-04
U000023,MOV111159,4.0,2021-04-17
U001619,MOV119635,1.0,2025-05-24
U000018,MOV109602,5.0,2023-01-27
U000023,MOV103091,4.0,2023-07-28
U000014,MOV117481,5.0,2025-04-11
U000009,MOV116707,3.0,2019-11-30
U000036,MOV105364,2.0,2025-10-25
U001050,MOV115879,4.0,2023-09-25
U000001,MOV100359,2.0,2024-05-11
U000021,MOV115420,4.0,2025-01-18
U000002,MOV118492,5.0,2015-07-12
U000121,MOV110026,5.0,2015-01-30
U000068,MOV114626,2.0,2020-10-14
U000115,MOV109993,5.0,2023-08-03
U000048,MOV104047,4.0,2021-07-19
U000018,MOV113846,2.0,2021-10-04
U001441,MOV110828,4.0,2025-09-14
U000021,MOV111759,2.0,2015-08-17
U000001,MOV111888,3.0,2025-01-27
U000001,MOV112362,5.0,2022-09-13
U000030,MOV102996,5.0,2021-11-28
U000002,MOV102397,4.0,2020-10-29
U000001,MOV108984,3.0,2021-10-14
U000002,MOV100158,4.0,2021-10-06
U003806,MOV101108,3.0,2016-01-27
U000057,MOV107386,4.0,2024-05-20
U000038,MOV112232,4.0,2023-10-13
U000194,MOV119272,4.0,2023-02-17
U000026,MOV102969,5.0,2021-07-09
U000239,MOV119272,3.0,2018-06-15
U000409,MOV119457,5.0,2022-04-01
U000213,MOV118752,2.0,2020-01-13
U000218,MOV110144,3.0,2025-10-28
U000145,MOV113381,5.0,2018-01-20
U000064,MOV117002,3.0,
U001471,MOV100006,2.0,
U000921,MOV105805,4.0,2017-08-13
U000054,MOV119635,4.0,2018-09-13
U000155,MOV113048,3.0,2020-10-15
U000389,MOV109328,3.0,2018-11-21
U000173,MOV118556,4.0,2019-10-30
U000267,MOV106021,5.0,2023-05-07
U000005,MOV102996,1.0,2025-12-23
U000173,MOV101108,2.0,2016-09-21
U000184,MOV119272,1.0,2023-12-20
U000001,MOV116852,4.0,2021-10-14
U000014,MOV105482,4.0,2018-11-02
U000011,MOV103599,1.0,2022-11-23
U000035,MOV105693,5.0,2015-09-27
U000104,MOV109874,3.0,2018-06-24
U000008,MOV101681,3.0,2016-04-21
U000332,MOV110262,1.0,2025-09-26
U000149,MOV101108,3.0,2022-09-20
U000015,MOV113739,4.0,2016-05-04
U000031,MOV111488,3.0,2022-07-13
U000032,MOV102191,3.0,2019-07-16
U000348,MOV112232,5.0,2020-10-17
U002746,MOV103159,3.0,2021-09-15
U000026,MOV106635,5.0,2025-09-26
U000002,MOV107473,4.0,2025-04-01
U000007,MOV109629,2.0,2024-12-18
U000013,MOV116181,5.0,2020-11-14
U000001,MOV111574,3.0,2023-11-19
U003194,MOV109221,2.0,2015-05-16
U000010,MOV105966,3.0,2018-06-20
U000181,MOV104826,4.0,2018-01-06
U000006,MOV103748,2.0,2021-04-16
U000439,MOV118615,4.0,2019-11-26
U000015,MOV114784,4.0,2025-12-10
U000004,MOV101386,2.0,2020-08-25
U001928,MOV104187,2.0,2022-11-15
U000705,MOV101108,4.0,
U000013,MOV113420,4.0,2015-08-30
U000020,MOV113048,4.0,2022-02-14
U000009,MOV105427,4.0,2016-07-10
U000008,MOV118556,4.0,2023-03-30
U000145,MOV119272,4.0,2023-06-13
U000026,MOV114626,4.0,2021-04-10
U002711,MOV105990,3.0,2025-03-10
U000508,MOV111058,4.0,2025-03-27
U000051,MOV111434,4.0,2018-10-20
U000019,MOV119635,4.0,
U000033,MOV119660,3.0,2024-05-10
U000947,MOV103048,4.0,2019-06-21
U000001,MOV103233,2.0,2024-06-26
U000146,MOV109221,2.0,2024-01-12
U001021,MOV118035,3.0,2023-05-11
U001570,MOV113766,5.0,2025-02-09
U000014,MOV113974,5.0,2016-10-29
U000055,MOV101756,4.0,2021-11-01
U000731,MOV105483,5.0,2025-10-13
U000001,MOV113535,3.0,2025-03-12
U000001,MOV101216,3.0,2019-01-20
U000425,MOV119635,3.0,2022-04-30
U001902,MOV101229,4.0,2023-09-29
U000004,MOV115894,5.0,2017-07-06
U000011,MOV108377,4.0,2023-05-03
U000772,MOV116061,5.0,2022-06-11
U000006,MOV107909,4.0,2025-07-24
U000005,MOV116686,4.0,2022-08-22
U001082,MOV104038,4.0,2022-04-02
U000297,MOV105990,3.0,2023-08-18
U000002,MOV119856,5.0,2023-05-13
U001206,MOV111434,4.0,2025-10-26
U000009,MOV113015,5.0,2024-10-21
U000055,MOV114992,5.0,2025-08-20
U000153,MOV112208,2.0,2025-05-20
U000028,MOV102922,4.0,2021-03-02
U000084,MOV116148,5.0,2016-07-21
U000003,MOV112480,5.0,2015-02-10
U000026,MOV118035,3.0,2020-08-31
U000002,MOV101730,5.0,2021-08-24
U000063,MOV119272,4.0,2023-05-31
U000775,MOV118556,4.0,2021-12-02
U000025,MOV112802,3.0,2025-02-19
U000011,MOV111434,4.0,2019-07-22
U000012,MOV102865,4.0,2025-09-29
U000001,MOV115086,4.0,2022-04-23
U000004,MOV116792,2.0,2024-02-18
U000288,MOV116686,4.0,2025-12-28
U000001,MOV102624,5.0,2021-07-08
U000699,MOV100831,4.0,2025-12-21
U001463,MOV105990,4.0,2025-12-20
U000260,MOV115420,4.0,2025-03-24
U000007,MOV118828,2.0,2022-05-01
U000041,MOV114187,4.0,2021-06-08
U000108,MOV113143,4.0,2019-05-29
U000002,MOV112873,4.0,
U000557,MOV114896,4.0,2024-11-04
U000018,MOV110367,5.0,2022-09-23
U000002,MOV106983,2.0,2025-08-27
U000094,MOV119370,5.0,2022-07-08
U000197,MOV106449,5.0,2025-05-24
U000092,MOV119272,4.0,2020-07-20
U000002,MOV117698,4.0,2018-04-10
U000796,MOV109915,3.0,2018-11-10
U000007,MOV103610,4.0,2024-11-02
U000020,MOV116468,5.0,2022-05-03
U000221,MOV117940,4.0,2017-07-12
U000146,MOV112232,3.0,2019-08-20
U000030,MOV107017,4.0,2024-11-13
U000486,MOV104969,3.0,2021-05-05
U000002,MOV105134,2.0,2020-02-27
U000002,MOV100295,3.0,2024-11-10
U000003,MOV111876,5.0,2021-11-27
U000001,MOV113313,2.0,2021-07-06
U001656,MOV106186,1.0,2021-10-17
U000144,MOV110690,4.0,2025-11-09
U001129,MOV119635,4.0,2019-07-04
U000001,MOV104128,3.0,2020-11-05
U000007,MOV110868,2.0,2015-12-28
U000063,MOV111001,4.0,2016-11-25
U000010,MOV109826,5.0,2021-11-05
U000139,MOV103076,3.0,2019-10-31
U003890,MOV109536,4.0,2021-06-15
U002555,MOV113418,4.0,2019-07-05
U000162,MOV118556,5.0,2024-12-08
U001148,MOV100006,3.0,2016-05-03
U000019,MOV104756,4.0,2021-07-01
U000008,MOV102662,4.0,2024-08-09
U000306,MOV100006,3.0,2023-05-02
U002694,MOV104002,5.0,2023-09-15
U000216,MOV105990,5.0,2025-10-23
U000158,MOV114896,4.0,2020-01-27
U000760,MOV109913,3.0,2021-10-25
U000025,MOV108836,1.0,2016-05-13
U000021,MOV119450,4.0,2015-10-31
U000002,MOV100307,4.0,2022-10-30
U000035,MOV116536,4.0,2023-11-24
U004138,MOV110026,2.0,2021-09-17
U002783,MOV103122,3.0,2018-04-28
U000198,MOV118159,4.0,2024-10-16
U000020,MOV104877,5.0,2019-05-30
U001349,MOV118538,4.0,2022-10-04
U000045,MOV119204,3.0,2025-09-27
U000046,MOV101501,4.0,2018-06-26
U000008,MOV117251,5.0,2020-09-28
U000043,MOV119272,4.0,2021-03-10
U000150,MOV101238,1.0,2024-02-20
U000018,MOV103429,4.0,2021-01-24
U000001,MOV102801,2.0,2024-06-28
U000003,MOV109280,4.0,2020-11-27
U000006,MOV109869,3.0,2025-05-09
U000003,MOV112165,5.0,2025-04-26
U000033,MOV118696,2.0,2023-07-16
U000046,MOV113048,4.0,2019-07-05
U000027,MOV113420,4.0,2021-10-30
U000054,MOV105896,3.0,2019-03-31
U000126,MOV110026,5.0,2019-10-31
U000010,MOV107912,4.0,2022-10-05
U001752,MOV106380,3.0,2024-05-03
U000015,MOV104966,4.0,2024-02-05
U000255,MOV116181,2.0,2018-06-04
U000021,MOV106689,4.0,2021-05-06
U000020,MOV106752,3.0,2025-11-15
U000053,MOV110790,4.0,2021-01-20
U000005,MOV110809,4.0,2015-10-07
U000013,MOV110026,4.0,2025-01-10
U000572,MOV105896,5.0,2024-02-12
U000009,MOV114896,4.0,2023-03-15
U000001,MOV106331,3.0,2025-11-09
U001649,MOV119272,5.0,2025-12-16
U000001,MOV106048,5.0,2019-03-21
U000001,MOV111550,5.0,2023-06-16
U000003,MOV116536,4.0,2017-10-15
U000026,MOV103605,3.0,2024-10-17
U000002,MOV106935,2.0,2017-10-18
U000072,MOV119635,3.0,2021-06-06
U002799,MOV116504,3.0,2025-04-24
U000001,MOV107103,5.0,2022-08-05
U000051,MOV109602,4.0,2023-02-28
U000008,MOV116203,3.0,2015-09-21
U000013,MOV102992,4.0,2023-11-23
U000167,MOV117962,4.0,2024-06-17
U000001,MOV114670,4.0,2022-07-23
U000096,MOV119204,2.0,2022-06-20
U000010,MOV101501,1.0,2019-10-23
U000049,MOV101202,4.0,2025-05-16
U000001,MOV103794,4.0,2025-09-03
U000006,MOV106783,2.0,2021-03-12
U000013,MOV108360,3.0,2023-07-18
U003049,MOV119186,4.0,2024-04-26
U000015,MOV102969,4.0,2023-01-29
U000053,MOV108035,4.0,2023-09-01
U000007,MOV101912,3.0,2022-06-26
U000001,MOV108870,3.0,2024-12-12
U000919,MOV107770,3.0,2025-07-04
U000343,MOV113735,5.0,2024-01-11
U000011,MOV103610,4.0,2025-12-18
U000076,MOV114289,5.0,2023-11-14
U000011,MOV117485,4.0,2023-06-23
U000319,MOV101237,3.0,2024-04-17
U003549,MOV111340,3.0,2018-08-26
U000384,MOV109822,3.0,2025-02-04
U000008,MOV101922,5.0,2025-05-13
U000006,MOV117793,4.0,2024-05-19
U001219,MOV115028,3.0,2025-09-23
U000006,MOV103768,3.0,2021-05-15
U000391,MOV113609,3.0,2020-11-01
U000039,MOV107307,3.0,2019-01-17
U000002,MOV105700,3.0,2021-06-25
U000084,MOV105644,4.0,2024-10-02
U000020,MOV106337,4.0,2019-06-13
U000020,MOV109221,3.0,2024-05-02
U000022,MOV109166,3.0,2015-09-23
U000001,MOV110882,4.0,2025-06-26
U000055,MOV110015,4.0,2019-04-17
U001849,MOV118556,3.0,2020-11-20
U000011,MOV104770,5.0,2017-03-06
U000190,MOV114993,4.0,2021-12-10
U000002,MOV109997,5.0,2023-04-10
U000070,MOV119272,4.0,2025-01-07
U000007,MOV107106,3.0,2020-03-20
U000081,MOV115830,5.0,2024-06-05
U000129,MOV107817,2.0,2024-02-18
U000978,MOV105990,3.0,2022-01-21
U000133,MOV118556,4.0,2020-03-20
U000225,MOV113204,3.0,2024-10-25
U001875,MOV119714,4.0,2023-11-23
U000048,MOV110809,3.0,2022-04-11
U000022,MOV106146,2.0,2018-04-07
U000056,MOV119635,4.0,2022-07-10
U001055,MOV101202,4.0,2024-11-01
U000012,MOV103444,4.0,2019-11-29
U000020,MOV112801,3.0,2025-01-17
U002567,MOV114626,3.0,2023-04-07
U000389,MOV109221,5.0,2025-07-13
U000518,MOV119671,4.0,2025-05-20
U000005,MOV106656,4.0,2022-03-23
U000227,MOV109536,4.0,2025-01-16
U000038,MOV116837,3.0,2025-10-30
U000014,MOV101034,4.0,2025-02-19
U000101,MOV104697,4.0,2019-06-28
U001362,MOV100006,3.0,2021-08-14
U000001,MOV104737,5.0,2022-03-18
U000102,MOV114626,4.0,2018-07-04
U000019,MOV108836,4.0,2020-07-20
U000041,MOV111659,4.0,2019-02-09
U000766,MOV114345,5.0,2018-11-19
U000817,MOV105990,3.0,2016-10-26
U000149,MOV104244,4.0,2020-06-09
U000001,MOV114652,5.0,2017-08-07
U001004,MOV117948,3.0,2023-12-26
U000608,MOV100006,3.0,2024-10-07
U000014,MOV103605,4.0,2023-06-28
U000001,MOV110917,5.0,2023-02-19
U000001,MOV111234,5.0,2018-02-19
U000143,MOV119635,3.0,2024-12-05
U000001,MOV113431,4.0,2017-03-29
U000003,MOV103076,4.0,2025-11-13
U000211,MOV109130,2.0,2022-02-02
U002953,MOV102274,3.0,2022-06-18
U000014,MOV117010,5.0,2025-09-05
U000007,MOV118093,3.0,2020-10-20
U000008,MOV112152,5.0,2021-07-10
U000003,MOV115053,3.0,2023-06-21
U000050,MOV104768,4.0,2018-06-04
U002237,MOV109221,5.0,2018-10-26
U000018,MOV109977,4.0,2018-05-17
U000213,MOV100006,3.0,2025-12-23
U000795,MOV106333,3.0,2024-10-31
U000005,MOV112427,5.0,2022-11-10
U003859,MOV114710,4.0,2024-03-11
U000001,MOV102145,4.0,2021-05-17
U000007,MOV111202,3.0,2019-09-09
U000006,MOV113692,5.0,2023-05-12
U000013,MOV107386,4.0,2025-09-20
U001620,MOV105644,3.0,2022-11-14
U000011,MOV111885,4.0,2024-01-04
U000094,MOV100713,5.0,2023-12-08
U000033,MOV110026,1.0,2021-12-26
U000009,MOV104979,4.0,2024-06-19
U000076,MOV119272,4.0,2022-01-02
U000004,MOV110447,3.0,2023-05-09
U000678,MOV117541,5.0,2018-11-09
U000461,MOV104436,2.0,2021-04-19
U000879,MOV118556,3.0,2024-09-28
U000527,MOV104315,4.0,2025-06-26
U000006,MOV109088,4.0,2025-05-01
U000005,MOV100427,4.0,2025-03-12
U000002,MOV116161,4.0,2024-04-01
U000081,MOV110292,3.0,2017-08-27
U000004,MOV113178,5.0,2019-12-23
U000002,MOV100300,4.0,2025-11-10
U000014,MOV112938,4.0,2021-07-29
U000019,MOV100557,2.0,2020-03-27
U000330,MOV110026,2.0,2020-12-01
U000128,MOV105990,5.0,2022-07-04
U000018,MOV119204,4.0,2020-05-01
U000001,MOV105053,4.0,2025-03-07
U000012,MOV111434,4.0,2022-08-05
U000019,MOV104697,2.0,2021-06-21
U000049,MOV111491,4.0,2024-09-20
U002074,MOV114611,5.0,2025-04-14
U000358,MOV111837,2.0,2020-09-10
U000007,MOV116787,2.0,2024-02-17
U000066,MOV103643,3.0,2022-02-27
U000001,MOV102324,2.0,2018-07-15
U000369,MOV101103,4.0,2016-08-21
U000093,MOV107913,4.0,2016-12-16
U000675,MOV115170,3.0,2024-07-14
U000124,MOV105438,4.0,2025-04-20
U004036,MOV118474,4.0,2019-01-25
U001372,MOV105990,5.0,2018-11-15
U000833,MOV106037,4.0,2017-02-27
U003098,MOV110262,3.0,2017-05-20
U000139,MOV109140,2.0,2023-08-04
U001467,MOV117035,5.0,2023-06-16
U000001,MOV103376,4.0,2019-04-22
U000030,MOV108173,4.0,2020-06-03
U000515,MOV100713,4.0,2020-01-10
U000300,MOV114896,4.0,2025-07-21
U000025,MOV113178,4.0,2024-08-17
U000105,MOV101558,4.0,2018-01-11
U000109,MOV110475,5.0,2020-08-26
U001007,MOV108912,5.0,2024-07-05
U000004,MOV119506,3.0,2023-03-03
U000127,MOV100006,4.0,2025-07-18
U000034,MOV101756,3.0,2016-07-17
U001852,MOV102713,4.0,2022-03-22
U000039,MOV112232,2.0,2019-10-20
U000251,MOV111003,5.0,2025-12-17
U002051,MOV116203,2.0,2023-05-16
U000004,MOV109776,4.0,2020-06-17
U001491,MOV101202,5.0,2024-08-11
U000089,MOV107621,5.0,2024-03-24
U000002,MOV115939,5.0,2019-09-08
U000049,MOV101539,4.0,2024-11-23
U001830,MOV100006,4.0,2024-10-25
U000042,MOV105990,4.0,2016-10-04
U000791,MOV110026,3.0,2025-01-23
U000024,MOV111786,2.0,2024-07-17
U002357,MOV102189,3.0,2025-07-21
U000008,MOV116956,3.0,2022-04-06
U000001,MOV105770,3.0,2021-02-16
U000001,MOV110868,4.0,2016-05-23
U000012,MOV119429,1.0,2017-05-11
U001533,MOV107831,5.0,2021-07-23
U000045,MOV103334,4.0,2016-11-24
U000256,MOV110026,4.0,2019-10-22
U000051,MOV103325,3.0,2018-03-30
U000034,MOV103806,4.0,2023-07-22
U000001,MOV115219,4.0,2025-09-05
U000010,MOV100542,4.0,2020-05-28
U000004,MOV113700,2.0,2023-10-03
U000001,MOV102707,2.0,2024-05-03
U001093,MOV104217,2.0,2021-03-28
U000323,MOV111885,3.0,2025-04-20
U000004,MOV106766,3.0,2019-09-29
U000005,MOV100437,4.0,2025-01-27
U000054,MOV106689,4.0,2025-12-05
U000711,MOV110026,4.0,2024-08-25
U000001,MOV105267,4.0,2025-01-05
U000893,MOV119407,3.0,2021-05-29
U000004,MOV104002,3.0,2023-06-21
U000004,MOV100372,4.0,
U001157,MOV118492,5.0,2017-11-09
U001608,MOV114909,4.0,2021-05-28
U000001,MOV119030,4.0,2021-09-16
U000001,MOV113551,5.0,2019-10-13
U000002,MOV103216,4.0,2025-04-10
U000649,MOV114626,1.0,2020-06-03
U000002,MOV103454,4.0,2020-04-26
U000851,MOV113048,5.0,2023-12-09
U000008,MOV115881,3.0,2022-01-14
U000035,MOV105702,5.0,2024-10-29
U000540,MOV119635,4.0,2018-02-20
U000001,MOV116333,3.0,2022-04-04
U000007,MOV100796,1.0,2021-08-28
U000141,MOV113609,5.0,2019-06-15
U000003,MOV107772,3.0,2021-10-24
U000040,MOV114784,3.0,2020-03-19
U001283,MOV114869,5.0,2025-11-05
U000105,MOV119635,3.0,2021-09-14
U000001,MOV114300,4.0,2023-04-05
U000017,MOV109573,5.0,2024-07-27
U000026,MOV114896,4.0,2021-03-31
U000010,MOV114857,5.0,2021-10-01
U000102,MOV113048,3.0,2017-08-12
U000115,MOV105077,2.0,2019-04-28
U002317,MOV100006,4.0,2018-11-08
U000637,MOV100006,2.0,2021-05-19
U003276,MOV106149,2.0,2019-06-08
U000002,MOV102331,1.0,2025-09-24
U003569,MOV103446,4.0,2016-07-12
U000015,MOV109370,2.0,2022-10-24
U000117,MOV101108,1.0,2019-10-03
U000034,MOV102448,4.0,2016-08-30
U000106,MOV105896,4.0,2025-04-10
U000002,MOV110271,5.0,2022-08-23
U000025,MOV104924,4.0,2021-04-28
U000032,MOV106388,3.0,2024-12-23
U000010,MOV110790,4.0,2023-01-11
U000054,MOV102205,4.0,2024-10-07
U000755,MOV111402,2.0,2015-05-26
U000004,MOV100831,3.0,2025-10-14
U000007,MOV100342,3.0,2019-07-31
U000093,MOV112749,1.0,2023-10-01
U000007,MOV104937,4.0,2019-03-23
U000803,MOV105990,3.0,2020-09-29
U000001,MOV112981,5.0,2025-07-02
U000236,MOV110809,5.0,2022-03-05
U000001,MOV103482,4.0,2018-01-16
U000294,MOV105896,4.0,2022-10-14
U000003,MOV106957,5.0,2022-06-18
U000148,MOV104882,4.0,2025-02-06
U003043,MOV115367,5.0,2020-11-26
U000012,MOV111029,2.0,2018-03-09
U000108,MOV119635,5.0,2025-04-19
U000006,MOV100044,5.0,2025-04-12
U000001,MOV117215,4.0,2018-11-25
U000003,MOV100487,4.0,2023-01-13
U001857,MOV109759,1.0,2022-02-23
U000008,MOV113418,3.0,2020-02-28
U000001,MOV110844,5.0,2025-09-10
U000567,MOV112232,4.0,2021-04-11
U000001,MOV105275,3.0,2024-05-27
U000141,MOV116470,4.0,2025-06-18
U000003,MOV119328,5.0,2025-09-25
U003377,MOV119204,3.0,2025-01-15
U000005,MOV114755,5.0,2024-12-18
U000024,MOV111445,5.0,2021-08-05
U000053,MOV111001,5.0,2020-05-13
U000014,MOV119204,3.0,2020-06-28
U000694,MOV100303,2.0,2024-09-07
U000019,MOV103950,2.0,2023-10-06
U000001,MOV102358,4.0,2015-05-02
U000013,MOV114626,5.0,2024-04-18
U000064,MOV113048,3.0,2025-10-12
U000012,MOV112386,4.0,2025-06-15
U000001,MOV118474,3.0,2025-08-09
U000007,MOV109166,4.0,2021-04-04
U000008,MOV109735,5.0,2019-11-12
U000003,MOV113301,5.0,2021-04-19
U000019,MOV117851,5.0,2025-03-09
U001818,MOV110026,4.0,2017-11-13
U000022,MOV118813,2.0,2022-10-06
U000023,MOV105361,2.0,2025-05-29
U000004,MOV116710,5.0,2025-05-31
U000003,MOV114424,1.0,2020-03-19
U000384,MOV110262,4.0,2021-12-08
U002034,MOV112232,4.0,2025-04-13
U003075,MOV101108,3.0,2024-06-29
U000069,MOV110026,4.0,2020-03-15
U000015,MOV103103,5.0,2017-04-15
U000044,MOV118753,4.0,2022-10-09
U000013,MOV102376,5.0,2025-12-27
U000002,MOV115902,3.0,2020-08-16
U000001,MOV119712,3.0,2025-05-15
U000076,MOV105422,4.0,2025-05-12
U000002,MOV101473,2.0,2022-06-25
U000468,MOV105990,4.0,2018-04-18
U000007,MOV100713,1.0,2023-02-21
U000034,MOV118159,4.0,2024-01-25
U000077,MOV119116,3.0,2024-10-08
U000569,MOV114626,3.0,2024-09-17
U000006,MOV102978,5.0,2023-09-15
U003611,MOV107518,5.0,2024-10-12
U000664,MOV109221,4.0,2024-07-26
U000020,MOV105077,3.0,2024-06-25
U000231,MOV101539,5.0,2024-09-21
U001166,MOV119635,4.0,2025-12-21
U000001,MOV114693,5.0,2024-06-13
U000001,MOV118028,3.0,2020-08-13
U000020,MOV101002,5.0,2025-10-27
U000204,MOV105990,2.0,2020-12-26
U000035,MOV105896,4.0,2019-05-07
U000115,MOV114784,4.0,2022-09-26
U001062,MOV119272,5.0,2025-05-18
U000001,MOV116615,2.0,2024-11-12
U000024,MOV101462,4.0,2021-08-20
U000085,MOV118151,2.0,2021-01-03
U000001,MOV115581,5.0,2020-07-30
U000009,MOV119822,5.0,2022-12-12
U000015,MOV103334,3.0,2018-05-08
U000088,MOV119635,2.0,2022-06-20
U000386,MOV103444,5.0,2019-01-17
U001660,MOV114567,3.0,2023-02-19
U000002,MOV111655,4.0,2025-01-27
U000001,MOV119688,3.0,2016-04-08
U002805,MOV119635,3.0,2025-08-18
U002972,MOV108517,4.0,2024-07-28
U000036,MOV117978,4.0,2020-06-01
U000008,MOV113455,3.0,2023-06-05
U000007,MOV107147,5.0,2019-06-07
U000083,MOV114109,3.0,2015-02-04
U000004,MOV112347,4.0,2023-10-04
U000074,MOV101034,4.0,2024-05-23
U000570,MOV119272,5.0,
U000009,MOV102473,4.0,2020-03-09
U000336,MOV116470,5.0,2025-09-07
U000001,MOV107732,4.0,2025-02-23
U000040,MOV116434,4.0,2021-12-09
U000018,MOV103386,5.0,2018-07-16
U000019,MOV112616,4.0,2025-03-29
U000045,MOV114993,4.0,2024-11-09
U000007,MOV104768,5.0,2018-09-18
U002059,MOV112619,4.0,2019-12-19
U000251,MOV115420,5.0,2021-02-28
U001256,MOV110304,3.0,2022-08-21
U000001,MOV115847,4.0,2017-06-08
U001712,MOV113048,4.0,2020-07-04
U000020,MOV112395,4.0,2018-07-08
U001286,MOV100798,4.0,2022-01-31
U000035,MOV111300,1.0,2025-11-30
U000511,MOV111134,4.0,2023-10-12
U000041,MOV119272,4.0,2017-06-21
U001302,MOV100006,2.0,2020-10-01
U000006,MOV119660,4.0,2025-08-11
U000033,MOV105204,5.0,2021-11-13
U000186,MOV102539,1.0,2021-08-17
U001937,MOV113048,5.0,2020-10-13
U000001,MOV109342,3.0,2022-12-16
U000212,MOV103577,4.0,2022-09-10
U002826,MOV105990,1.0,2025-01-31
U000009,MOV105764,2.0,2025-10-04
U000377,MOV114993,4.0,2020-05-07
U000739,MOV101108,3.0,2023-08-12
U000011,MOV117306,3.0,2022-04-02
U004485,MOV106874,4.0,2022-02-22
U002816,MOV100006,3.0,2025-07-16
U000317,MOV119272,3.0,2019-01-13
U000001,MOV116820,5.0,2024-05-29
U000020,MOV110353,5.0,2025-05-10
U000077,MOV119635,4.0,2022-01-29
U000007,MOV117055,4.0,2017-10-10
U000001,MOV101778,3.0,2024-03-31
U000111,MOV110262,4.0,2023-06-23
U000012,MOV109221,4.0,2020-11-07
U000044,MOV112114,3.0,2019-03-15
U000768,MOV104579,3.0,2022-05-06
U000340,MOV117029,5.0,2025-09-22
U000002,MOV117302,4.0,2022-10-07
U000010,MOV101462,1.0,2022-10-03
U000001,MOV118753,1.0,2025-01-11
U000025,MOV113093,5.0,2022-10-19
U004187,MOV115324,4.0,2025-12-17
U000166,MOV109140,3.0,2021-11-25
U001346,MOV119635,3.0,2019-09-14
U002658,MOV110922,1.0,2022-06-22
U000020,MOV105693,4.0,2017-11-01
U000181,MOV104003,4.0,2020-09-17
U000557,MOV109843,4.0,2025-02-14
U000180,MOV105990,3.0,2024-05-02
U000754,MOV113633,4.0,2025-07-01
U000006,MOV103532,4.0,2022-10-03
U000004,MOV106458,4.0,2025-02-06
U000001,MOV115663,5.0,2023-09-17
U000012,MOV109252,4.0,2023-02-05
U000009,MOV113235,4.0,2019-01-03
U000001,MOV104975,2.0,2025-02-18
U000842,MOV108419,2.0,2018-05-09
U000003,MOV111416,4.0,2024-12-16
U000049,MOV100006,3.0,2024-08-15
U000660,MOV114993,4.0,2019-02-14
U000020,MOV114626,4.0,2025-01-30
U000003,MOV102011,4.0,2023-01-25
U000001,MOV105693,1.0,2025-04-26
U000006,MOV119637,3.0,2022-01-15
U000403,MOV105058,2.0,2025-12-01
U000206,MOV103122,4.0,2024-10-14
U000002,MOV107209,4.0,2023-12-10
U000516,MOV100006,3.0,2022-09-20
U000800,MOV110492,2.0,2016-07-12
U000001,MOV118168,2.0,2023-06-20
U000285,MOV108414,3.0,2020-09-24
U000664,MOV116558,4.0,2023-08-24
U000226,MOV107687,2.0,2021-05-19
U000021,MOV103605,2.0,2022-12-01
U000036,MOV114626,4.0,2023-11-01
U000068,MOV107224,2.0,2021-11-18
U000016,MOV111660,4.0,2023-06-25
U000006,MOV104018,1.0,2018-03-27
U000051,MOV109166,3.0,2020-04-03
U000034,MOV110026,5.0,2025-03-12
U000013,MOV118342,3.0,2019-12-25
U000002,MOV111885,4.0,2025-10-20
U000001,MOV110238,3.0,2022-04-19
U000595,MOV117948,2.0,2023-11-22
U000435,MOV114993,4.0,2025-08-06
U000906,MOV103929,2.0,2024-03-28
U000177,MOV100006,4.0,2018-04-21
U000340,MOV104319,4.0,2016-11-12
U000008,MOV108473,4.0,2023-03-13
U000001,MOV110576,4.0,2017-06-15
U000003,MOV107262,4.0,2024-04-08
U000011,MOV101202,4.0,2019-05-13
U000116,MOV116741,4.0,2024-08-12
U000001,MOV117770,5.0,2022-08-16
U000001,MOV116803,3.0,2021-11-13
U000006,MOV103542,5.0,2021-11-03
U000001,MOV106670,3.0,2025-01-11
U000193,MOV100006,4.0,2021-11-03
U000996,MOV109280,3.0,2025-09-07
U000307,MOV109205,3.0,2017-07-14
U000140,MOV100831,4.0,2019-01-06
U000793,MOV105896,4.0,2020-11-01
U000001,MOV111392,4.0,2022-10-30
U000034,MOV117287,5.0,2025-02-26
U002238,MOV103605,5.0,2025-03-07
U000014,MOV112035,3.0,2025-06-24
U000082,MOV100006,5.0,2016-09-30
U000004,MOV115933,5.0,2021-05-19
U000250,MOV118859,4.0,2025-05-25
U000683,MOV108912,5.0,2024-07-20
U001763,MOV105896,5.0,2023-08-10
U000022,MOV117978,3.0,2024-04-05
U000042,MOV119635,4.0,2025-10-01
U000001,MOV113233,4.0,2023-02-01
U000413,MOV114896,5.0,2023-03-07
U000467,MOV101822,5.0,
U000004,MOV116707,3.0,2015-11-07
U000001,MOV103841,4.0,2017-10-17
U000006,MOV114877,4.0,2025-07-30
U000068,MOV116470,5.0,2025-11-10
U000008,MOV100557,4.0,2017-05-29
U000228,MOV100006,4.0,2024-06-10
U000082,MOV105162,4.0,2022-09-18
U000378,MOV100557,3.0,2023-05-02
U001173,MOV114896,5.0,2025-03-20
U000046,MOV100754,5.0,2016-01-29
U000685,MOV116356,3.0,2021-05-30
U000013,MOV108577,3.0,2025-07-24
U000041,MOV110306,4.0,2025-03-14
U000002,MOV119422,5.0,2024-12-05
U000116,MOV111434,1.0,2021-09-25
U000015,MOV119766,5.0,2020-12-13
U000318,MOV111036,3.0,2018-05-30
U000160,MOV109384,4.0,2016-11-29
U000459,MOV102145,3.0,2020-01-01
U000006,MOV116495,5.0,2025-03-17
U003190,MOV114626,5.0,2021-12-20
U000008,MOV102205,4.0,2025-12-16
U000002,MOV110702,3.0,2018-07-29
U000084,MOV114399,4.0,2025-02-18
U000150,MOV114626,1.0,2025-01-20
U000446,MOV118743,1.0,2024-11-14
U000482,MOV102968,5.0,2022-06-05
U000007,MOV104331,5.0,2022-06-09
U000003,MOV114508,5.0,2022-05-06
U000133,MOV110026,1.0,2024-10-13
U000001,MOV106316,4.0,2020-12-02
U001590,MOV107209,4.0,2025-11-30
U000835,MOV100006,2.0,2018-07-12
U000182,MOV119272,4.0,2019-07-01
U000073,MOV101108,3.0,2015-10-24
U000004,MOV111445,2.0,2024-09-06
U000540,MOV100006,3.0,2017-07-05
U000832,MOV113048,5.0,2021-10-31
U000674,MOV118556,3.0,2018-12-08
U000293,MOV109221,5.0,2023-06-30
U000090,MOV114626,4.0,2025-06-23
U000004,MOV109280,5.0,2019-01-03
U000016,MOV103047,4.0,2022-05-21
U000017,MOV109221,2.0,2025-01-01
U000039,MOV110026,2.0,2025-04-11
U000010,MOV115551,3.0,2022-01-15
U000545,MOV118828,5.0,2023-01-04
U002129,MOV119635,4.0,2023-08-06
U000240,MOV113048,4.0,2015-12-20
U000010,MOV109748,4.0,2025-05-07
U000006,MOV118792,4.0,2018-09-27
U000076,MOV100006,1.0,2025-11-17
U000795,MOV103154,4.0,2023-07-15
U000095,MOV109089,3.0,2025-09-24
U000076,MOV110828,4.0,2025-03-04
U000011,MOV101552,5.0,2023-10-20
U000662,MOV117251,4.0,2018-08-08
U003695,MOV100006,3.0,2025-01-24
U000084,MOV101202,3.0,2019-09-03
U000026,MOV119564,5.0,2024-10-07
U000001,MOV108500,4.0,2018-09-24
U000065,MOV105962,3.0,2021-04-15
U000606,MOV117851,4.0,2019-11-15
U000012,MOV114090,3.0,2021-09-21
U000008,MOV114360,4.0,2025-09-27
U004074,MOV105990,2.0,2025-06-20
U000001,MOV106080,5.0,2025-02-03
U002208,MOV111472,4.0,2022-10-15
U000002,MOV103643,5.0,2017-09-14
U000209,MOV100713,5.0,2025-01-18
U000002,MOV101364,2.0,2018-11-11
U000015,MOV101398,5.0,2023-04-18
U000001,MOV106021,2.0,2025-10-01
U001979,MOV105341,3.0,2024-11-25
U000056,MOV109874,3.0,2023-11-19
U000155,MOV118120,5.0,2019-05-02
U000012,MOV110828,3.0,2025-05-18
U000331,MOV110026,3.0,2023-02-27
U000025,MOV111029,4.0,2025-03-18
U000001,MOV118681,1.0,2021-04-21
U000319,MOV107794,5.0,
U000090,MOV110828,1.0,2023-10-03
U000104,MOV119635,5.0,2025-10-08
U000083,MOV113048,2.0,2016-10-18
U000251,MOV114663,4.0,2019-05-11
U001776,MOV119635,2.0,2019-06-18
U000010,MOV110026,3.0,2016-01-22
U000014,MOV108391,3.0,2024-06-15
U000001,MOV118545,4.0,2022-07-10
U000198,MOV119428,2.0,2020-11-19
U000002,MOV114961,5.0,2023-06-23
U000010,MOV113551,3.0,2025-09-16
U000020,MOV112274,4.0,2024-06-12
U000104,MOV100006,2.0,2019-09-21
U000987,MOV104697,4.0,2023-08-04
U000004,MOV113766,4.0,2025-10-04
U000002,MOV105077,4.0,2015-11-27
U000093,MOV119186,3.0,2019-09-22
U001303,MOV110828,3.0,2024-02-07
U000189,MOV118753,4.0,2023-01-18
U000114,MOV117952,5.0,2021-05-20
U000042,MOV114909,1.0,2020-01-21
U001599,MOV113048,4.0,2025-10-03
U000024,MOV114993,4.0,2025-09-18
U000172,MOV118427,4.0,2019-07-09
U000002,MOV104456,3.0,2022-01-09
U001621,MOV102243,5.0,2018-08-15
U000007,MOV105904,4.0,2020-09-05
U000088,MOV106502,4.0,2024-11-05
U000072,MOV116181,1.0,2020-11-17
U000165,MOV103087,5.0,2021-07-08
U000004,MOV118492,5.0,2022-12-16
U000001,MOV104826,1.0,2021-02-23
U000218,MOV100006,5.0,2023-04-02
U000108,MOV103610,3.0,2017-07-31
U000676,MOV119204,3.0,2022-06-28
U000012,MOV100557,4.0,2023-11-20
U000002,MOV114871,5.0,2025-05-11
U000004,MOV118797,3.0,2025-08-05
U000002,MOV112168,1.0,2022-03-18
U000002,MOV102118,2.0,2023-08-09
U000002,MOV101681,4.0,2018-05-08
U000048,MOV112072,4.0,2024-09-19
U003801,MOV100006,2.0,2019-10-11
U003570,MOV100786,4.0,2022-09-03
U000004,MOV107585,4.0,2019-07-30
U000002,MOV101742,4.0,2025-03-19
U000001,MOV105643,4.0,2025-02-23
U000994,MOV108927,4.0,2024-05-11
U000002,MOV116419,4.0,2020-04-18
U000003,MOV113248,4.0,2025-09-28
U001101,MOV100006,1.0,2022-06-07
U000014,MOV101047,2.0,2024-02-26
U000008,MOV100350,5.0,2015-10-14
U000338,MOV107323,3.0,2019-08-23
U000747,MOV114784,4.0,2020-01-14
U000002,MOV100224,3.0,2015-03-09
U000226,MOV100006,3.0,2023-02-10
U000001,MOV108026,4.0,2024-04-30
U000502,MOV118326,3.0,2023-08-28
U000720,MOV110790,4.0,2018-03-30
U000012,MOV119272,2.0,2020-09-30
U000179,MOV103511,4.0,2023-03-21
U000009,MOV115268,5.0,2023-01-28
U003803,MOV118374,3.0,2023-06-30
U000001,MOV116131,4.0,2025-04-12
U000010,MOV109646,4.0,2025-02-14
U000020,MOV118492,5.0,2021-11-11
U000056,MOV103605,3.0,2017-12-28
U000030,MOV108288,3.0,2017-08-24
U000018,MOV113448,4.0,2025-10-30
U000012,MOV114601,5.0,2025-11-19
U000001,MOV100880,4.0,2018-10-01
U000001,MOV107248,2.0,2018-05-04
U000002,MOV116707,3.0,2025-01-16
U000166,MOV110467,2.0,2020-07-11
U000002,MOV111774,3.0,2020-10-31
U000176,MOV105990,4.0,2022-01-27
U001239,MOV101108,4.0,2024-11-11
U000040,MOV103759,4.0,2025-05-29
U000035,MOV114344,4.0,2021-03-10
U000002,MOV100210,4.0,2025-11-09
U000010,MOV102673,5.0,2018-08-04
U000002,MOV102939,4.0,2024-06-17
U000111,MOV109221,4.0,2023-07-10
U000111,MOV111292,2.0,2022-06-15
U000006,MOV107622,4.0,2023-08-22
U000007,MOV107913,3.0,2025-12-10
U000016,MOV106689,5.0,
U002292,MOV119808,1.0,2020-05-04
U000153,MOV117351,4.0,2023-04-14
U000312,MOV102141,4.0,2021-11-25
U000004,MOV116323,1.0,2017-11-02
U001227,MOV101202,4.0,2019-01-14
U000018,MOV109913,4.0,2017-07-19
U001035,MOV102391,5.0,2022-12-02
U002310,MOV111029,5.0,2024-10-18
U000372,MOV110388,4.0,2018-01-20
U000657,MOV104247,3.0,2023-01-02
U000596,MOV115537,5.0,2024-04-27
U000001,MOV110736,4.0,2017-09-08
U000001,MOV111137,5.0,2023-11-02
U000374,MOV118800,5.0,2021-04-10
U000094,MOV119195,5.0,2024-06-04
U000001,MOV112462,4.0,2022-11-17
U003643,MOV107961,2.0,2020-03-15
U000002,MOV106701,5.0,2021-09-24
U000011,MOV101108,4.0,2019-11-23
U000009,MOV116741,1.0,2016-12-27
U000010,MOV111725,4.0,2025-08-01
U000136,MOV101108,3.0,2017-06-16
U000001,MOV111124,3.0,2020-01-22
U000042,MOV119107,4.0,2020-01-30
U000001,MOV112800,4.0,2017-04-12
U002319,MOV106037,1.0,2023-11-07
U000001,MOV118541,4.0,2023-06-01
U000455,MOV105939,2.0,2024-11-03
U000136,MOV106333,5.0,2023-09-12
U000004,MOV119547,4.0,2018-03-31
U000107,MOV109221,5.0,2018-06-20
U000007,MOV102011,2.0,2018-03-04
U001489,MOV105990,3.0,2020-06-15
U000210,MOV119635,3.0,2024-05-03
U000002,MOV110503,5.0,2025-02-03
U000800,MOV118035,4.0,2021-03-22
U000011,MOV108434,5.0,2019-03-17
U000056,MOV104074,1.0,2024-07-22
U000148,MOV100006,4.0,2023-03-31
U000011,MOV114993,3.0,2025-03-15
U000001,MOV107503,4.0,2021-01-30
U000734,MOV119635,5.0,2025-04-28
U001932,MOV111876,4.0,2018-12-20
U000011,MOV117251,3.0,2017-09-04
U000015,MOV115463,5.0,2025-08-17
U000005,MOV114988,5.0,2016-07-15
U000001,MOV116784,4.0,2022-11-01
U000028,MOV118291,3.0,2024-07-22
U000002,MOV118335,5.0,2025-12-14
U001821,MOV102376,4.0,2023-07-25
U000003,MOV107827,3.0,2017-07-12
U001463,MOV105896,4.0,2025-05-25
U000028,MOV114784,4.0,2022-05-26
U000111,MOV100006,1.0,2018-07-18
U000244,MOV114626,5.0,2022-08-11
U000052,MOV119635,5.0,2018-12-28
U000001,MOV116331,5.0,2022-06-14
U000001,MOV106544,4.0,2020-07-17
U000002,MOV110769,5.0,2022-08-27
U000001,MOV106330,2.0,2024-08-29
U000809,MOV119272,5.0,2024-06-29
U000001,MOV103985,4.0,2022-10-23
U000065,MOV119635,3.0,2018-06-20
U000008,MOV106689,5.0,2021-06-16
U000046,MOV105990,3.0,2022-04-27
U000004,MOV100050,4.0,2025-11-09
U000251,MOV100942,4.0,2025-05-13
U000178,MOV112896,4.0,2018-05-12
U002898,MOV100006,4.0,2025-06-05
U001113,MOV116710,4.0,2023-03-30
U000013,MOV103605,4.0,2024-07-13
U000071,MOV100006,4.0,2019-01-25
U000015,MOV116787,2.0,2018-05-05
U000057,MOV101396,4.0,2021-07-15
U000022,MOV114050,4.0,
U000098,MOV116460,3.0,2021-02-18
U000019,MOV109221,5.0,2023-10-07
U000023,MOV113615,4.0,2022-05-02
U000205,MOV105433,4.0,2015-04-26
U003720,MOV112632,5.0,2021-03-19
U000003,MOV101438,4.0,2018-09-11
U000008,MOV108424,4.0,2020-04-20
U003140,MOV110475,2.0,2023-08-10
U000054,MOV112806,3.0,2025-09-05
U000328,MOV112660,4.0,2025-08-06
U000155,MOV100006,5.0,2020-11-29
U000037,MOV118120,3.0,2025-10-17
U000022,MOV111727,5.0,2019-05-30
U001642,MOV118556,4.0,2019-04-24
U000114,MOV119272,5.0,2025-07-18
U000035,MOV100016,4.0,2015-04-02
U000017,MOV116353,4.0,2020-06-24
U000007,MOV105536,5.0,2025-06-02
U000004,MOV112991,4.0,2025-06-05
U000176,MOV113048,3.0,2025-07-21
U002521,MOV112114,5.0,2020-10-20
U000002,MOV109223,4.0,2025-03-29
U000001,MOV108912,5.0,2019-06-16
U000027,MOV112692,3.0,2025-10-24
U000218,MOV105693,3.0,2018-11-25
U002294,MOV109321,4.0,2017-03-31
U000625,MOV104798,4.0,2018-10-29
U000001,MOV106471,3.0,2020-09-01
U000003,MOV110514,5.0,2021-04-29
U000454,MOV106377,3.0,2023-08-10
U000014,MOV116813,4.0,2024-04-28
U000004,MOV109807,4.0,2025-10-01
U000003,MOV119592,4.0,2020-08-02
U000964,MOV101787,5.0,2025-03-15
U000207,MOV103334,4.0,2023-10-20
U000006,MOV105267,4.0,2020-01-12
U002214,MOV119272,3.0,2024-07-04
U002910,MOV114257,2.0,2021-11-21
U002600,MOV100910,4.0,2022-09-13
U000024,MOV103605,3.0,2017-06-14
U000014,MOV105644,4.0,2022-03-05
U000005,MOV114644,4.0,2016-10-23
U000050,MOV111786,4.0,2021-02-10
U000122,MOV107452,4.0,2024-10-03
U000040,MOV105896,5.0,2022-01-24
U000008,MOV104737,2.0,2020-08-21
U002462,MOV114967,1.0,2025-02-22
U000004,MOV117162,1.0,2021-10-28
U000094,MOV105868,5.0,2025-07-02
U000018,MOV103125,5.0,2017-02-28
U000055,MOV117698,4.0,2025-02-01
U000029,MOV119272,3.0,2016-03-20
U000032,MOV114710,1.0,2023-12-09
U000001,MOV108777,5.0,2020-05-26
U000095,MOV104768,5.0,2025-04-20
U000008,MOV113015,3.0,2021-05-16
U000012,MOV110809,2.0,2020-04-20
U000288,MOV113876,3.0,2023-04-06
U001147,MOV114896,4.0,2023-09-09
U000071,MOV110828,4.0,2025-02-26
U000813,MOV112065,1.0,2015-03-14
U000473,MOV105222,4.0,2019-08-18
U000008,MOV117066,5.0,2018-03-27
U000130,MOV105990,4.0,2025-04-01
U000075,MOV119272,3.0,2025-06-05
U000098,MOV106546,5.0,2025-10-02
U000052,MOV111333,2.0,2015-02-24
U004483,MOV115070,4.0,2024-01-08
U000008,MOV100542,2.0,2021-05-03
U000030,MOV101908,3.0,2022-09-22
U000019,MOV100615,4.0,2025-07-26
U000029,MOV114993,5.0,2023-11-04
U001850,MOV114784,4.0,2021-02-20
U000004,MOV119540,3.0,2025-07-01
U000001,MOV115312,4.0,2022-04-21
U000002,MOV110144,3.0,2019-02-21
U000071,MOV113615,2.0,2025-10-08
U000015,MOV103492,3.0,
U000005,MOV101045,4.0,2021-01-02
U000001,MOV118500,5.0,2022-02-05
U000741,MOV103605,1.0,2024-08-07
U000270,MOV119635,2.0,2025-10-15
U000113,MOV105990,5.0,2022-05-30
U000008,MOV106896,1.0,2024-07-25
U000007,MOV103091,5.0,2021-03-21
U000048,MOV109340,4.0,2020-12-21
U001643,MOV109877,4.0,2019-11-06
U000069,MOV111831,3.0,2023-02-18
U000001,MOV119000,4.0,2017-06-27
U000001,MOV108882,4.0,2023-10-23
U000003,MOV102834,2.0,2022-08-18
U000004,MOV115053,5.0,2024-12-13
U000022,MOV100199,3.0,2020-10-30
U000006,MOV103147,2.0,2025-07-20
U000066,MOV110262,3.0,2018-09-22
U000013,MOV100931,5.0,2015-11-11
U000010,MOV105460,5.0,2024-12-17
U001306,MOV100006,2.0,2021-09-07
U000448,MOV100006,3.0,2017-09-02
U000001,MOV112876,5.0,2024-12-20
U000154,MOV119635,4.0,2021-02-24
U000128,MOV108973,3.0,2023-07-11
U000638,MOV119635,4.0,2022-12-19
U000264,MOV111271,5.0,2025-03-22
U000043,MOV117770,5.0,2022-11-03
U000001,MOV103727,5.0,2024-01-17
U000074,MOV110771,3.0,2021-09-20
U000024,MOV106370,4.0,2022-11-20
U000001,MOV104567,5.0,2017-10-07
U000586,MOV119186,5.0,2024-06-07
U000020,MOV113132,5.0,2022-10-10
U000395,MOV106689,3.0,2023-10-20
U000259,MOV101108,2.0,2023-03-23
U003117,MOV118828,5.0,2022-02-25
U000215,MOV101539,3.0,2024-06-25
U000001,MOV100931,3.0,2018-09-26
U000010,MOV103610,1.0,2020-02-09
U003919,MOV119204,5.0,2021-02-28
U000003,MOV116009,4.0,2020-06-18
U000017,MOV116861,4.0,2024-12-10
U000034,MOV110992,5.0,2025-07-26
U000006,MOV102388,5.0,2024-07-13
U000039,MOV117447,3.0,2025-09-27
U000023,MOV107795,4.0,2022-08-30
U000559,MOV119635,4.0,2020-05-29
U000676,MOV119295,3.0,2022-08-01
U000044,MOV114405,3.0,2017-10-18
U000002,MOV116681,1.0,2023-03-23
U000054,MOV101108,2.0,2025-09-23
U000011,MOV117746,3.0,2024-07-03
U000039,MOV101462,4.0,2018-07-31
U000009,MOV100165,3.0,2025-03-15
U000172,MOV101108,4.0,2025-12-16
U000005,MOV115774,5.0,2025-09-19
U002136,MOV119635,4.0,2025-09-24
U000109,MOV106834,5.0,2025-03-11
U000179,MOV101202,4.0,2021-06-01
U000003,MOV102202,4.0,2016-05-19
U000144,MOV118556,5.0,2024-05-26
U000001,MOV100841,3.0,2017-12-04
U000007,MOV106037,5.0,2020-09-27
U000004,MOV114931,5.0,2025-06-19
U000016,MOV104768,5.0,2025-06-26
U000009,MOV111271,3.0,2021-03-02
U000001,MOV107913,3.0,2021-03-05
U000002,MOV106532,5.0,2025-05-07
U000186,MOV119513,3.0,2018-04-22
U000197,MOV107180,4.0,2019-08-09
U000977,MOV114626,5.0,2022-11-22
U000003,MOV106874,4.0,2018-10-20
U000411,MOV104270,3.0,2023-05-27
U000059,MOV100342,4.0,2025-05-12
U000862,MOV106080,1.0,2021-07-01
U000013,MOV117728,4.0,2020-11-05
U000395,MOV100006,3.0,
U000111,MOV115152,1.0,2017-12-04
U000035,MOV114626,4.0,2019-03-04
U000001,MOV118073,4.0,2019-04-07
U000066,MOV100006,4.0,2023-10-09
U002052,MOV102554,3.0,2019-11-20
U000035,MOV109977,4.0,2021-04-13
U000003,MOV111782,3.0,2024-11-29
U000049,MOV110790,5.0,2023-03-25
U000001,MOV109633,5.0,2020-12-19
U000378,MOV114993,4.0,2021-08-27
U000120,MOV119635,3.0,2019-12-28
U000165,MOV100006,5.0,2025-04-27
U000091,MOV112268,3.0,2020-08-17
U000005,MOV115837,3.0,2025-08-08
U000003,MOV110018,2.0,2023-04-16
U000003,MOV111169,5.0,2025-07-26
U000001,MOV115197,5.0,2020-04-23
U000310,MOV109140,3.0,2025-07-13
U000490,MOV106389,4.0,2025-07-18
U000003,MOV114344,4.0,2022-08-10
U000067,MOV119635,1.0,2024-06-03
U000056,MOV117924,3.0,2018-06-26
U000690,MOV105990,4.0,2021-07-03
U000019,MOV116144,4.0,2022-05-20
U000010,MOV100713,4.0,2022-12-06
U000006,MOV107942,3.0,2018-07-09
U000012,MOV104768,3.0,2021-11-08
U000239,MOV107098,3.0,2025-11-26
U000005,MOV119672,3.0,2020-09-17
U002137,MOV110026,3.0,2018-05-18
U000233,MOV114090,4.0,2025-02-26
U000158,MOV119635,2.0,2022-10-25
U000007,MOV115268,3.0,2023-08-06
U000147,MOV103532,4.0,2025-10-17
U000069,MOV102274,4.0,2018-10-10
U000500,MOV105990,5.0,2022-06-13
U000770,MOV119635,5.0,2022-07-29
U000010,MOV115383,3.0,2017-02-28
U002619,MOV116741,3.0,2017-01-13
U000147,MOV100831,4.0,2019-08-10
U000001,MOV119552,4.0,2023-04-14
U000008,MOV105022,4.0,2025-02-04
U002106,MOV119635,2.0,2015-10-18
U000056,MOV102959,3.0,2017-04-06
U000017,MOV116470,4.0,2022-02-20
U000001,MOV105347,4.0,2018-09-26
U000005,MOV109166,5.0,2018-05-06
U000005,MOV100831,3.0,2016-02-03
U000432,MOV107168,4.0,2023-10-01
U004122,MOV100557,5.0,2015-03-07
U000026,MOV116710,5.0,2025-10-21
U000174,MOV105990,4.0,2019-09-04
U000071,MOV117866,5.0,2024-11-08
U000009,MOV118435,3.0,2019-12-19
U000023,MOV118474,4.0,2019-08-14
U000002,MOV106380,1.0,2021-12-28
U000041,MOV115071,4.0,2015-08-08
U000075,MOV113766,4.0,2017-08-12
U000623,MOV114710,4.0,2019-04-02
U000014,MOV107209,2.0,2022-06-04
U002170,MOV118380,3.0,2023-02-06
U000484,MOV100006,4.0,2025-09-22
U000350,MOV108259,5.0,2024-05-30
U000028,MOV117349,4.0,2025-12-16
U000070,MOV105764,3.0,2021-02-22
U000342,MOV103759,5.0,2021-12-05
U000017,MOV107326,3.0,2025-07-10
U000023,MOV108508,2.0,2018-01-13
U000028,MOV118492,3.0,2020-09-18
U000030,MOV105847,5.0,2023-03-06
U000001,MOV114906,3.0,2020-09-19
U000001,MOV113141,3.0,2017-06-10
U000421,MOV113195,3.0,2018-01-06
U000037,MOV117251,4.0,2025-05-28
U000060,MOV105764,1.0,2023-02-24
U000095,MOV106063,4.0,2020-10-30
U000004,MOV115253,3.0,2019-06-11
U000130,MOV101409,4.0,2023-12-25
U004331,MOV119272,3.0,2019-05-23
U000001,MOV108475,2.0,2025-12-29
U000004,MOV100754,3.0,2023-06-11
U000004,MOV115010,3.0,2025-04-17
U000458,MOV116580,5.0,2024-06-09
U000001,MOV108755,4.0,2022-01-15
U000002,MOV102798,5.0,2023-12-18
U000062,MOV119272,3.0,2023-08-13
U000052,MOV114360,4.0,2025-10-08
U000171,MOV112708,4.0,2018-06-19
U000053,MOV108836,2.0,2017-12-16
U000022,MOV104752,4.0,2020-09-21
U000006,MOV106037,3.0,2022-09-25
U000359,MOV113615,3.0,2023-05-07
U000057,MOV111159,4.0,2019-10-06
U000011,MOV106154,2.0,2025-09-23
U000119,MOV105990,3.0,2020-07-14
U000373,MOV105538,4.0,2015-02-07
U000001,MOV107967,5.0,2025-11-27
U002779,MOV110388,3.0,2021-03-16
U000004,MOV114291,4.0,2025-05-21
U000233,MOV110026,4.0,2021-09-16
U000049,MOV109648,4.0,2025-01-19
U000339,MOV106063,5.0,2024-10-08
U000546,MOV114626,3.0,2023-10-15
U000350,MOV100006,5.0,2022-09-01
U000094,MOV112500,5.0,2020-09-06
U000025,MOV105783,5.0,2024-09-19
U000205,MOV101643,2.0,2020-05-21
U000141,MOV110828,2.0,2021-10-18
U000001,MOV103587,4.0,2021-09-13
U000001,MOV119822,4.0,2022-03-16
U000010,MOV118375,3.0,2015-07-05
U003051,MOV112036,5.0,2024-04-09
U000004,MOV103160,3.0,2025-05-17
U001100,MOV114993,2.0,2025-05-21
U000001,MOV111407,3.0,2015-01-12
U004293,MOV117837,4.0,2022-01-02
U000183,MOV113768,4.0,2023-12-26
U000775,MOV115268,1.0,2023-03-08
U000031,MOV108342,4.0,2020-06-05
U001754,MOV119635,3.0,2024-03-04
U000053,MOV114896,1.0,2019-09-27
U000003,MOV115420,4.0,2025-08-29
U000017,MOV108774,5.0,2022-11-28
U000027,MOV119272,4.0,2020-01-29
U000003,MOV113026,3.0,2021-01-12
U000002,MOV109602,4.0,2025-10-21
U000005,MOV103450,3.0,2023-02-14
U000029,MOV109536,5.0,2024-02-20
U000081,MOV104697,4.0,2024-11-18
U000017,MOV107014,4.0,2023-02-21
U000002,MOV101688,2.0,2025-07-27
U000017,MOV119781,5.0,2023-11-11
U000010,MOV116564,4.0,2024-04-06
U000002,MOV100771,3.0,2024-04-06
U000003,MOV106966,3.0,2017-08-11
U000003,MOV113475,4.0,2024-10-27
U000002,MOV109270,4.0,2022-07-04
U000395,MOV100557,1.0,2022-11-06
U000395,MOV109970,3.0,2022-04-14
U000001,MOV112909,3.0,2023-07-18
U000001,MOV114155,3.0,2023-02-24
U000009,MOV114797,4.0,2022-02-26
U000002,MOV105476,3.0,2022-12-04
U000002,MOV105422,1.0,2025-06-04
U000002,MOV117447,3.0,2021-10-26
U000243,MOV109536,2.0,2021-11-19
U000001,MOV100614,4.0,2025-01-18
U000017,MOV104683,3.0,2021-05-02
U000001,MOV106378,5.0,2024-03-24
U000002,MOV110868,4.0,2020-10-05
U000005,MOV109825,5.0,2020-10-17
U000533,MOV119660,2.0,2018-06-07
U000979,MOV100557,1.0,2017-05-01
U000008,MOV114993,4.0,2020-01-25
U000016,MOV103233,1.0,2018-08-09
U001444,MOV118556,5.0,2025-10-05
U000244,MOV111885,4.0,2023-04-26
U000055,MOV106504,2.0,2024-09-01
U000003,MOV106245,3.0,2021-06-21
U000001,MOV103723,4.0,2025-11-04
U000002,MOV103664,4.0,2020-03-04
U000056,MOV103610,5.0,2021-01-24
U000253,MOV103097,3.0,2017-11-18
U002791,MOV106689,5.0,2025-05-20
U000055,MOV103605,4.0,2020-05-09
U000027,MOV101539,3.0,2015-03-02
U000227,MOV106380,5.0,2020-11-09
U003864,MOV116710,4.0,2019-02-02
U001397,MOV106850,4.0,2020-03-27
U001408,MOV117581,3.0,2025-09-29
U000005,MOV112876,4.0,2019-02-10
U002160,MOV117421,3.0,2017-10-04
U000044,MOV109166,3.0,2021-10-11
U000008,MOV119006,5.0,2018-11-13
U000429,MOV119204,4.0,2017-11-25
U001322,MOV102735,3.0,2019-01-30
U000005,MOV105581,4.0,2022-09-03
U002874,MOV119204,4.0,2025-08-02
U000001,MOV108082,4.0,2024-05-05
U000002,MOV106825,5.0,2025-12-23
U002255,MOV119635,3.0,2022-05-25
U001094,MOV113615,2.0,2024-09-17
U000154,MOV106689,3.0,2025-06-06
U000001,MOV101859,3.0,2025-05-25
U000007,MOV116710,5.0,2024-06-23
U000001,MOV104334,1.0,2025-04-19
U000120,MOV114626,2.0,2025-12-16
U000048,MOV119672,5.0,2025-02-09
U000001,MOV113717,5.0,2022-07-21
U000004,MOV101912,4.0,2022-10-12
U000057,MOV119548,4.0,2017-01-10
U000036,MOV100557,1.0,2022-07-25
U000001,MOV119630,4.0,2024-12-24
U000058,MOV111782,3.0,2021-12-03
U000002,MOV104685,4.0,2025-12-16
U000002,MOV110307,1.0,2021-05-16
U000014,MOV106063,2.0,2015-08-17
U000003,MOV110724,4.0,2020-07-17
U000925,MOV107687,2.0,2020-10-31
U000008,MOV114520,4.0,2024-04-27
U000013,MOV115747,5.0,2019-12-19
U000114,MOV117851,4.0,2018-06-11
U000022,MOV110418,4.0,2025-04-03
U000021,MOV117251,2.0,2025-10-04
U000002,MOV117397,4.0,2025-01-09
U000028,MOV113766,5.0,2019-05-30
U000171,MOV101202,4.0,2024-08-22
U000001,MOV111598,5.0,2022-10-14
U000250,MOV104697,2.0,2024-12-09
U001854,MOV118261,3.0,2025-10-27
U000011,MOV113223,2.0,2019-12-08
U003193,MOV100006,4.0,2020-04-16
U000014,MOV116131,3.0,2025-03-09
U001627,MOV119635,4.0,2019-10-09
U000015,MOV113418,3.0,2022-01-05
U000250,MOV113147,3.0,
U000002,MOV119186,2.0,2025-10-01
U000712,MOV118556,4.0,2024-01-23
U000008,MOV111507,3.0,2017-03-21
U000484,MOV116536,3.0,2025-08-27
U000004,MOV103605,4.0,2022-12-02
U000001,MOV104954,4.0,2023-07-10
U000346,MOV107980,4.0,2023-09-19
U000087,MOV117665,4.0,2025-06-02
U000076,MOV110325,4.0,2025-10-07
U000017,MOV114022,3.0,2022-02-07
U000007,MOV102303,4.0,2025-09-08
U000007,MOV103147,2.0,2018-06-02
U000220,MOV106874,2.0,2025-01-23
U000363,MOV113633,3.0,2023-10-11
U000003,MOV104979,5.0,2024-10-14
U000605,MOV105990,3.0,2023-04-12
U000012,MOV117251,4.0,2018-03-01
U000161,MOV118089,4.0,2018-04-11
U000366,MOV115841,4.0,2021-02-13
U000005,MOV101027,4.0,2016-12-16
U000004,MOV110475,1.0,2025-03-10
U000003,MOV112876,4.0,2025-09-26
U000134,MOV118182,5.0,2022-08-16
U000135,MOV112232,2.0,2019-07-26
U000005,MOV116580,3.0,2018-05-09
U000766,MOV114626,3.0,2017-05-25
U000006,MOV111686,2.0,2023-05-08
U000027,MOV103334,4.0,2019-12-05
U000015,MOV117254,3.0,2017-11-26
U000003,MOV105495,4.0,2024-01-29
U000058,MOV104768,4.0,2023-02-19
U000003,MOV110220,2.0,2025-12-04
U000029,MOV110828,4.0,2023-10-15
U000263,MOV119635,5.0,2023-08-26
U000080,MOV101756,4.0,2021-12-02
U000002,MOV105486,3.0,2025-10-06
U002164,MOV119272,2.0,2021-09-20
U000029,MOV116169,1.0,2024-03-30
U000214,MOV119635,4.0,2025-09-12
U000017,MOV100557,4.0,2024-04-24
U000018,MOV111671,3.0,2023-12-04
U000313,MOV110475,4.0,2024-05-06
U000003,MOV108508,4.0,2025-10-12
U000004,MOV104054,5.0,2024-09-04
U000002,MOV112903,3.0,2023-09-08
U000001,MOV115097,4.0,2023-08-23
U000017,MOV107753,4.0,2024-10-21
U000078,MOV104975,2.0,2025-03-19
U000096,MOV105990,4.0,2021-06-02
U000017,MOV118294,3.0,
U000325,MOV109107,3.0,2025-11-13
U000619,MOV106025,4.0,2017-05-30
U001374,MOV113223,3.0,
U000200,MOV106590,3.0,2015-11-03
U000005,MOV105263,2.0,2025-08-17
U000029,MOV103601,5.0,2022-02-20
U000003,MOV106380,3.0,2020-06-15
U000494,MOV118556,5.0,2023-05-11
U000010,MOV114784,3.0,2025-09-25
U000739,MOV101539,5.0,2025-11-22
U000702,MOV107369,4.0,2015-07-08
U000015,MOV106476,3.0,2024-10-25
U000008,MOV115409,3.0,2015-01-23
U001020,MOV113766,4.0,2025-10-08
U000428,MOV118474,2.0,2024-03-28
U000003,MOV116170,4.0,2022-12-21
U000341,MOV119272,4.0,2020-09-08
U000010,MOV113197,2.0,2020-01-14
U000173,MOV100006,5.0,2023-10-14
U000033,MOV116956,4.0,2019-10-02
U000781,MOV111531,4.0,2016-06-30
U001377,MOV100006,2.0,2021-07-19
U000400,MOV105422,3.0,2017-11-27
U000019,MOV114993,4.0,2024-01-02
U000079,MOV109221,4.0,2019-11-04
U003781,MOV113766,5.0,2023-05-06
U000051,MOV118159,5.0,2023-08-31
U002942,MOV100941,5.0,2024-02-20
U000134,MOV100006,2.0,2024-04-24
U000172,MOV119018,4.0,2022-08-26
U000070,MOV101108,5.0,2025-12-23
U000001,MOV116309,1.0,2025-07-23
U001030,MOV103605,3.0,
U000108,MOV112561,3.0,2022-07-25
U000003,MOV117066,2.0,2024-01-25
U000152,MOV105990,4.0,2022-05-30
U000152,MOV114993,4.0,2024-02-02
U000206,MOV117948,5.0,2023-09-23
U001359,MOV106940,5.0,2025-07-13
U000005,MOV100557,3.0,2025-10-07
U000048,MOV103125,5.0,2020-08-18
U000051,MOV119635,5.0,2025-09-26
U000040,MOV102950,3.0,2024-06-22
U002473,MOV105990,3.0,2024-07-19
U001754,MOV118237,4.0,2020-12-21
U001263,MOV116699,3.0,2021-01-09
U000026,MOV116400,3.0,2024-05-08
U000032,MOV105990,3.0,2016-03-31
U000003,MOV111339,5.0,2025-01-29
U004472,MOV112012,3.0,2021-04-28
U000034,MOV115479,5.0,2024-04-16
U000031,MOV109602,3.0,2022-05-01
U003009,MOV100751,4.0,2019-04-23
U000119,MOV114896,3.0,2024-05-21
U001231,MOV100006,5.0,2024-11-14
U000017,MOV117948,4.0,2019-08-07
U000010,MOV111434,5.0,2023-08-24
U000144,MOV114896,4.0,2020-05-01
U000020,MOV115070,4.0,2020-02-07
U000005,MOV106154,4.0,2015-08-09
U000015,MOV106874,1.0,2016-09-15
U000057,MOV103863,4.0,2021-02-16
U000002,MOV110585,3.0,2017-07-27
U000001,MOV100751,5.0,2019-02-19
U000005,MOV116181,1.0,2025-11-22
U000070,MOV115409,5.0,2019-04-30
U000003,MOV114433,4.0,2025-06-12
U000899,MOV112277,5.0,2025-04-12
U000028,MOV107682,5.0,2025-08-29
U000002,MOV116181,4.0,2017-02-06
U004319,MOV109166,5.0,2022-08-23
U000008,MOV111786,4.0,2020-05-08
U000210,MOV103527,5.0,2022-07-12
U000042,MOV117066,5.0,2025-08-05
U000005,MOV111096,2.0,2021-08-10
U000001,MOV116481,3.0,2025-05-15
U000041,MOV101108,3.0,2024-10-30
U000002,MOV116470,5.0,2019-07-26
U000030,MOV119635,4.0,2022-02-21
U000190,MOV115192,5.0,2021-02-15
U000014,MOV114570,4.0,2025-02-24
U000082,MOV114626,2.0,2020-04-23
U000017,MOV114511,4.0,2018-06-11
U000786,MOV114961,1.0,2021-06-22
U000061,MOV112114,3.0,2023-08-16
U000004,MOV117447,2.0,2023-05-29
U000087,MOV119204,5.0,2023-07-19
U000016,MOV112232,4.0,2015-08-09
U000004,MOV102303,3.0,2017-06-15
U000005,MOV117167,3.0,2025-10-18
U000003,MOV117793,3.0,2025-07-24
U000087,MOV108377,1.0,2017-07-14
U000035,MOV111443,2.0,2017-04-20
U000001,MOV117919,5.0,2024-08-10
U000233,MOV115689,4.0,2016-08-27
U000001,MOV119745,2.0,2023-03-25
U000031,MOV114360,3.0,2016-07-09
U000069,MOV115219,1.0,2025-09-23
U002490,MOV116538,5.0,2024-10-07
U001196,MOV100006,3.0,2024-10-28
U000004,MOV106104,3.0,2025-05-04
U000013,MOV104752,4.0,2024-05-17
U000003,MOV116203,5.0,2015-07-18
U000015,MOV110790,4.0,2020-12-27
U000465,MOV103307,2.0,2020-08-11
U000005,MOV107934,5.0,2025-07-15
U000003,MOV105764,3.0,2021-03-27
U000392,MOV100373,5.0,2021-05-29
U000004,MOV105994,4.0,2019-07-12
U000170,MOV119272,4.0,2024-01-12
U000001,MOV113117,2.0,2025-09-28
U000162,MOV110497,5.0,2021-07-11
U000002,MOV117251,2.0,2020-08-03
U000020,MOV118035,3.0,2025-09-18
U000015,MOV103125,5.0,2022-01-15
U000071,MOV102769,3.0,2021-02-16
U000254,MOV119635,5.0,2020-05-02
U000232,MOV106165,4.0,2025-07-15
U000024,MOV114975,1.0,2025-06-14
U001427,MOV103605,5.0,2015-11-30
U000295,MOV101108,4.0,2017-09-16
U000141,MOV113048,3.0,2020-01-01
U001103,MOV103125,4.0,2024-10-10
U000001,MOV107526,4.0,2024-12-16
U000022,MOV116155,3.0,2025-01-16
U000014,MOV106691,3.0,2025-10-25
U000003,MOV109883,4.0,2024-10-04
U002051,MOV105990,5.0,2021-07-06
U000088,MOV112833,3.0,2020-11-13
U000004,MOV112147,3.0,2025-04-29
U000072,MOV114821,5.0,2022-04-03
U000148,MOV111434,5.0,2021-11-26
U000002,MOV102038,1.0,2023-07-15
U000715,MOV119635,4.0,2024-06-30
U000095,MOV116203,5.0,2024-05-08
U000068,MOV109738,5.0,2022-05-24
U000204,MOV118556,3.0,2025-03-29
U000003,MOV103999,3.0,2025-09-14
U003126,MOV100713,5.0,2025-03-18
U000044,MOV116710,4.0,2022-10-01
U000003,MOV116336,4.0,2025-07-12
U000319,MOV116131,3.0,2021-12-05
U000076,MOV103847,3.0,2022-03-26
U000001,MOV113005,3.0,2020-06-10
U000001,MOV118383,4.0,2023-11-13
U000622,MOV100006,4.0,2021-02-23
U000225,MOV100006,4.0,2023-11-14
U000450,MOV118828,2.0,2016-01-15
U003110,MOV105896,4.0,2024-06-28
U000064,MOV105644,2.0,2023-06-22
U000240,MOV117919,5.0,2023-04-06
U000001,MOV116154,4.0,2020-01-25
U000149,MOV105402,3.0,2024-09-17
U000004,MOV114710,2.0,2021-11-24
U000013,MOV115500,4.0,2023-03-31
U000980,MOV110822,2.0,2023-09-23
U000009,MOV105896,5.0,2024-01-28
U002841,MOV100006,4.0,2025-09-20
U000001,MOV106924,3.0,2022-11-17
U000199,MOV100129,2.0,2021-12-13
U000006,MOV106156,5.0,2025-09-04
U000826,MOV119635,4.0,2024-05-26
U000017,MOV109166,4.0,2023-05-03
U001080,MOV100006,4.0,2022-05-26
U000051,MOV117316,5.0,2024-03-04
U000047,MOV100463,4.0,2022-11-25
U000052,MOV114993,4.0,2017-07-02
U000017,MOV100354,2.0,2021-08-21
U000005,MOV100027,3.0,2022-10-06
U000078,MOV103841,3.0,2020-06-28
U000001,MOV101161,3.0,2021-04-02
U000330,MOV109837,3.0,2023-04-23
U001600,MOV112903,4.0,2017-08-28
U000027,MOV118075,4.0,2023-10-31
U000093,MOV101871,4.0,2020-08-06
U000002,MOV101828,4.0,2025-10-30
U001539,MOV109524,1.0,2023-06-21
U000062,MOV109166,2.0,2025-07-20
U000089,MOV100831,3.0,2024-02-18
U000001,MOV113483,5.0,
U001447,MOV110026,4.0,2023-08-01
U000003,MOV100783,4.0,2017-09-08
U000054,MOV111029,4.0,2024-06-01
U000087,MOV109869,3.0,2017-04-20
U000003,MOV115312,4.0,2022-08-21
U000001,MOV116358,3.0,2022-03-19
U000961,MOV105990,4.0,2024-08-27
U000133,MOV103262,1.0,2021-10-16
U000025,MOV101108,4.0,2025-01-29
U002089,MOV119635,3.0,
U000002,MOV110982,4.0,2025-04-04
U000008,MOV113766,2.0,2025-05-24
U001161,MOV101108,3.0,2020-02-18
U000008,MOV114670,2.0,2024-09-04
U000001,MOV109903,3.0,2024-05-13
U000194,MOV107227,1.0,2025-06-07
U000005,MOV111669,4.0,2015-04-12
U000013,MOV101539,3.0,2024-02-21
U000004,MOV106080,5.0,2024-05-03
U000017,MOV102302,4.0,2016-06-25
U000098,MOV116429,4.0,2022-06-27
U000140,MOV100006,4.0,2022-07-06
U000826,MOV118753,4.0,2025-05-08
U000004,MOV100978,4.0,2015-11-24
U000071,MOV112232,1.0,2025-03-09
U000038,MOV119272,4.0,2020-02-06
U000010,MOV106699,5.0,2017-09-28
U002849,MOV114626,4.0,2019-02-08
U000004,MOV105644,3.0,2023-02-15
U000002,MOV118974,4.0,2025-04-27
U000130,MOV107979,3.0,2020-11-12
U000009,MOV104238,5.0,2025-11-04
U000579,MOV101202,5.0,2022-11-07
U000010,MOV100448,4.0,2015-10-09
U000004,MOV107912,4.0,2024-04-07
U000691,MOV114800,5.0,2022-03-05
U000046,MOV118492,3.0,2025-06-27
U000001,MOV116664,5.0,2018-09-14
U000722,MOV105990,4.0,2025-12-11
U000185,MOV100006,4.0,2025-11-22
U001084,MOV102540,3.0,2023-09-05
U000023,MOV104768,4.0,2020-11-08
U002564,MOV113633,5.0,2025-11-02
U001551,MOV100006,4.0,2023-01-24
U000004,MOV107348,4.0,2019-12-25
U000034,MOV111087,5.0,2024-08-11
U000112,MOV114945,2.0,2019-10-11
U002551,MOV104768,5.0,2020-07-26
U000211,MOV111808,4.0,2021-06-07
U000040,MOV105340,4.0,2017-10-17
U002936,MOV109140,5.0,2023-06-19
U000004,MOV100942,5.0,2019-09-19
U000036,MOV113048,3.0,2025-08-17
U003983,MOV119635,4.0,2022-11-15
U000368,MOV110262,5.0,2022-06-06
U000148,MOV103983,4.0,2020-06-22
U000002,MOV112954,2.0,2025-01-05
U000197,MOV102047,5.0,2022-05-24
U000006,MOV116956,5.0,2022-07-06
U000037,MOV101108,5.0,2025-11-10
U000027,MOV100491,4.0,2025-12-04
U000109,MOV116203,2.0,2015-08-31
U000002,MOV118988,3.0,2021-02-16
U000002,MOV109869,3.0,2024-07-01
U001171,MOV111179,4.0,2024-07-23
U001920,MOV105990,4.0,2019-08-28
U000010,MOV105731,4.0,2024-05-31
U000051,MOV117851,5.0,2019-12-29
U000050,MOV106279,4.0,2018-03-04
U000005,MOV116056,4.0,2025-06-02
U000040,MOV109221,3.0,2017-11-10
U000029,MOV104768,3.0,2024-11-12
U000396,MOV119635,4.0,2025-05-02
U000007,MOV119184,3.0,2023-09-03
U001038,MOV114626,4.0,2024-10-29
U003035,MOV117251,4.0,2022-03-05
U000052,MOV104514,5.0,2025-07-30
U001395,MOV119635,3.0,2019-03-18
U000004,MOV118510,5.0,2025-06-11
U000003,MOV107813,2.0,2025-02-21
U000016,MOV100031,4.0,2025-05-08
U000258,MOV105361,2.0,2019-11-03
U000173,MOV119186,3.0,2024-05-11
U000007,MOV110995,4.0,2024-02-10
U000035,MOV117406,5.0,2025-04-30
U000003,MOV111012,5.0,2020-09-03
U000008,MOV116792,2.0,2016-05-12
U000044,MOV114626,3.0,2020-01-10
U000005,MOV115268,4.0,2018-05-28
U000005,MOV106333,3.0,2019-06-17
U000118,MOV115754,3.0,2019-09-15
U001240,MOV101108,1.0,2024-07-01
U000004,MOV114218,4.0,2023-10-21
U000022,MOV119754,4.0,2023-11-25
U000071,MOV110467,5.0,2022-12-24
U000062,MOV103444,2.0,2025-07-23
U003262,MOV100006,5.0,2018-04-15
U000103,MOV119635,3.0,2021-11-16
U000013,MOV104870,3.0,2020-11-27
U000692,MOV100006,5.0,2024-08-09
U000001,MOV114465,5.0,2023-09-16
U000114,MOV103806,4.0,2021-03-09
U003089,MOV118393,5.0,2023-08-06
U000006,MOV116536,4.0,2023-10-29
U000008,MOV117669,3.0,2024-10-25
U000011,MOV112733,4.0,2018-09-26
U001663,MOV118374,4.0,2021-05-31
U000046,MOV111431,3.0,2017-12-28
U000200,MOV112493,5.0,2021-11-15
U000019,MOV119047,2.0,2019-11-06
U000008,MOV110828,5.0,2020-08-22
U000002,MOV118474,5.0,2019-10-11
U000001,MOV111692,4.0,2024-07-19
U000024,MOV110026,3.0,2023-07-27
U000034,MOV114626,4.0,2020-06-17
U000009,MOV116181,5.0,2024-04-21
U000201,MOV110026,4.0,2020-06-07
U000085,MOV104768,2.0,2023-07-04
U000029,MOV116787,3.0,2023-08-08
U000001,MOV105364,4.0,2020-10-05
U000030,MOV115268,3.0,2025-12-17
U000728,MOV109221,3.0,2021-01-20
U001233,MOV111159,4.0,2015-11-09
U000080,MOV116001,4.0,2024-04-19
U000283,MOV113757,2.0,2025-01-09
U000402,MOV100006,5.0,2025-01-18
U000014,MOV111632,1.0,2021-01-10
U000003,MOV106701,5.0,2024-10-07
U002469,MOV116992,3.0,2022-09-18
U000012,MOV107961,5.0,2025-09-12
U000303,MOV109326,4.0,2015-08-19
U000005,MOV107168,3.0,2025-09-01
U000003,MOV103323,4.0,2021-02-15
U000024,MOV103334,3.0,2018-06-08
U000487,MOV119635,2.0,2021-09-19
U000037,MOV111103,2.0,2025-07-12
U000001,MOV118397,2.0,2025-10-07
U000964,MOV110467,5.0,2020-04-16
U003917,MOV119635,3.0,2020-07-02
U000008,MOV109524,4.0,2020-01-12
U000001,MOV109040,5.0,2025-02-09
U000008,MOV118988,4.0,2025-05-27
U000734,MOV111226,5.0,2025-09-28
U000016,MOV112672,5.0,2021-10-24
U000001,MOV108053,3.0,2015-04-26
U000242,MOV114391,3.0,2024-05-15
U000082,MOV114896,4.0,2016-09-19
U000323,MOV107864,1.0,2019-10-06
U000006,MOV102058,4.0,2025-01-09
U000666,MOV101803,3.0,2020-01-24
U000001,MOV115501,4.0,2025-04-25
U000434,MOV110790,5.0,2023-10-25
U000343,MOV119635,4.0,2024-07-25
U002257,MOV119119,3.0,2020-09-06
U000023,MOV114663,4.0,2025-10-01
U003943,MOV100006,4.0,2025-11-10
U000301,MOV109809,4.0,2017-08-12
U000478,MOV105764,3.0,2025-10-26
U000001,MOV103242,4.0,2025-03-11
U000035,MOV110790,4.0,2022-12-18
U000001,MOV108108,3.0,2019-10-02
U000263,MOV110026,3.0,2019-02-16
U000168,MOV107531,4.0,2019-02-09
U000545,MOV100006,5.0,2017-11-08
U000409,MOV107224,4.0,2018-03-25
U000702,MOV111075,3.0,2022-07-24
U001078,MOV107276,5.0,2024-08-23
U000001,MOV101440,5.0,2015-07-30
U000445,MOV100557,4.0,2025-02-25
U000041,MOV100006,4.0,2024-04-27
U000005,MOV106909,3.0,2025-10-31
U000017,MOV101396,4.0,2017-05-08
U000011,MOV102508,4.0,2018-01-16
U000105,MOV100006,4.0,2015-03-04
U000006,MOV104247,2.0,2020-07-22
U000057,MOV109602,5.0,2022-04-07
U000001,MOV111472,3.0,2021-05-09
U001558,MOV118556,2.0,2023-01-09
U001323,MOV115580,1.0,2025-05-12
U002599,MOV100006,5.0,2017-06-27
U000002,MOV105536,4.0,2025-04-02
U000006,MOV103252,4.0,2023-12-05
U000046,MOV109919,3.0,2024-05-30
U000006,MOV107327,1.0,2025-05-14
U000758,MOV114805,1.0,2020-07-06
U000002,MOV110294,4.0,2025-10-29
U000001,MOV117511,4.0,2021-03-09
U000026,MOV119371,4.0,2024-03-09
U000928,MOV117251,4.0,2016-03-14
U000315,MOV110144,3.0,2023-01-28
U003190,MOV100006,5.0,2021-07-25
U000287,MOV119673,3.0,2023-11-28
U000016,MOV101108,5.0,2022-01-16
U000336,MOV105990,3.0,2023-05-13
U000842,MOV110869,3.0,2025-02-24
U000009,MOV115409,5.0,2023-05-29
U000512,MOV100006,3.0,2019-09-28
U000003,MOV110015,5.0,2017-10-16
U000479,MOV101027,4.0,2021-10-05
U002303,MOV100006,1.0,2020-10-24
U000069,MOV110475,5.0,2017-12-18
U002759,MOV100006,5.0,2025-09-01
U000035,MOV118828,5.0,2023-04-26
U000014,MOV116073,5.0,2022-11-02
U000024,MOV119339,4.0,2024-04-03
U000005,MOV108414,5.0,2019-04-20
U000090,MOV107836,1.0,2020-05-22
U000946,MOV102529,3.0,2021-12-20
U000002,MOV103182,5.0,2017-08-18
U000806,MOV100557,1.0,2023-10-29
U000012,MOV117924,4.0,2021-08-24
U000965,MOV100006,4.0,2025-09-15
U000169,MOV104436,3.0,2025-08-05
U000760,MOV103125,5.0,2023-11-03
U000426,MOV119433,2.0,2023-03-20
U000010,MOV118036,5.0,2025-10-16
U000066,MOV101326,2.0,2023-11-04
U000762,MOV104100,5.0,2025-10-11
U000013,MOV114755,4.0,2021-10-26
U000002,MOV119225,3.0,2022-10-28
U000004,MOV115546,5.0,2017-03-09
U000873,MOV104629,4.0,2016-03-19
U000002,MOV108660,1.0,2023-02-18
U001593,MOV119635,4.0,2025-02-25
U000013,MOV105990,4.0,2023-08-11
U000718,MOV116219,3.0,2022-05-02
U000129,MOV108099,3.0,2021-11-12
U000449,MOV116741,3.0,2025-08-04
U000019,MOV117035,1.0,2024-07-14
U000003,MOV116995,5.0,2017-12-17
U000254,MOV101108,3.0,2019-12-15
U000001,MOV104986,4.0,2025-08-13
U000007,MOV114896,4.0,2024-03-22
U000012,MOV105170,3.0,2025-07-31
U000048,MOV115962,2.0,2021-01-17
U000009,MOV105438,4.0,2018-09-07
U000002,MOV119660,2.0,2019-11-09
U000242,MOV104979,1.0,2022-06-30
U000001,MOV105277,2.0,2016-03-07
U000333,MOV100754,4.0,2021-10-31
U000531,MOV102884,3.0,2017-10-13
U000074,MOV100595,4.0,2023-09-05
U000010,MOV101268,5.0,2021-06-19
U000061,MOV117948,5.0,2024-03-03
U002088,MOV111034,3.0,2024-09-11
U002247,MOV119635,5.0,2024-07-08
U000001,MOV116406,3.0,2024-10-28
U002740,MOV118556,5.0,2018-02-24
U000187,MOV105896,4.0,2021-09-24
U000719,MOV117205,4.0,2020-05-10
U000003,MOV106197,4.0,2016-10-17
U002295,MOV118177,4.0,2024-11-20
U000020,MOV119547,5.0,2021-05-02
U000003,MOV114510,5.0,2021-02-15
U001890,MOV114909,4.0,2019-07-20
U000172,MOV100006,2.0,2023-04-21
U000005,MOV113248,2.0,2015-09-03
U000001,MOV111271,3.0,2021-02-28
U000046,MOV119635,4.0,2017-07-09
U000009,MOV119204,4.0,2025-07-02
U000002,MOV114601,5.0,2020-04-24
U000002,MOV113734,5.0,2024-06-14
U000007,MOV100808,5.0,2022-09-16
U000002,MOV112097,3.0,2025-05-08
U000044,MOV105990,3.0,2022-03-22
U000150,MOV105990,5.0,2025-02-06
U000068,MOV105990,3.0,2023-02-17
U000005,MOV110475,5.0,2015-02-21
U000016,MOV108952,5.0,2019-09-28
U000002,MOV100891,4.0,2016-07-18
U000068,MOV105524,5.0,2025-05-28
U001025,MOV105990,2.0,2024-10-16
U000733,MOV117066,4.0,2023-10-12
U000001,MOV111300,4.0,2024-05-25
U000713,MOV119272,2.0,2023-03-13
U000024,MOV113719,3.0,2022-02-17
U000167,MOV100006,4.0,2024-04-21
U000315,MOV108419,3.0,2018-07-18
U000007,MOV110321,4.0,2018-05-07
U000006,MOV103605,2.0,2022-03-08
U000006,MOV100877,5.0,2022-04-04
U000017,MOV109602,3.0,2021-09-29
U000200,MOV112701,3.0,2024-08-22
U000002,MOV116795,2.0,2015-12-16
U000066,MOV113048,4.0,2022-11-20
U000146,MOV100006,4.0,2018-10-06
U000124,MOV115883,3.0,2024-08-24
U004103,MOV100006,5.0,2025-08-11
U003569,MOV101108,5.0,2024-01-02
U000015,MOV106834,4.0,2024-08-04
U000002,MOV109546,3.0,2021-03-03
U000008,MOV105482,3.0,2019-04-11
U000122,MOV114432,1.0,2020-05-06
U000071,MOV103088,4.0,2025-10-03
U000101,MOV108181,4.0,2019-03-29
U000036,MOV114755,4.0,2022-10-12
U000038,MOV114626,3.0,2022-03-02
U001974,MOV106710,3.0,
U000007,MOV112743,3.0,2024-10-29
U000060,MOV114626,1.0,2020-06-21
U002731,MOV102023,3.0,2019-12-27
U000001,MOV112513,3.0,2024-10-09
U000007,MOV117978,4.0,2024-12-26
U000003,MOV119029,1.0,2016-06-02
U000031,MOV119738,5.0,2025-12-06
U000149,MOV100006,4.0,2022-10-13
U000001,MOV108038,5.0,2023-09-26
U000123,MOV100006,3.0,2021-08-16
U000007,MOV108377,4.0,2018-10-02
U003452,MOV119635,3.0,2025-04-23
U000047,MOV101575,4.0,2021-09-22
U000281,MOV118331,4.0,2020-09-13
U000182,MOV116452,4.0,2024-12-02
U000010,MOV116705,3.0,2017-01-24
U000908,MOV119635,3.0,2025-05-21
U001104,MOV110790,4.0,2022-01-04
U000001,MOV105962,1.0,2025-12-20
U003919,MOV100006,3.0,2024-09-26
U000055,MOV115297,3.0,2021-03-19
U000088,MOV107772,4.0,2021-05-03
U000168,MOV117031,4.0,2024-02-09
U001851,MOV100974,4.0,2024-11-22
U000001,MOV118731,4.0,2022-02-23
U000044,MOV100931,4.0,2021-04-04
U002273,MOV102519,2.0,2017-09-02
U000146,MOV119635,4.0,2018-04-28
U000003,MOV117146,4.0,2025-02-13
U000044,MOV110353,5.0,2020-03-25
U000203,MOV100006,3.0,2022-10-27
U000504,MOV100006,2.0,2022-05-21
U000001,MOV106154,4.0,2024-05-28
U002188,MOV108836,1.0,2017-12-10
U001746,MOV114896,4.0,2023-02-24
U000001,MOV109564,5.0,2022-11-21
U000513,MOV100006,3.0,2018-09-21
U000002,MOV100751,4.0,2023-10-08
U000130,MOV110285,1.0,2022-03-18
U002007,MOV119635,3.0,2022-09-03
U000002,MOV116260,4.0,2020-05-12
U000177,MOV101539,4.0,2018-02-09
U000002,MOV118828,4.0,2023-03-07
U000150,MOV113717,4.0,2022-01-24
U001224,MOV100006,2.0,2019-02-25
U001831,MOV102730,4.0,2025-11-29
U000001,MOV101681,4.0,2017-08-10
U000022,MOV109221,4.0,2022-12-15
U000145,MOV106159,3.0,2024-06-03
U000001,MOV116349,4.0,2023-04-24
U000006,MOV110269,5.0,2020-11-11
U003909,MOV101108,5.0,2022-03-23
U000063,MOV109142,3.0,2021-09-23
U000384,MOV119660,2.0,2021-01-20
U003186,MOV103091,4.0,2021-03-12
U003108,MOV108578,5.0,2024-10-22
U000001,MOV116140,2.0,2024-06-08
U000001,MOV112903,4.0,2018-12-10
U000622,MOV118556,3.0,2017-07-30
U000001,MOV102994,4.0,2019-09-01
U000001,MOV103028,4.0,2023-03-06
U000105,MOV100783,3.0,2025-11-19
U000027,MOV100557,4.0,2025-10-21
U000021,MOV110467,2.0,2024-01-17
U001968,MOV118210,5.0,2025-05-03
U000001,MOV108317,5.0,2019-05-20
U000131,MOV114682,3.0,2017-06-10
U000009,MOV101922,1.0,2021-12-21
U000005,MOV111292,2.0,2021-02-03
U000027,MOV104153,4.0,2021-11-20
U000010,MOV101084,4.0,2023-05-28
U000342,MOV116131,3.0,2018-11-24
U000005,MOV115011,3.0,2018-05-08
U000003,MOV102285,4.0,
U000006,MOV105897,1.0,2016-03-12
U000001,MOV105120,4.0,2023-05-16
U000001,MOV106660,1.0,2023-01-13
U002189,MOV106371,4.0,2025-03-07
U000425,MOV100006,4.0,2024-08-09
U000086,MOV100006,2.0,2025-09-08
U000001,MOV106156,5.0,2018-01-25
U001640,MOV116000,4.0,2024-05-20
U000193,MOV105077,4.0,2018-10-08
U000001,MOV105811,3.0,2023-07-24
U000002,MOV113908,3.0,2025-10-30
U000007,MOV111029,3.0,2020-10-16
U000319,MOV113667,3.0,2022-04-18
U000030,MOV113048,4.0,2018-02-12
U000003,MOV105358,3.0,2020-09-28
U000009,MOV100528,4.0,2025-11-01
U000005,MOV109554,4.0,2024-03-10
U000024,MOV105990,4.0,2020-11-15
U000011,MOV103773,3.0,2024-11-19
U000928,MOV104147,3.0,2025-01-17
U000002,MOV111111,4.0,2025-09-18
U001687,MOV119635,4.0,2023-09-09
U000021,MOV105422,2.0,2025-02-23
U000006,MOV111011,3.0,2023-11-11
U000174,MOV114199,3.0,2020-04-22
U000005,MOV109567,3.0,2020-10-21
U000509,MOV106333,4.0,2022-05-10
U000003,MOV109809,3.0,2017-08-18
U002656,MOV100990,3.0,2018-01-06
U000016,MOV111632,5.0,2021-04-30
U000005,MOV115657,4.0,2023-10-12
U000003,MOV102852,4.0,2018-10-24
U000111,MOV105990,4.0,2018-11-13
U000001,MOV119086,4.0,2023-12-17
U000039,MOV100050,3.0,2020-11-20
U000012,MOV113048,4.0,2022-03-30
U000003,MOV110436,4.0,2025-09-08
U000432,MOV117385,5.0,2016-01-08
U003305,MOV100006,5.0,2022-04-14
U001316,MOV106075,4.0,2025-12-12
U000010,MOV103334,4.0,2025-01-22
U000777,MOV106127,2.0,2018-12-26
U000870,MOV100006,5.0,2021-11-30
U002353,MOV108518,4.0,2020-08-28
U001014,MOV104630,4.0,2016-10-25
U001582,MOV114047,4.0,2021-04-07
U000024,MOV111159,4.0,2018-06-08
U001127,MOV111091,2.0,2025-05-08
U000001,MOV103964,5.0,2017-11-26
U000004,MOV101530,5.0,2024-04-03
U000582,MOV113048,4.0,2022-06-24
U000063,MOV110809,2.0,2025-05-17
U000001,MOV109913,3.0,2022-01-09
U000135,MOV105234,5.0,2017-10-24
U000015,MOV106689,3.0,2024-06-25
U000008,MOV106333,2.0,2023-11-07
U000011,MOV116580,4.0,2017-02-15
U000016,MOV117251,4.0,
U002966,MOV100006,2.0,2019-07-18
U000006,MOV117251,4.0,2024-03-16
U000034,MOV110182,5.0,2023-01-13
U000180,MOV119630,4.0,2023-10-23
U000099,MOV100303,5.0,2019-09-14
U004391,MOV113048,2.0,2023-08-09
U000186,MOV100154,3.0,2024-03-01
U000034,MOV117948,5.0,2022-10-18
U000496,MOV108434,4.0,2025-02-03
U000057,MOV113990,3.0,2018-12-26
U000041,MOV112232,4.0,2024-03-14
U000011,MOV105644,4.0,2019-01-20
U000120,MOV101599,5.0,2025-12-03
U000001,MOV108183,4.0,2024-01-13
U000264,MOV109221,3.0,2022-10-09
U000106,MOV109536,3.0,2018-11-04
U004358,MOV118556,5.0,2022-08-31
U000008,MOV102207,5.0,2024-06-08
U000114,MOV100006,4.0,2018-09-20
U004355,MOV115420,2.0,2024-01-01
U000205,MOV119635,5.0,2025-02-15
U000013,MOV118231,5.0,2025-02-28
U000001,MOV101512,2.0,2023-02-12
U000024,MOV112855,2.0,2022-07-05
U000108,MOV103147,4.0,2018-07-15
U000002,MOV118543,3.0,2021-01-27
U000002,MOV118662,5.0,2024-11-10
U000109,MOV103527,4.0,2025-09-26
U000001,MOV101361,3.0,2025-08-15
U000131,MOV100006,3.0,2025-10-02
U003414,MOV118556,3.0,2025-04-22
U000010,MOV118556,4.0,2025-09-25
U000002,MOV100831,3.0,2022-03-26
U000149,MOV116565,2.0,2021-10-21
U000569,MOV101108,4.0,2025-10-12
U000002,MOV104018,4.0,2024-12-07
U000001,MOV111622,3.0,2019-07-19
U000070,MOV109221,4.0,2025-07-27
U000123,MOV105990,4.0,2024-10-09
U000032,MOV113988,5.0,2019-02-06
U000025,MOV113633,5.0,2018-01-21
U000199,MOV101102,3.0,2020-10-25
U000004,MOV110262,4.0,2025-06-11
U001558,MOV103182,3.0,2021-07-04
U000072,MOV108912,2.0,2025-06-08
U000002,MOV109332,3.0,2025-06-16
U000001,MOV111823,4.0,2019-03-21
U000098,MOV101108,4.0,2018-02-25
U000042,MOV100006,3.0,2018-06-04
U000003,MOV107912,5.0,2021-06-21
U000001,MOV118043,5.0,2024-08-07
U000035,MOV109536,5.0,2025-09-19
U000156,MOV100006,1.0,2025-06-08
U000223,MOV113132,3.0,2020-03-23
U002528,MOV118556,3.0,2024-06-16
U003422,MOV109874,5.0,2016-01-06
U000001,MOV104883,4.0,2023-08-15
U000004,MOV114869,5.0,2023-10-26
U000023,MOV113766,3.0,2024-12-12
U000409,MOV113048,1.0,2021-02-20
U000005,MOV102151,4.0,2021-07-19
U000032,MOV100681,4.0,2019-10-19
U000099,MOV117251,3.0,2025-10-23
U000012,MOV105764,4.0,2025-09-03
U000479,MOV108308,5.0,
U000051,MOV106154,3.0,2022-08-30
U001064,MOV105054,3.0,2024-06-09
U000243,MOV115420,5.0,2024-05-05
U000020,MOV100491,5.0,2025-10-09
U001881,MOV106333,4.0,2019-12-05
U000659,MOV105896,3.0,2020-08-14
U001314,MOV107386,4.0,2024-04-17
U000332,MOV100222,3.0,2022-02-15
U002417,MOV118465,2.0,2025-11-03
U000046,MOV114626,1.0,2017-01-20
U000074,MOV114345,4.0,2018-08-10
U000002,MOV103032,4.0,2015-02-10
U000043,MOV104620,3.0,2020-09-29
U000016,MOV101251,5.0,2017-03-24
U000037,MOV110995,5.0,2019-04-22
U000397,MOV111042,1.0,2023-06-24
U000013,MOV101108,3.0,2025-05-20
U000019,MOV114427,5.0,2018-04-02
U000616,MOV119635,4.0,2023-11-02
U000006,MOV108990,4.0,2021-06-07
U000002,MOV113800,3.0,2020-08-06
U000032,MOV109602,3.0,2015-12-27
U002924,MOV109221,5.0,2023-08-16
U000024,MOV109221,4.0,2017-11-26
U000111,MOV119635,3.0,2023-08-24
U000150,MOV102099,2.0,2020-07-16
U000003,MOV105704,4.0,
U001426,MOV104270,5.0,2022-05-02
U000001,MOV106008,4.0,2020-10-24
U001300,MOV100006,4.0,2025-05-16
U000011,MOV114769,4.0,2025-03-01
U000360,MOV119272,3.0,2023-11-04
U000005,MOV105896,4.0,2024-10-09
U001789,MOV105990,1.0,2023-05-28
U000009,MOV115383,4.0,2022-09-08
U000003,MOV102678,1.0,2023-08-07
U000004,MOV106165,3.0,2025-05-31
U000027,MOV116663,2.0,2025-09-06
U000878,MOV101202,3.0,2025-09-24
U000003,MOV105896,4.0,2025-08-03
U000003,MOV116956,5.0,2020-11-07
U000160,MOV110026,4.0,2025-08-05
U000562,MOV105234,5.0,2016-02-09
U000028,MOV109777,2.0,2023-05-03
U000003,MOV110437,3.0,2016-07-30
U004180,MOV119635,2.0,2018-01-28
U000356,MOV119635,3.0,2018-02-08
U000111,MOV105616,3.0,2017-01-06
U000022,MOV107447,4.0,2019-02-22
U000055,MOV115077,3.0,2024-10-27
U000011,MOV114896,4.0,2018-06-05
U000001,MOV106064,2.0,2025-07-28
U000001,MOV116926,3.0,2016-05-09
U000456,MOV117835,5.0,2023-03-17
U000015,MOV111271,5.0,2023-09-17
U000001,MOV110861,3.0,2022-01-17
U000001,MOV115409,5.0,2019-05-24
U000007,MOV106380,2.0,2022-10-15
U000003,MOV118159,3.0,2016-05-11
U000007,MOV109602,3.0,2019-01-25
U001555,MOV105896,5.0,2019-02-15
U000646,MOV117948,5.0,2025-01-13
U002166,MOV114626,4.0,2020-09-24
U000031,MOV119272,1.0,2017-12-12
U000324,MOV119272,4.0,2018-12-26
U000128,MOV118492,1.0,2021-09-23
U000004,MOV112778,3.0,2018-11-22
U000247,MOV100006,4.0,2025-01-16
U000001,MOV108805,4.0,2024-07-15
U000060,MOV110026,5.0,2023-11-15
U000586,MOV100006,4.0,2018-09-14
U000128,MOV103610,4.0,2025-05-31
U000088,MOV110490,5.0,2022-10-07
U000010,MOV108589,3.0,2024-12-10
U000005,MOV118921,4.0,2017-08-22
U000004,MOV116134,2.0,2022-06-22
U000015,MOV114626,3.0,2025-05-17
U000010,MOV117729,5.0,2023-04-29
U000001,MOV101947,5.0,2025-07-13
U000041,MOV103582,3.0,2021-10-09
U000095,MOV115194,4.0,2025-03-15
U000009,MOV110726,3.0,2015-08-28
U000014,MOV102853,4.0,2022-07-27
U000135,MOV101108,3.0,2025-06-14
U000327,MOV119635,4.0,2020-10-28
U000206,MOV119162,5.0,2022-02-26
U000006,MOV107484,4.0,2020-02-04
U000731,MOV100006,5.0,2017-03-25
U000109,MOV105764,2.0,2022-03-24
U000004,MOV100751,4.0,2022-06-18
U000280,MOV119272,5.0,2025-08-26
U001289,MOV100006,1.0,2025-10-18
U000711,MOV105482,3.0,2024-10-19
U001990,MOV100006,4.0,2022-01-12
U000001,MOV116181,3.0,2025-06-17
U000010,MOV114379,2.0,2019-01-31
U000001,MOV110504,4.0,2020-05-06
U000222,MOV110388,3.0,2019-08-09
U000908,MOV109340,3.0,2022-10-27
U000517,MOV100535,2.0,2023-11-28
U000001,MOV116429,5.0,2019-03-11
U000007,MOV112462,4.0,2022-10-16
U000648,MOV109221,5.0,2022-09-18
U000052,MOV105896,4.0,2025-11-20
U000208,MOV108588,4.0,2025-07-15
U000098,MOV113048,5.0,2021-05-22
U000047,MOV111434,3.0,2019-08-10
U001064,MOV100006,3.0,2015-09-04
U000388,MOV107468,3.0,2021-05-27
U000038,MOV113656,1.0,2023-10-29
U000005,MOV118828,5.0,2024-03-15
U000003,MOV105077,2.0,2025-08-19
U000090,MOV115929,4.0,2025-12-01
U000033,MOV101108,1.0,2023-12-14
U000064,MOV101266,4.0,2025-06-13
U000205,MOV118510,2.0,2019-07-26
U001451,MOV100901,4.0,2023-05-10
U000004,MOV110285,2.0,2019-02-07
U000037,MOV100557,3.0,2018-01-13
U000179,MOV100006,2.0,2018-02-08
U000001,MOV106321,5.0,2025-01-04
U000830,MOV100006,3.0,2025-11-24
U000729,MOV109795,3.0,2021-03-27
U000017,MOV110790,1.0,
U000007,MOV114797,5.0,2021-12-25
U000014,MOV111120,3.0,2022-06-22
U000106,MOV105990,5.0,2021-05-03
U000053,MOV101202,4.0,2025-06-12
U000028,MOV116552,3.0,2025-12-22
U000012,MOV107912,1.0,2022-01-03
U000001,MOV106445,3.0,2022-04-26
U000249,MOV103610,3.0,2024-11-11
U000960,MOV115691,3.0,2025-07-18
U000320,MOV117066,2.0,2025-03-16
U000001,MOV105355,4.0,2024-02-06
U000002,MOV106165,5.0,2015-11-15
U000522,MOV100006,3.0,2024-06-24
U000082,MOV101108,1.0,2025-03-05
U000019,MOV113203,5.0,2025-10-25
U000002,MOV101136,4.0,2022-09-25
U000340,MOV114626,3.0,2016-10-29
U000095,MOV111271,4.0,2024-12-05
U000013,MOV104842,4.0,2020-04-17
U000001,MOV103502,4.0,2021-12-19
U000039,MOV113048,5.0,2025-07-14
U000127,MOV119635,5.0,2023-07-27
U000166,MOV104436,4.0,2015-06-01
U000034,MOV101136,3.0,2018-07-27
U001484,MOV116710,4.0,2024-02-25
U001313,MOV113048,3.0,2025-06-12
U000581,MOV113048,4.0,2020-11-25
U000308,MOV104018,5.0,2019-07-20
U000477,MOV100557,3.0,2023-01-24
U000270,MOV105896,3.0,2018-06-17
U000020,MOV116710,2.0,2025-06-25
U000357,MOV119150,5.0,2018-08-11
U004250,MOV109874,4.0,2023-10-10
U000001,MOV119672,4.0,2019-01-02
U000030,MOV114391,4.0,2016-12-08
U000012,MOV116199,4.0,2025-01-17
U000021,MOV113048,3.0,2023-03-27
U000136,MOV100006,2.0,2025-05-20
U000039,MOV103323,4.0,2023-10-01
U000016,MOV100427,3.0,2016-05-15
U000003,MOV110871,2.0,2016-02-02
U002156,MOV105896,5.0,2021-10-19
U000004,MOV111692,5.0,2024-03-03
U000040,MOV118767,4.0,2024-03-17
U000149,MOV100557,4.0,2025-02-15
U000013,MOV118674,4.0,2025-04-25
U000133,MOV103605,3.0,2019-07-01
U002632,MOV104744,3.0,2019-10-11
U000199,MOV109280,5.0,2025-08-02
U000115,MOV110790,3.0,2024-06-26
U000007,MOV117851,2.0,2025-10-21
U000296,MOV114626,4.0,2024-10-14
U000016,MOV114729,4.0,2021-07-24
U000102,MOV100006,5.0,2023-06-10
U000013,MOV108805,4.0,2022-04-05
U000009,MOV107224,4.0,2021-10-30
U000144,MOV100006,3.0,2017-09-09
U000001,MOV105895,3.0,2025-10-06
U000003,MOV112325,1.0,2024-10-01
U000115,MOV105990,3.0,2025-10-06
U000073,MOV113259,3.0,2020-01-27
U000088,MOV106037,4.0,2025-02-13
U000033,MOV117851,4.0,2025-10-16
U000003,MOV115153,5.0,2023-04-03
U000080,MOV109058,3.0,2016-07-08
U000015,MOV112855,4.0,2025-03-13
U000077,MOV106874,4.0,2021-08-17
U001120,MOV119328,4.0,2015-05-27
U000001,MOV102806,3.0,2021-07-11
U000281,MOV119204,3.0,2024-08-05
U000007,MOV103354,5.0,2021-08-19
U000050,MOV114626,3.0,2025-05-27
U000155,MOV102500,1.0,2022-04-18
U001314,MOV110726,3.0,2022-04-11
U000024,MOV116336,4.0,2024-07-13
U000044,MOV119272,4.0,2018-01-07
U000002,MOV111402,3.0,2017-09-15
U001608,MOV119272,4.0,2020-10-20
U000136,MOV114510,5.0,2021-06-05
U002514,MOV113048,2.0,2025-06-26
U004183,MOV116580,3.0,2020-07-31
U000001,MOV116962,3.0,2019-06-04
U000011,MOV104018,4.0,2021-12-29
U000015,MOV100557,3.0,2024-02-28
U000730,MOV117948,5.0,2024-01-25
U000034,MOV108053,5.0,2018-08-19
U000983,MOV119635,3.0,2022-03-02
U000126,MOV100006,4.0,2019-07-13
U003294,MOV113657,3.0,2025-02-04
U002071,MOV119753,4.0,2020-03-23
U000032,MOV110014,3.0,2025-10-15
U000001,MOV104758,1.0,2025-05-17
U000031,MOV100557,4.0,2021-07-31
U000534,MOV110026,1.0,2024-01-04
U000290,MOV119204,4.0,2025-11-25
U000044,MOV105644,4.0,2023-08-07
U000539,MOV114993,3.0,2022-10-27
U000007,MOV119490,3.0,2020-07-26
U000003,MOV117600,5.0,2025-11-10
U000016,MOV111271,4.0,2021-09-26
U000737,MOV114601,4.0,2024-04-29
U001672,MOV119635,3.0,2023-05-30
U001401,MOV100006,3.0,2024-12-17
U000015,MOV105704,3.0,2025-10-12
U000023,MOV112232,3.0,2025-11-29
U002379,MOV112179,3.0,2017-07-31
U000004,MOV101320,3.0,2025-10-23
U000014,MOV114731,4.0,2025-12-31
U000151,MOV110026,3.0,2024-04-08
U001485,MOV100006,4.0,2022-09-19
U000001,MOV118502,3.0,2021-12-10
U000137,MOV110790,5.0,2023-12-16
U001014,MOV100542,4.0,2019-09-13
U000269,MOV111724,3.0,2020-03-13
U000012,MOV106154,2.0,2025-05-29
U000002,MOV110163,3.0,2017-06-04
U000736,MOV101492,5.0,2025-02-01
U000001,MOV118374,2.0,2022-10-27
U000007,MOV105644,2.0,2021-06-25
U000223,MOV114626,3.0,2016-05-29
U000038,MOV110262,4.0,2016-03-02
U000113,MOV100342,4.0,2017-09-21
U000146,MOV101539,4.0,2025-05-05
U000035,MOV105077,4.0,2017-12-15
U000248,MOV119635,4.0,2025-11-09
U000581,MOV115413,3.0,2023-10-06
U000001,MOV113432,2.0,2019-05-24
U000005,MOV114233,4.0,2019-04-28
U000010,MOV109288,4.0,2025-10-21
U000051,MOV114601,5.0,2025-04-16
U000010,MOV107675,4.0,2023-03-07
U000130,MOV109602,5.0,2025-06-07
U000337,MOV111472,4.0,2025-08-31
U000001,MOV111595,4.0,2024-08-04
U000002,MOV107181,5.0,2024-08-10
U000172,MOV114784,4.0,2019-09-25
U000011,MOV104768,4.0,2021-08-05
U001528,MOV116710,5.0,2025-11-09
U000018,MOV106689,4.0,2019-05-31
U000001,MOV106347,4.0,2025-04-16
U000110,MOV115635,4.0,2024-10-07
U001502,MOV119272,2.0,2021-07-11
U000021,MOV103610,2.0,2021-12-16
U001845,MOV117066,4.0,2025-03-26
U000001,MOV118839,2.0,2019-05-21
U003205,MOV119272,1.0,2018-05-20
U002018,MOV113615,3.0,2020-04-18
U000009,MOV101108,4.0,2022-10-11
U000763,MOV104768,3.0,2019-05-03
U000013,MOV111271,5.0,2019-09-20
U000028,MOV110353,4.0,2019-11-06
U000004,MOV108263,2.0,2023-10-02
U000590,MOV110475,1.0,2017-11-24
U000001,MOV119619,3.0,2023-12-19
U000243,MOV119635,4.0,2025-03-17
U000336,MOV108348,1.0,2025-03-04
U000010,MOV112232,4.0,2025-02-18
U000490,MOV117029,4.0,2021-08-21
U000224,MOV110262,4.0,2024-05-03
U000007,MOV113072,4.0,2025-02-09
U000009,MOV116536,3.0,2025-07-18
U000061,MOV119350,3.0,2018-06-05
U000002,MOV101879,3.0,2024-11-01
U000292,MOV100006,5.0,2016-11-10
U000130,MOV100751,3.0,2021-04-07
U000072,MOV117728,4.0,2024-01-25
U000005,MOV102730,3.0,2021-04-08
U000002,MOV101492,4.0,2023-12-23
U000188,MOV119635,4.0,2023-09-10
U000498,MOV100006,4.0,2022-01-30
U000002,MOV105768,3.0,2025-09-11
U000002,MOV116047,2.0,2020-07-27
U000205,MOV118556,4.0,2025-10-15
U000008,MOV108188,4.0,2022-09-13
U000190,MOV114626,3.0,2018-02-11
U000049,MOV114993,4.0,2024-11-01
U000013,MOV100634,1.0,2024-03-23
U000016,MOV105791,5.0,
U000228,MOV119272,4.0,2023-08-23
U000003,MOV105428,4.0,2024-02-16
U000015,MOV106321,4.0,2020-11-27
U000003,MOV110594,2.0,2025-09-23
U000021,MOV106500,2.0,2019-03-20
U000001,MOV104879,5.0,2022-08-19
U000005,MOV115421,5.0,2021-10-05
U000002,MOV103226,3.0,2018-11-30
U000777,MOV100006,3.0,2016-09-26
U000010,MOV107961,5.0,2024-11-24
U000002,MOV104270,5.0,2020-05-14
U000740,MOV107386,4.0,2023-08-13
U000016,MOV113048,5.0,2021-09-16
U000251,MOV100006,3.0,2023-07-11
U000001,MOV119202,4.0,2020-03-21
U000313,MOV111574,2.0,2025-08-17
U000002,MOV112619,4.0,2025-11-13
U000007,MOV118660,5.0,2023-10-03
U000129,MOV118411,4.0,2023-10-03
U000281,MOV100006,4.0,2016-09-05
U000009,MOV102666,3.0,2020-02-03
U000001,MOV110900,1.0,2020-09-19
U000001,MOV119163,1.0,2023-05-20
U000009,MOV100372,3.0,2022-09-09
U000005,MOV106037,4.0,2025-12-08
U000291,MOV113048,3.0,2019-08-18
U002231,MOV111159,4.0,2023-09-20
U000665,MOV107912,3.0,2017-08-12
U000225,MOV113338,4.0,2023-10-09
U000706,MOV119635,4.0,2024-03-11
U000008,MOV113195,4.0,2021-05-19
U000091,MOV102931,5.0,2021-11-12
U000027,MOV103605,4.0,2025-09-23
U000758,MOV101108,2.0,2025-04-01
U000302,MOV110304,5.0,2023-03-18
U000057,MOV118164,3.0,2025-02-27
U000004,MOV113715,4.0,2021-11-17
U000523,MOV106321,4.0,2024-06-15
U000059,MOV114626,2.0,2017-10-15
U000019,MOV107912,3.0,2022-02-11
U000165,MOV110162,4.0,2018-05-17
U000262,MOV119204,3.0,2025-11-22
U000001,MOV112018,4.0,2024-12-15
U000048,MOV111423,4.0,2024-09-17
U000029,MOV113048,5.0,2019-09-20
U000001,MOV103681,3.0,2025-09-23
U000122,MOV117251,4.0,2022-05-09
U000428,MOV110497,4.0,2025-01-01
U000010,MOV118374,5.0,2023-06-04
U000002,MOV102405,4.0,2024-03-11
U000038,MOV109166,3.0,2016-01-20
U000220,MOV105764,1.0,2025-09-27
U000003,MOV102448,5.0,2025-06-20
U000001,MOV114869,5.0,2020-07-16
U000022,MOV114626,1.0,2017-12-08
U000004,MOV113233,5.0,2019-10-05
U000003,MOV116621,5.0,2022-11-03
U000005,MOV103941,5.0,2024-09-20
U000001,MOV113436,5.0,2024-09-23
U000037,MOV111271,5.0,2020-02-14
U000618,MOV100831,3.0,2018-05-19
U000156,MOV102818,3.0,2025-08-27
U000003,MOV104520,3.0,2021-06-04
U000002,MOV102343,2.0,2022-05-12
U000055,MOV100006,1.0,2023-02-04
U000471,MOV101290,5.0,2025-07-30
U000019,MOV114168,3.0,2020-10-07
U000002,MOV109166,5.0,2025-06-13
U000028,MOV111029,3.0,2024-09-16
U002269,MOV100713,5.0,2018-07-02
U000710,MOV100249,3.0,2021-01-01
U000307,MOV119272,4.0,2024-11-23
U000001,MOV109652,4.0,2020-12-23
U000006,MOV104281,5.0,2025-04-04
U000110,MOV100006,1.0,2025-12-30
U000106,MOV119229,5.0,2025-05-12
U004136,MOV100006,4.0,2021-09-03
U000080,MOV111014,5.0,2022-02-26
U000008,MOV110991,3.0,2018-08-01
U000009,MOV114755,5.0,2023-06-04
U000001,MOV116222,3.0,2023-10-11
U000001,MOV108359,4.0,2025-06-18
U000008,MOV114896,3.0,2024-09-17
U000116,MOV100520,3.0,2018-01-14
U000010,MOV100950,4.0,2021-11-04
U000011,MOV109849,4.0,2019-06-06
U000002,MOV109751,4.0,2017-02-19
U000278,MOV115929,4.0,2024-05-10
U000299,MOV114877,2.0,2022-09-25
U000013,MOV114993,5.0,2019-03-08
U000006,MOV107961,5.0,2023-05-29
U000002,MOV109378,3.0,2024-11-03
U000034,MOV112147,3.0,
U000388,MOV104579,4.0,2025-09-05
U000426,MOV103334,5.0,2023-01-08
U000018,MOV101202,4.0,2025-07-29
U000002,MOV109399,5.0,2025-07-25
U000174,MOV106775,2.0,2019-05-02
U000021,MOV101108,4.0,2023-01-21
U000436,MOV119204,4.0,2018-03-24
U000220,MOV108391,5.0,2023-06-01
U000161,MOV109221,3.0,2018-05-01
U000019,MOV108973,4.0,2023-01-09
U000542,MOV119272,4.0,2023-03-01
U000021,MOV110828,3.0,2017-11-22
U000024,MOV119635,3.0,2025-12-18
U002504,MOV110828,4.0,2023-07-20
U000004,MOV108391,4.0,2019-02-24
U000006,MOV109602,2.0,2024-01-18
U000001,MOV100511,4.0,2025-10-30
U000782,MOV100006,4.0,2025-05-11
U000506,MOV102023,3.0,2017-11-11
U000040,MOV103147,5.0,2025-03-10
U000001,MOV108779,3.0,2024-05-06
U000011,MOV114816,5.0,2023-11-02
U000005,MOV111700,1.0,2015-09-13
U000026,MOV106037,3.0,2023-10-31
U000208,MOV100006,4.0,2022-09-13
U000996,MOV107361,4.0,2024-09-06
U000001,MOV112784,4.0,2018-12-24
U000060,MOV119204,4.0,2018-01-27
U000672,MOV112165,4.0,2018-08-09
U000002,MOV100691,4.0,2025-03-02
U000058,MOV107070,1.0,2024-10-31
U000098,MOV106063,1.0,2024-12-27
U000005,MOV103610,2.0,
U002102,MOV116705,2.0,2018-05-22
U000030,MOV107327,4.0,2023-09-22
U000002,MOV103320,1.0,2019-03-31
U000289,MOV114797,5.0,2024-04-11
U000117,MOV112876,4.0,2023-02-12
U000080,MOV114993,5.0,2018-04-17
U000115,MOV109834,5.0,2025-11-12
U000268,MOV102260,5.0,2019-08-20
U000002,MOV115138,5.0,2025-05-08
U002118,MOV102553,3.0,2020-08-14
U000012,MOV109166,3.0,2022-04-23
U000006,MOV100342,4.0,2022-01-23
U000462,MOV109221,3.0,2025-02-06
U000016,MOV110440,5.0,2024-09-15
U000517,MOV102448,4.0,2023-08-24
U000005,MOV110221,4.0,2022-11-01
U000001,MOV111037,2.0,2019-01-02
U000122,MOV100006,3.0,2019-04-22
U000023,MOV114232,1.0,2021-08-21
U001066,MOV110002,5.0,2016-05-14
U000007,MOV113073,5.0,2024-08-09
U000830,MOV101775,2.0,2023-07-12
U000001,MOV101211,1.0,2021-09-09
U000347,MOV119635,5.0,2019-05-06
U000136,MOV119635,5.0,2025-04-13
U000058,MOV103610,3.0,2022-07-15
U002403,MOV114993,1.0,2020-10-27
U000062,MOV100208,4.0,2022-02-09
U000075,MOV105438,5.0,2025-08-25
U000004,MOV112743,3.0,2019-11-29
U000004,MOV119822,4.0,2020-10-24
U000559,MOV117251,4.0,2021-09-04
U004202,MOV103334,5.0,2022-02-18
U001225,MOV108419,1.0,2025-04-16
U000004,MOV114822,4.0,2020-05-21
U000001,MOV118411,4.0,2020-06-18
U000057,MOV105699,4.0,2023-12-17
U000034,MOV106689,5.0,2023-04-26
U000822,MOV108356,1.0,2020-12-12
U000001,MOV101492,2.0,2020-04-08
U000010,MOV107070,4.0,2024-04-20
U000002,MOV105961,3.0,2020-07-22
U000315,MOV107913,4.0,2025-12-10
U000672,MOV112260,4.0,2020-01-08
U001632,MOV108065,5.0,2025-10-21
U000039,MOV107772,3.0,2019-06-24
U002305,MOV118605,5.0,2020-03-23
U000029,MOV117146,3.0,2023-02-01
U000534,MOV119635,4.0,2019-06-17
U000986,MOV119204,3.0,2023-10-30
U000001,MOV112021,5.0,2021-12-26
U001229,MOV100006,2.0,2025-10-29
U000002,MOV107497,3.0,2015-09-26
U000396,MOV118556,4.0,2019-12-08
U000012,MOV109602,5.0,2025-07-23
U000032,MOV103605,2.0,2017-11-19
U000001,MOV107511,4.0,2021-04-28
U000001,MOV117793,4.0,2019-03-21
U000027,MOV119635,5.0,2021-02-19
U000181,MOV114946,4.0,2022-10-27
U000052,MOV119490,4.0,2022-05-28
U000006,MOV101941,5.0,2020-09-03
U000028,MOV113048,5.0,2023-10-21
U001288,MOV114993,4.0,2025-03-10
U000005,MOV114658,2.0,2024-04-03
U000005,MOV113048,4.0,2020-08-04
U000001,MOV110933,1.0,2019-04-15
U000014,MOV106850,4.0,2021-01-11
U000001,MOV111782,3.0,2020-10-19
U000004,MOV117066,2.0,2025-05-02
U000002,MOV117108,3.0,2024-07-23
U003732,MOV101840,4.0,2023-01-09
U000495,MOV107386,4.0,2019-01-02
U000008,MOV113646,4.0,2021-08-31
U000025,MOV110161,3.0,2017-04-12
U000065,MOV101108,4.0,2025-04-17
U000003,MOV118321,4.0,2020-07-06
U000575,MOV119272,4.0,2023-01-10
U000010,MOV105999,4.0,2020-07-31
U000001,MOV103151,4.0,2021-07-17
U000744,MOV119635,3.0,2022-07-14
U000678,MOV109221,5.0,2018-10-21
U000347,MOV119272,3.0,2023-11-22
U001568,MOV108499,4.0,2025-06-11
U000357,MOV100831,4.0,2024-12-09
U000050,MOV108342,5.0,2018-08-16
U000799,MOV105037,4.0,2025-06-05
U000042,MOV111034,4.0,2024-07-13
U000020,MOV103122,5.0,2021-03-22
U003223,MOV112643,2.0,2021-01-27
U000019,MOV119272,4.0,2024-08-29
U000010,MOV105990,5.0,2022-08-01
U000030,MOV111692,4.0,2021-11-12
U000163,MOV104557,2.0,2024-06-27
U000004,MOV116181,4.0,2019-08-05
U000005,MOV110018,4.0,2025-02-25
U000050,MOV110790,4.0,2024-01-20
U000054,MOV102873,1.0,2021-08-29
U000039,MOV101202,4.0,2022-11-24
U000153,MOV106889,5.0,2025-09-19
U000002,MOV111439,1.0,2022-06-12
U000015,MOV102873,2.0,2023-11-20
U000001,MOV101420,5.0,2025-04-22
U000009,MOV116470,3.0,2025-03-02
U000287,MOV109166,3.0,2025-04-17
U000096,MOV119272,3.0,2024-08-08
U000159,MOV118418,5.0,2022-10-22
U000011,MOV108792,4.0,2024-09-18
U000238,MOV104764,4.0,2017-11-29
U000005,MOV101115,4.0,2025-08-23
U000006,MOV111159,3.0,2024-11-29
U000658,MOV113604,5.0,2025-05-17
U000052,MOV112692,4.0,2023-12-15
U001802,MOV103047,4.0,2019-08-05
U000028,MOV117251,5.0,2024-08-27
U000006,MOV108894,2.0,2017-07-17
U000279,MOV105001,3.0,2018-10-19
U000182,MOV112097,5.0,2025-04-28
U001206,MOV101830,4.0,2018-01-29
U000048,MOV105990,5.0,2022-12-02
U000450,MOV119272,5.0,2023-05-07
U000019,MOV110790,4.0,2024-10-16
U000005,MOV100996,3.0,2024-09-01
U000007,MOV102844,4.0,2025-06-06
U000319,MOV100006,4.0,2023-09-20
U000006,MOV105966,3.0,2025-09-24
U000042,MOV116663,3.0,2024-02-18
U000399,MOV101202,5.0,2017-09-06
U000016,MOV106129,4.0,2021-12-18
U000001,MOV103779,3.0,2024-07-10
U000797,MOV103719,4.0,2022-10-08
U000001,MOV107139,4.0,2021-07-02
U000126,MOV103610,4.0,2025-11-19
U000001,MOV118903,3.0,2025-03-13
U000004,MOV101922,4.0,2018-09-21
U000089,MOV102801,4.0,2022-10-24
U000005,MOV101202,3.0,2021-01-20
U000010,MOV106842,2.0,2018-08-20
U000065,MOV106156,5.0,2021-12-25
U000020,MOV119272,4.0,2025-08-25
U000073,MOV114993,2.0,2023-11-26
U002767,MOV103228,4.0,2020-12-06
U000017,MOV103224,4.0,2018-02-08
U000051,MOV118164,4.0,2015-02-28
U000002,MOV100374,5.0,2024-04-26
U000001,MOV111876,3.0,2016-03-23
U000013,MOV117485,5.0,2025-02-18
U000073,MOV114153,3.0,2023-04-27
U000238,MOV114357,4.0,2025-12-11
U000116,MOV100006,1.0,2025-07-23
U000007,MOV113418,1.0,2021-10-20
U000008,MOV116580,4.0,2025-11-25
U000450,MOV113048,3.0,2018-07-30
U000004,MOV114512,5.0,2024-06-04
U000018,MOV113048,4.0,2021-03-27
U000049,MOV108200,4.0,2025-08-30
U000004,MOV109166,5.0,2015-01-18
U001298,MOV118580,3.0,2025-06-19
U001628,MOV104140,3.0,2022-01-19
U000106,MOV110790,1.0,2022-11-11
U000002,MOV117321,3.0,2025-09-17
U000040,MOV119842,4.0,2023-08-29
U000001,MOV119064,3.0,2018-07-08
U001189,MOV113734,3.0,2018-05-04
U000028,MOV114993,3.0,2022-09-15
U000005,MOV112579,4.0,2024-02-11
U000001,MOV100487,4.0,2022-11-21
U000065,MOV100006,5.0,2025-09-14
U000021,MOV112137,4.0,2022-12-13
U000002,MOV118792,4.0,2024-01-13
U000037,MOV117948,2.0,2018-10-14
U000091,MOV100006,3.0,2023-10-06
U000001,MOV100951,3.0,2018-03-24
U000001,MOV110526,5.0,2022-01-10
U000353,MOV116300,4.0,2023-05-03
U000044,MOV104752,4.0,2019-03-30
U000001,MOV103882,5.0,2024-05-02
U000095,MOV100410,3.0,2023-03-04
U000002,MOV112643,4.0,2021-04-20
U000159,MOV106458,4.0,2020-08-27
U000001,MOV119799,4.0,2019-01-06
U003448,MOV119204,4.0,2025-08-26
U000691,MOV119635,4.0,2021-08-11
U000035,MOV118342,5.0,2016-01-12
U000011,MOV114399,1.0,2015-04-13
U000002,MOV109729,4.0,2022-04-11
U000864,MOV114424,3.0,
U002726,MOV100006,5.0,2021-10-20
U000010,MOV107386,2.0,2020-08-11
U000025,MOV117287,3.0,2024-12-08
U001951,MOV117851,5.0,2019-11-03
U000124,MOV114432,3.0,2015-06-27
U000029,MOV119225,4.0,2020-06-29
U000105,MOV108855,3.0,2018-04-26
U000003,MOV114091,4.0,2021-03-27
U000081,MOV105990,4.0,2023-05-01
U000026,MOV118290,1.0,2025-09-14
U000162,MOV103605,4.0,2023-04-02
U000012,MOV117352,2.0,2018-11-12
U000021,MOV112632,4.0,2019-08-12
U000916,MOV105990,4.0,2024-05-10
U002812,MOV117344,4.0,2025-09-25
U002118,MOV110026,3.0,2019-01-10
U000007,MOV102220,1.0,2025-03-06
U000004,MOV116835,1.0,2019-10-21
U000001,MOV109205,3.0,2025-05-08
U000046,MOV107842,4.0,2020-06-11
U000053,MOV100006,3.0,2023-09-07
U000046,MOV108005,4.0,2024-11-10
U001684,MOV114993,4.0,2024-08-15
U000135,MOV105896,5.0,2023-01-03
U000027,MOV103080,5.0,2025-01-10
U000484,MOV100557,4.0,2025-10-21
U000197,MOV110828,3.0,2019-12-06
U004486,MOV101108,5.0,2024-04-13
U000024,MOV111037,3.0,2025-11-16
U000026,MOV117475,4.0,2020-09-03
U000008,MOV101492,3.0,2023-11-03
U002233,MOV113048,3.0,2023-02-08
U000030,MOV118828,5.0,2023-12-26
U000111,MOV113048,1.0,2022-07-16
U000002,MOV109807,4.0,2020-01-17
U001088,MOV113682,4.0,2025-03-07
U000773,MOV119635,4.0,2021-05-22
U002506,MOV108419,5.0,2023-11-11
U000066,MOV106689,5.0,2025-03-20
U000003,MOV108594,5.0,2022-06-12
U000024,MOV104557,1.0,2021-06-23
U000286,MOV107983,4.0,2023-06-26
U000294,MOV119635,3.0,2025-01-23
U001524,MOV105911,3.0,2024-01-22
U000002,MOV100940,5.0,2016-06-14
U000005,MOV119204,3.0,2022-08-18
U004363,MOV117948,1.0,2023-02-08
U000767,MOV105990,3.0,2019-01-17
U000085,MOV108506,5.0,2024-10-04
U000001,MOV100410,4.0,2024-07-30
U000147,MOV103605,2.0,2019-07-29
U000006,MOV112437,4.0,2023-06-05
U000324,MOV100006,2.0,2017-08-08
U000018,MOV105265,4.0,2025-10-09
U000470,MOV113048,4.0,2023-10-24
U000812,MOV114626,4.0,2024-10-19
U000001,MOV113881,5.0,2023-08-23
U000013,MOV112232,4.0,2025-10-12
U000002,MOV102068,2.0,2017-03-08
U000001,MOV117885,5.0,2021-02-14
U000229,MOV100006,3.0,2018-11-28
U000072,MOV119272,5.0,2017-01-29
U000007,MOV106110,3.0,2020-04-25
U000797,MOV101108,4.0,2020-08-15
U000152,MOV108973,5.0,2023-06-18
U000045,MOV114626,3.0,2025-01-29
U000001,MOV113688,4.0,2023-10-24
U000173,MOV119635,3.0,2021-11-18
U000001,MOV109354,5.0,2020-01-03
U000001,MOV104247,3.0,2020-05-26
U003964,MOV100006,4.0,2024-03-30
U000053,MOV105990,1.0,2018-01-26
U000192,MOV107257,3.0,2020-10-24
U001200,MOV108630,4.0,2024-06-18
U000005,MOV103759,4.0,2016-09-13
U000001,MOV100769,5.0,2018-02-12
U000067,MOV113048,5.0,2019-11-13
U000001,MOV110015,3.0,2020-01-19
U000018,MOV105990,1.0,2024-04-18
U000021,MOV113223,4.0,2025-07-04
U000009,MOV119090,3.0,2021-04-19
U000001,MOV116606,3.0,2022-08-15
U001844,MOV100831,4.0,2018-08-08
U000060,MOV112981,3.0,2024-07-15
U000013,MOV104635,2.0,2022-03-03
U000013,MOV110144,4.0,2025-05-30
U000019,MOV113223,4.0,2020-01-25
U000002,MOV104752,4.0,2023-04-08
U000828,MOV113048,2.0,2024-07-22
U000003,MOV107774,3.0,2021-04-02
U000560,MOV114626,3.0,2023-07-30
U003116,MOV100713,3.0,2025-05-17
U000070,MOV116956,3.0,2022-11-29
U000028,MOV119204,4.0,2025-04-05
U000010,MOV100210,5.0,2019-05-02
U000063,MOV101539,4.0,2025-09-16
U000063,MOV109221,3.0,2017-09-14
U000499,MOV106103,3.0,2025-09-08
U000002,MOV115032,5.0,2025-06-06
U000008,MOV117421,3.0,2025-06-14
U000001,MOV107149,5.0,2020-08-22
U001637,MOV107761,1.0,2020-05-11
U000025,MOV118545,2.0,2022-02-21
U000012,MOV109727,1.0,2025-03-31
U000029,MOV100962,5.0,2023-04-05
U000014,MOV110026,4.0,2022-09-03
U000001,MOV106944,5.0,2016-08-20
U000508,MOV100880,4.0,2023-01-30
U000045,MOV111650,4.0,2024-12-29
U004079,MOV100006,4.0,2020-07-31
U000267,MOV104768,5.0,2019-08-17
U000010,MOV106333,3.0,2025-10-18
U000001,MOV101421,3.0,2024-02-13
U000356,MOV112672,4.0,2023-11-02
U000007,MOV117849,5.0,2020-04-27
U000004,MOV114784,4.0,2024-12-15
U000003,MOV115268,1.0,2018-10-02
U000001,MOV115759,5.0,2018-01-07
U000140,MOV110790,2.0,2025-02-25
U000075,MOV113267,1.0,2019-06-11
U003540,MOV100044,5.0,2025-12-28
U001970,MOV105688,2.0,2018-01-24
U000156,MOV114993,3.0,2023-06-04
U002481,MOV112044,5.0,2025-02-28
U001689,MOV119272,4.0,2016-10-29
U000205,MOV118641,4.0,2019-07-27
U000020,MOV119164,5.0,2025-06-07
U002132,MOV116142,3.0,
U000001,MOV100342,2.0,
U000004,MOV104928,4.0,2022-12-23
U000040,MOV101539,3.0,2015-02-28
U000002,MOV106662,3.0,2024-10-02
U000003,MOV107537,2.0,2017-12-25
U000411,MOV119109,2.0,2022-05-11
U000002,MOV113223,2.0,2017-05-19
U000069,MOV113223,5.0,2016-03-11
U000234,MOV101108,3.0,2025-10-16
U000017,MOV108319,3.0,2021-06-08
U000006,MOV115356,4.0,2020-09-19
U000001,MOV114816,5.0,2020-07-30
U000002,MOV100432,4.0,2017-06-28
U000003,MOV109613,3.0,2018-06-15
U000064,MOV118556,4.0,2024-11-13
U000001,MOV108339,4.0,2020-07-26
U000017,MOV113195,5.0,2025-09-20
U000060,MOV117251,5.0,2019-11-30
U000006,MOV102448,5.0,2019-07-12
U001499,MOV108661,3.0,2022-10-07
U000001,MOV115932,4.0,2021-12-08
U000003,MOV115070,4.0,2024-05-01
U000248,MOV107307,4.0,2025-09-24
U000456,MOV101539,5.0,2025-03-24
U000047,MOV114993,4.0,2023-02-08
U000099,MOV113048,4.0,2018-10-05
U000087,MOV111491,4.0,2025-02-04
U000003,MOV116484,4.0,2020-12-31
U000021,MOV100937,2.0,2024-03-15
U002764,MOV113876,2.0,2019-01-20
U000361,MOV109554,3.0,2019-02-18
U002596,MOV114601,4.0,2020-10-25
U000079,MOV101237,1.0,2025-10-14
U000001,MOV101480,4.0,2025-08-29
U000001,MOV112384,4.0,2021-01-16
U000003,MOV103597,4.0,2025-11-23
U000054,MOV100210,1.0,2025-03-04
U000003,MOV118681,4.0,2016-05-04
U000031,MOV104569,4.0,2022-12-02
U000565,MOV109776,4.0,2022-03-19
U000436,MOV113048,4.0,2019-05-10
U000001,MOV103210,4.0,2025-08-30
U000026,MOV112513,5.0,2022-02-16
U000003,MOV117665,5.0,2023-10-25
U000018,MOV116803,4.0,2021-01-02
U000237,MOV119227,4.0,2024-01-08
U000556,MOV119272,3.0,2024-09-12
U000081,MOV101523,1.0,2024-02-23
U000005,MOV105649,4.0,2020-08-11
U001589,MOV118556,1.0,2024-01-15
U000645,MOV104867,4.0,2016-11-12
U000002,MOV105962,3.0,2018-09-05
U000002,MOV113774,5.0,2025-12-22
U000012,MOV110397,4.0,2017-05-31
U000135,MOV101237,4.0,2020-08-11
U000706,MOV113401,4.0,2024-09-28
U000001,MOV101257,5.0,2021-05-20
U000100,MOV112232,1.0,2015-07-18
U000002,MOV101871,1.0,2018-07-02
U000001,MOV117388,4.0,2023-11-30
U000005,MOV115929,4.0,2025-04-09
U000001,MOV109809,2.0,2025-02-20
U000006,MOV111329,5.0,2024-07-22
U000002,MOV109340,3.0,2020-10-30
U000029,MOV118107,5.0,2021-08-30
U000001,MOV115965,4.0,2018-11-30
U000006,MOV113670,3.0,2023-12-11
U000001,MOV118660,5.0,2024-07-28
U000795,MOV105285,4.0,2018-08-22
U000012,MOV109776,4.0,2025-04-15
U000101,MOV115344,5.0,2022-04-07
U000002,MOV102023,4.0,2023-03-22
U000001,MOV106440,1.0,2020-11-01
U000005,MOV102179,3.0,2024-03-21
U000001,MOV115439,4.0,2024-11-10
U003291,MOV113746,4.0,2024-09-22
U000236,MOV119164,4.0,2024-06-07
U001990,MOV119635,3.0,2025-12-24
U000003,MOV104526,3.0,2025-02-03
U000194,MOV103605,2.0,2024-08-29
U000003,MOV113123,5.0,2021-10-29
U000450,MOV108377,5.0,2025-04-03
U000003,MOV106330,3.0,2023-05-15
U000001,MOV111451,3.0,2017-01-19
U000005,MOV117066,4.0,2022-04-08
U000001,MOV117360,4.0,2021-06-11
U000007,MOV101188,2.0,2025-02-15
U000001,MOV101942,5.0,2025-03-27
U000143,MOV106874,3.0,2024-05-19
U000005,MOV119094,4.0,2025-10-28
U001771,MOV106814,3.0,2025-10-27
U000013,MOV117983,3.0,2024-07-12
U000001,MOV115960,2.0,2025-07-26
U000009,MOV101286,5.0,2024-09-06
U000001,MOV105667,5.0,2018-07-10
U000010,MOV100012,4.0,2020-10-29
U002136,MOV114626,3.0,2019-06-11
U000006,MOV119658,4.0,2024-11-11
U000217,MOV114784,3.0,2021-07-03
U000001,MOV117812,4.0,2019-06-14
U001645,MOV100006,2.0,2022-03-25
U000754,MOV102124,4.0,2018-11-13
U000015,MOV114579,1.0,2024-09-23
U000018,MOV111034,2.0,2019-12-01
U000005,MOV109037,5.0,2025-10-16
U000011,MOV116663,2.0,2024-09-09
U000135,MOV117251,1.0,2025-05-06
U000113,MOV100006,3.0,2019-05-23
U000014,MOV101590,4.0,2025-09-12
U000016,MOV118548,5.0,2017-02-04
U000038,MOV103047,5.0,2015-08-14
U000009,MOV107813,3.0,2024-11-09
U000762,MOV108419,3.0,2018-04-25
U000039,MOV110828,4.0,2024-06-21
U000008,MOV100770,5.0,2019-11-08
U000007,MOV114510,4.0,2016-01-04
U001616,MOV119635,5.0,
U000019,MOV106594,5.0,2019-10-10
U000004,MOV103610,4.0,2024-07-09
U000429,MOV100006,4.0,2023-05-28
U000029,MOV113204,5.0,2021-11-04
U000008,MOV104557,1.0,2025-06-27
U001349,MOV104520,2.0,2025-10-19
U000199,MOV113048,3.0,2017-11-06
U000141,MOV111524,2.0,2023-06-07
U000029,MOV101108,5.0,2025-06-14
U000002,MOV115268,3.0,2019-12-04
U000059,MOV105990,3.0,2024-03-29
U000192,MOV100168,4.0,2024-02-20
U004065,MOV103281,4.0,2023-08-29
U000240,MOV114626,1.0,2021-12-21
U000007,MOV106289,3.0,2021-05-27
U000201,MOV100006,2.0,2025-11-11
U000003,MOV116646,1.0,2024-08-24
U000011,MOV115806,3.0,2023-09-11
U000018,MOV111451,4.0,2019-04-21
U001673,MOV114784,3.0,2020-09-09
U000233,MOV102935,4.0,2019-07-27
U000002,MOV111434,4.0,2024-06-15
U000002,MOV110044,5.0,2021-05-05
U000003,MOV101889,3.0,2022-05-27
U000023,MOV105990,4.0,2020-06-09
U000012,MOV111943,5.0,2019-11-25
U000002,MOV110457,4.0,2015-07-23
U000002,MOV110182,5.0,2023-10-04
U000783,MOV119673,2.0,2020-02-23
U000001,MOV115246,5.0,2024-10-08
U000008,MOV106850,4.0,2022-06-01
U000002,MOV112725,4.0,2016-07-10
U000104,MOV109221,5.0,2018-10-21
U000006,MOV103499,4.0,2024-06-14
U000037,MOV105990,5.0,2017-08-06
U000001,MOV100392,3.0,2024-05-31
U000719,MOV114993,4.0,2017-01-30
U000057,MOV111103,4.0,2021-04-03
U000010,MOV110262,3.0,2019-04-15
U000620,MOV103334,4.0,2021-12-26
U000002,MOV115957,5.0,2025-12-21
U000114,MOV101492,4.0,2019-12-22
U000042,MOV113387,2.0,2021-05-29
U002378,MOV112114,5.0,2022-03-22
U000007,MOV104975,4.0,2022-10-07
U000007,MOV110026,2.0,2025-03-27
U000238,MOV119635,5.0,2024-10-12
U000001,MOV114391,3.0,2022-06-13
U001175,MOV101438,1.0,2022-09-21
U000088,MOV109340,3.0,2025-07-25
U000011,MOV110828,5.0,2019-10-03
U000265,MOV100006,5.0,2019-11-06
U000161,MOV109018,4.0,2025-10-14
U000007,MOV117758,2.0,2023-12-17
U000211,MOV106037,4.0,2022-08-30
U000058,MOV107028,5.0,2016-04-29
U000019,MOV118545,3.0,2024-12-20
U000010,MOV105644,3.0,2015-04-21
U000179,MOV105990,4.0,2024-03-27
U001459,MOV100520,1.0,2021-08-18
U000014,MOV119000,4.0,2024-02-13
U000960,MOV108438,2.0,2021-05-08
U001558,MOV111434,4.0,2022-07-06
U000002,MOV103532,4.0,2021-06-09
U000025,MOV104697,3.0,2018-05-20
U000156,MOV117825,5.0,2024-12-22
U000005,MOV113604,3.0,2024-03-04
U000027,MOV113558,5.0,2025-02-24
U000690,MOV113657,4.0,2016-05-31
U003314,MOV105990,3.0,2019-02-11
U000007,MOV110196,3.0,2021-08-09
U000018,MOV119660,3.0,2019-07-23
U000393,MOV100006,3.0,2023-05-28
U000003,MOV114007,4.0,2022-02-09
U000002,MOV107438,4.0,2021-02-28
U000026,MOV118556,4.0,2022-12-08
U001171,MOV106037,4.0,2022-09-09
U000002,MOV108506,3.0,2020-07-25
U000016,MOV112090,4.0,2022-01-26
U000003,MOV109051,3.0,2025-09-02
U000036,MOV117741,1.0,2022-08-25
U000001,MOV117447,3.0,2017-10-08
U000007,MOV117395,5.0,2025-09-12
U001111,MOV109166,2.0,2017-04-15
U002746,MOV117851,4.0,2024-10-03
U000037,MOV113223,4.0,2019-06-10
U000102,MOV118556,3.0,2020-09-03
U000220,MOV100006,3.0,2023-01-16
U000014,MOV106165,4.0,2019-09-12
U000034,MOV100831,5.0,2022-11-17
U000203,MOV111885,4.0,2023-06-27
U000011,MOV114626,3.0,2024-06-29
U001410,MOV100006,3.0,2023-03-05
U000061,MOV112085,3.0,2020-09-13
U000002,MOV103122,5.0,2017-09-16
U000040,MOV101108,2.0,2020-10-24
U000009,MOV114117,4.0,2024-11-06
U000496,MOV106689,4.0,2017-01-26
U000019,MOV108965,4.0,2020-04-25
U000265,MOV101539,3.0,2023-02-13
U000001,MOV111328,5.0,2020-12-01
U002151,MOV100831,5.0,2017-07-17
U000010,MOV117044,4.0,2025-12-11
U000282,MOV119186,2.0,2024-09-29
U000001,MOV115500,4.0,2018-05-26
U000016,MOV110262,5.0,2025-04-03
U000169,MOV100006,3.0,2022-03-07
U000028,MOV100713,3.0,2023-10-23
U000009,MOV117501,3.0,2021-07-24
U000691,MOV119272,5.0,2024-01-08
U000188,MOV110611,4.0,2023-01-05
U000786,MOV102087,3.0,2023-08-20
U000157,MOV100006,3.0,2024-01-18
U000106,MOV108053,3.0,2020-05-12
U000061,MOV109143,3.0,2025-04-10
U000002,MOV107518,5.0,2023-04-21
U000071,MOV119635,2.0,2025-02-27
U000073,MOV114626,5.0,2018-03-05
U000031,MOV101108,3.0,2022-11-13
U000088,MOV118753,5.0,2025-04-24
U000918,MOV113827,5.0,2025-10-23
U000005,MOV113766,3.0,2025-07-21
U000008,MOV100899,4.0,2022-08-19
U000012,MOV119581,1.0,2018-08-14
U000322,MOV118556,4.0,2025-11-23
U000017,MOV103605,4.0,2025-09-10
U001485,MOV110790,4.0,2025-08-24
U000001,MOV111171,4.0,2019-05-14
U000017,MOV110351,5.0,2020-08-04
U000007,MOV113768,3.0,2019-01-29
U000024,MOV100831,3.0,2024-09-06
U000193,MOV114626,3.0,2017-08-23
U000007,MOV118035,4.0,2020-10-27
U000224,MOV102376,4.0,2017-09-30
U000237,MOV100006,5.0,2025-04-08
U000032,MOV105833,4.0,2025-11-14
U003357,MOV109221,3.0,2022-05-20
U000477,MOV101108,3.0,2019-03-26
U000249,MOV117827,5.0,2024-09-15
U000193,MOV119635,3.0,2024-11-29
U000007,MOV114790,3.0,2022-03-31
U000034,MOV100006,5.0,2022-01-30
U000005,MOV110026,2.0,2023-10-28
U000005,MOV106834,4.0,2023-08-26
U000041,MOV119204,5.0,2025-09-18
U000143,MOV108836,4.0,2022-09-22
U000001,MOV110864,5.0,2020-07-03
U000002,MOV102415,5.0,2020-12-26
U000001,MOV105158,3.0,2020-05-19
U000032,MOV114403,5.0,2017-05-18
U000547,MOV119635,5.0,2021-12-11
U000555,MOV112222,4.0,2023-10-24
U000418,MOV100006,1.0,2021-10-07
U000016,MOV119272,3.0,2017-03-10
U000002,MOV109752,4.0,2020-05-06
U000202,MOV113502,5.0,2019-09-04
U000048,MOV100487,3.0,2025-02-11
U000002,MOV116536,2.0,2025-09-01
U000313,MOV109748,4.0,2024-09-15
U000046,MOV107912,5.0,2018-10-13
U000014,MOV114896,3.0,
U000014,MOV111029,4.0,2025-12-21
U004047,MOV106701,2.0,2021-11-28
U000372,MOV109140,4.0,2020-01-03
U000002,MOV103834,3.0,2020-11-30
U000004,MOV119450,5.0,2023-06-18
U002344,MOV118167,3.0,2023-08-09
U000013,MOV117978,4.0,2019-04-22
U000009,MOV112232,4.0,2025-10-03
U003239,MOV117189,3.0,2025-08-29
U000192,MOV101971,4.0,2023-07-04
U004417,MOV105644,5.0,2017-11-24
U000647,MOV104130,4.0,2019-09-03
U000006,MOV100899,3.0,2015-03-01
U000002,MOV100937,4.0,2025-02-12
U000003,MOV107386,3.0,2024-12-12
U000041,MOV108739,5.0,2025-10-25
U000002,MOV110939,2.0,2024-02-28
U000009,MOV118828,5.0,2023-11-11
U001606,MOV105896,3.0,2024-01-29
U000024,MOV116536,4.0,2024-01-27
U000039,MOV109221,4.0,2025-08-04
U000246,MOV104768,4.0,2018-11-28
U000003,MOV108292,5.0,2020-01-29
U000748,MOV105990,3.0,2019-11-01
U001233,MOV100006,5.0,2022-03-20
U003442,MOV105896,3.0,2022-08-09
U000005,MOV109834,4.0,2018-01-12
U003684,MOV119186,5.0,2020-02-14
U000002,MOV111395,4.0,2016-03-08
U000014,MOV118753,4.0,2020-06-07
U000671,MOV112232,5.0,2025-12-14
U000528,MOV111434,2.0,2024-12-17
U001709,MOV110828,3.0,2025-04-15
U000006,MOV116100,5.0,2024-08-03
U000045,MOV105645,4.0,2020-07-22
U000001,MOV104389,2.0,2024-11-15
U002577,MOV118548,1.0,2015-12-23
U000384,MOV103502,1.0,2015-06-15
U000045,MOV116203,5.0,2025-11-24
U000020,MOV104149,4.0,2025-06-02
U000005,MOV118865,2.0,2018-02-02
U000040,MOV107386,4.0,2022-08-19
U000012,MOV108744,4.0,2025-10-14
U000001,MOV106104,5.0,2022-07-01
U000683,MOV114992,2.0,2024-08-21
U000590,MOV100208,2.0,2022-11-21
U000087,MOV113054,1.0,2017-06-26
U000308,MOV116299,4.0,2021-06-29
U000001,MOV113554,3.0,2015-04-27
U000021,MOV117275,4.0,2019-02-09
U000003,MOV112672,5.0,2024-07-01
U000003,MOV111271,2.0,2024-02-27
U000018,MOV114896,2.0,2024-03-29
U003522,MOV109977,4.0,2022-08-12
U000993,MOV114626,4.0,2020-05-26
U002444,MOV105644,4.0,2023-03-15
U000034,MOV105990,4.0,2019-06-11
U000087,MOV111029,4.0,2019-01-30
U000004,MOV109874,2.0,2023-11-27
U002864,MOV106037,4.0,2023-05-26
U000466,MOV107520,4.0,2023-03-15
U000521,MOV100831,3.0,2023-02-12
U000001,MOV107257,4.0,2025-03-25
U000016,MOV107912,4.0,2023-11-22
U000507,MOV113048,4.0,2023-06-24
U000027,MOV102782,2.0,2023-03-28
U000198,MOV100006,5.0,2022-08-25
U000068,MOV113048,2.0,2019-11-18
U000001,MOV106058,4.0,2018-12-12
U000011,MOV119074,5.0,2015-11-27
U000053,MOV116203,2.0,2015-05-18
U000028,MOV116658,4.0,2025-11-14
U000002,MOV115034,4.0,2021-03-12
U000001,MOV118167,4.0,2018-10-06
U000004,MOV119036,4.0,2021-04-06
U000001,MOV100303,5.0,2016-08-24
U000674,MOV100557,3.0,2024-04-08
U000004,MOV115483,4.0,2019-11-06
U000001,MOV113475,4.0,2021-07-26
U000001,MOV113835,5.0,2024-04-04
U000001,MOV119450,5.0,2020-10-12
U000090,MOV113436,5.0,2016-12-11
U003302,MOV117858,2.0,2024-06-18
U000002,MOV119109,4.0,2016-04-24
U000001,MOV101164,2.0,2024-01-09
U000001,MOV107403,4.0,2024-09-07
U000202,MOV117406,4.0,2017-06-17
U000004,MOV117728,4.0,2025-09-30
U000001,MOV100281,3.0,2019-11-02
U000003,MOV111034,5.0,2024-09-10
U000007,MOV119754,5.0,2024-12-19
U000010,MOV110809,3.0,2019-09-09
U000128,MOV105001,3.0,2022-12-27
U000001,MOV116849,3.0,2022-03-21
U000015,MOV109328,5.0,2025-01-07
U000246,MOV119186,5.0,2025-11-02
U000835,MOV105990,4.0,2024-03-23
U000004,MOV101679,3.0,2022-07-22
U000001,MOV112136,5.0,2023-09-28
U000222,MOV110026,4.0,2021-12-20
U000032,MOV101108,4.0,2023-04-22
U000138,MOV100006,4.0,2021-10-09
U000017,MOV109366,4.0,2019-05-08
U000005,MOV116114,2.0,2024-10-05
U000034,MOV106333,3.0,2021-02-11
U000018,MOV101108,1.0,2017-03-16
U000807,MOV101202,5.0,2025-09-23
U000002,MOV106333,4.0,2024-10-11
U000009,MOV113657,5.0,2025-12-29
U001907,MOV119635,4.0,2020-02-18
U000176,MOV113656,2.0,2025-06-19
U000114,MOV113048,3.0,2023-05-20
U000003,MOV112632,5.0,2020-12-25
U000009,MOV100392,2.0,2017-10-17
U000043,MOV112612,4.0,2024-03-20
U000100,MOV114626,3.0,2022-02-15
U000034,MOV113483,5.0,2023-01-29
U003132,MOV119635,5.0,2025-03-02
U000058,MOV111271,1.0,2019-08-02
U000044,MOV106629,4.0,2024-03-18
U000002,MOV108968,4.0,2017-09-11
U000091,MOV100557,5.0,2021-09-10
U000069,MOV119635,5.0,2025-10-19
U000463,MOV111653,4.0,2020-01-13
U003606,MOV108227,4.0,2019-11-02
U000001,MOV112932,4.0,2018-11-29
U000001,MOV108715,5.0,2019-02-10
U000002,MOV103996,2.0,2024-05-04
U001116,MOV119635,4.0,2024-03-31
U000001,MOV118592,5.0,2024-11-18
U001823,MOV119635,4.0,2021-06-04
U000119,MOV102303,5.0,2018-10-29
U000339,MOV110868,5.0,2025-07-11
U000031,MOV110475,4.0,2020-02-22
U000458,MOV110262,4.0,2025-05-04
U000103,MOV100006,3.0,2021-10-27
U002139,MOV100006,3.0,2022-11-30
U000001,MOV115158,3.0,2025-06-22
U000160,MOV111885,3.0,2025-12-21
U000482,MOV103080,5.0,2015-01-15
U000137,MOV119635,3.0,2023-08-29
U001366,MOV112632,3.0,2022-12-15
U000988,MOV110790,2.0,2022-09-11
U003890,MOV111034,4.0,2023-03-08
U000004,MOV102449,2.0,2023-04-27
U000070,MOV114784,2.0,2015-05-10
U000002,MOV110711,3.0,2018-12-14
U000006,MOV111916,5.0,2018-03-29
U001010,MOV103125,4.0,2025-07-04
U000017,MOV114593,4.0,2025-08-19
U000715,MOV115268,1.0,2016-09-11
U000009,MOV101539,5.0,2025-08-28
U000142,MOV103711,4.0,2021-08-12
U000352,MOV109221,2.0,2023-01-22
U000110,MOV114993,3.0,2024-11-26
U002862,MOV103765,5.0,2025-10-20
U000002,MOV111087,5.0,
U000002,MOV110512,3.0,2023-09-20
U000008,MOV112232,4.0,2020-07-09
U000274,MOV100880,5.0,2023-02-16
U000002,MOV101061,5.0,2022-09-05
U000047,MOV110026,5.0,2025-08-24
U000042,MOV100542,2.0,2022-10-13
U000036,MOV110828,2.0,2025-11-04
U002403,MOV101136,3.0,2023-01-06
U000002,MOV104737,3.0,2022-10-22
U000019,MOV101202,5.0,2023-04-21
U000008,MOV112754,4.0,2025-06-19
U000042,MOV114755,5.0,2025-09-30
U003169,MOV119204,4.0,2021-02-15
U000009,MOV101164,2.0,2025-06-08
U000310,MOV105355,3.0,2025-05-24
U000619,MOV114333,3.0,2022-04-29
U000121,MOV103605,1.0,2019-09-22
U000002,MOV118342,2.0,2025-06-28
U000036,MOV100006,4.0,2021-03-24
U000002,MOV111440,2.0,2025-03-12
U000001,MOV103147,3.0,2025-01-09
U002121,MOV117719,5.0,2021-09-16
U000003,MOV117773,3.0,2022-07-24
U001987,MOV119635,5.0,2021-02-23
U000003,MOV100839,4.0,2024-02-14
U000001,MOV101941,3.0,2019-02-04
U000020,MOV100931,4.0,2020-11-05
U000030,MOV101108,3.0,2022-03-11
U000002,MOV107304,1.0,2021-12-27
U002919,MOV111974,5.0,2020-07-13
U000025,MOV117313,3.0,2023-01-01
U000055,MOV110295,5.0,2022-09-28
U000009,MOV103610,3.0,2025-05-26
U000001,MOV115624,1.0,2016-03-21
U000004,MOV100111,2.0,2024-11-08
U000134,MOV114424,3.0,2022-11-07
U001707,MOV105896,2.0,2021-02-04
U000009,MOV114954,5.0,2023-01-06
U000005,MOV113790,4.0,2017-03-21
U000002,MOV101539,4.0,2024-09-04
U000747,MOV100519,3.0,2025-01-29
U000106,MOV110898,3.0,2025-10-07
U000502,MOV118545,2.0,2025-06-07
U000002,MOV114424,2.0,2016-08-30
U002994,MOV107279,5.0,2018-12-17
U000003,MOV115929,5.0,2019-06-02
U000005,MOV117215,5.0,2023-04-22
U000259,MOV114626,5.0,2022-03-15
U002440,MOV100006,4.0,2025-07-08
U000012,MOV108836,3.0,2020-08-18
U000002,MOV119538,4.0,2024-06-07
U000265,MOV105990,4.0,2024-01-23
U000001,MOV105999,4.0,2019-04-30
U001062,MOV113048,4.0,2018-02-22
U000001,MOV105174,4.0,2022-10-15
U000003,MOV107181,5.0,2025-12-15
U000001,MOV110355,5.0,2020-06-07
U000001,MOV108272,4.0,2022-10-02
U000081,MOV103491,3.0,2015-08-17
U000003,MOV107566,3.0,2021-12-18
U000003,MOV102610,3.0,2019-08-03
U001959,MOV118450,5.0,2021-08-10
U000001,MOV100427,4.0,2025-11-29
U000116,MOV119635,5.0,2018-11-14
U000002,MOV117515,4.0,2019-10-30
U000010,MOV109166,4.0,2021-08-23
U000001,MOV106640,4.0,2022-03-07
U000001,MOV110869,5.0,2022-05-06
U000003,MOV100912,1.0,2023-01-25
U000330,MOV101653,3.0,2022-01-31
U000110,MOV101539,3.0,2020-07-11
U002830,MOV119635,5.0,2018-09-16
U000021,MOV103141,2.0,2025-06-02
U000251,MOV108026,5.0,2025-09-20
U000012,MOV101863,4.0,2018-09-02
U000014,MOV100713,5.0,2025-08-08
U003711,MOV100006,5.0,2025-12-25
U000004,MOV115150,3.0,2016-01-04
U000013,MOV100557,2.0,2023-04-03
U000836,MOV119635,5.0,2018-11-01
U000073,MOV110026,4.0,2023-09-21
U001140,MOV100006,3.0,2020-05-03
U000008,MOV115371,3.0,2024-01-01
U000002,MOV110570,5.0,2024-03-31
U000001,MOV117066,5.0,2019-01-14
U000003,MOV116915,4.0,2020-09-29
U000010,MOV102666,4.0,2022-06-11
U000159,MOV116930,5.0,2025-05-29
U000002,MOV108836,3.0,2021-09-29
U000001,MOV116710,3.0,2018-09-02
U000018,MOV106037,4.0,2022-01-27
U000523,MOV115960,4.0,2024-08-07
U000010,MOV112561,3.0,2018-05-11
U002803,MOV103289,5.0,2019-02-27
U000009,MOV115194,5.0,2017-06-17
U000002,MOV116899,2.0,2024-01-31
U000118,MOV119635,3.0,2020-05-31
U001599,MOV108426,4.0,2024-03-06
U001827,MOV117727,2.0,2024-08-14
U000002,MOV103339,4.0,2025-07-09
U000001,MOV116336,4.0,2023-12-02
U000006,MOV116114,4.0,2023-08-01
U000163,MOV109221,3.0,2019-07-29
U000004,MOV110241,5.0,2024-10-19
U001768,MOV119635,4.0,2022-07-19
U000019,MOV103605,4.0,
U000803,MOV119635,4.0,2024-03-14
U000017,MOV111665,4.0,2024-01-18
U000069,MOV104975,3.0,2025-04-11
U000026,MOV115413,5.0,2024-09-18
U000001,MOV110866,4.0,2015-08-31
U000144,MOV119272,4.0,2020-01-19
U000660,MOV119635,4.0,2021-05-24
U000005,MOV116549,5.0,2016-10-24
U002973,MOV113048,4.0,2024-07-26
U000001,MOV107912,4.0,2025-05-06
U000266,MOV112689,3.0,2023-12-28
U000014,MOV115062,4.0,2025-02-23
U000013,MOV108937,4.0,2023-05-25
U000004,MOV119202,4.0,2025-09-12
U000363,MOV106591,2.0,2024-03-14
U000010,MOV115713,5.0,2023-11-05
U000149,MOV119272,4.0,2022-09-10
U000012,MOV108755,5.0,2019-08-02
U000118,MOV105990,4.0,2018-12-17
U000018,MOV109778,3.0,2019-03-11
U000002,MOV108508,3.0,2017-06-06
U000009,MOV104270,4.0,2023-04-27
U000004,MOV111114,4.0,2025-11-11
U000006,MOV114993,3.0,2025-09-30
U000003,MOV114432,1.0,2025-12-08
U000105,MOV110435,5.0,2016-11-30
U002015,MOV113048,3.0,2025-02-16
U000001,MOV105420,5.0,2025-07-26
U000001,MOV113304,4.0,2022-09-26
U003696,MOV112212,4.0,2019-05-24
U000006,MOV100831,5.0,2024-03-09
U000001,MOV113223,4.0,2024-07-08
U001703,MOV110790,3.0,2023-08-22
U002852,MOV109221,1.0,2025-03-08
U000050,MOV118693,3.0,2018-09-08
U000007,MOV113615,3.0,2021-02-14
U002407,MOV101108,5.0,2021-08-17
U000026,MOV116181,4.0,2023-10-13
U001753,MOV109166,4.0,2020-02-26
U000890,MOV107070,5.0,2020-04-22
U000002,MOV103228,5.0,2021-03-01
U000013,MOV109280,4.0,2019-09-22
U000253,MOV113048,4.0,2025-11-15
U000007,MOV113048,3.0,2020-12-02
U000017,MOV119272,4.0,
U000002,MOV118403,4.0,2023-06-28
U000010,MOV105438,4.0,2023-05-10
U000001,MOV112988,4.0,2021-09-17
U000430,MOV119635,5.0,2018-12-20
U000048,MOV105482,3.0,2022-02-14
U000016,MOV119635,3.0,2021-03-08
U000045,MOV119635,5.0,2023-09-27
U000008,MOV109385,5.0,2022-12-31
U000002,MOV106850,3.0,2025-12-08
U000039,MOV105990,5.0,2020-12-01
U003622,MOV110026,2.0,2016-01-24
U000003,MOV108836,2.0,2022-06-21
U000028,MOV106675,2.0,2024-05-26
U000013,MOV119204,3.0,2016-03-30
U000007,MOV109554,2.0,2015-07-01
U000001,MOV103643,4.0,2015-03-26
U000362,MOV119635,4.0,2019-12-12
U000001,MOV108377,4.0,2023-01-05
U000035,MOV107577,2.0,2019-07-09
U000007,MOV106166,1.0,2025-09-24
U000081,MOV115788,2.0,2025-12-10
U000605,MOV100557,3.0,2017-10-26
U000004,MOV107304,5.0,2024-06-03
U001124,MOV119407,5.0,2017-10-28
U000004,MOV112272,2.0,2024-09-16
U000002,MOV108137,4.0,2018-10-24
U002252,MOV100006,1.0,2023-09-04
U000030,MOV119272,4.0,2017-07-06
U000825,MOV119272,5.0,2021-10-16
U000003,MOV110790,4.0,2022-10-12
U000001,MOV108799,5.0,2017-09-03
U000147,MOV107912,5.0,2024-10-14
U000010,MOV104002,3.0,2024-03-18
U000120,MOV118181,5.0,2021-05-25
U000117,MOV100006,4.0,2021-12-08
U000001,MOV109280,4.0,2025-05-10
U000050,MOV116266,3.0,2025-05-02
U000003,MOV112998,5.0,2024-01-24
U000062,MOV105482,3.0,2023-06-18
U000008,MOV103610,4.0,2025-10-26
U000001,MOV102662,2.0,2019-02-09
U000002,MOV114867,4.0,2023-11-27
U000047,MOV100776,3.0,2024-12-16
U000519,MOV111029,3.0,2017-06-25
U000902,MOV100006,4.0,2021-07-09
U000003,MOV101859,2.0,2025-04-29
U000564,MOV112440,4.0,2019-10-19
U002387,MOV119204,4.0,2017-07-26
U000080,MOV116530,4.0,2022-11-02
U000104,MOV105990,5.0,2024-12-26
U001073,MOV106037,4.0,2023-08-12
U000361,MOV107431,3.0,2022-01-30
U000158,MOV116580,5.0,2018-11-06
U000001,MOV113691,4.0,2025-11-14
U001238,MOV106458,3.0,2021-11-15
U000225,MOV114822,3.0,2019-08-14
U000002,MOV104038,1.0,2019-07-23
U000165,MOV119635,5.0,2016-06-11
U000180,MOV119635,5.0,2023-08-06
U000263,MOV114626,4.0,2022-11-22
U000001,MOV109612,5.0,2023-05-14
U000045,MOV101108,5.0,2019-08-27
U000289,MOV119134,2.0,2025-02-21
U000001,MOV110128,4.0,2025-09-29
U000019,MOV109368,3.0,2022-03-27
U000009,MOV116203,2.0,2025-03-27
U000002,MOV117429,4.0,2025-05-26
U000022,MOV102787,4.0,2020-12-02
U000297,MOV114898,5.0,2017-06-02
U000939,MOV106689,3.0,2022-02-22
U000001,MOV102888,1.0,2021-12-05
U001095,MOV101561,5.0,2017-11-23
U000430,MOV110294,1.0,2025-10-19
U000558,MOV104907,5.0,2025-08-11
U000001,MOV112579,4.0,2018-10-08
U002052,MOV103605,3.0,2021-12-18
U000011,MOV110320,5.0,2025-06-06
U000001,MOV104751,3.0,2023-02-24
U000035,MOV116026,5.0,2023-03-11
U000001,MOV114792,3.0,2024-10-28
U000001,MOV104691,5.0,2016-10-22
U000001,MOV116496,5.0,2025-06-02
U000023,MOV105438,3.0,2025-01-16
U000003,MOV114617,3.0,2024-11-23
U000004,MOV108828,5.0,2021-08-04
U000689,MOV100006,4.0,
U000243,MOV110285,2.0,2022-08-02
U000018,MOV108377,3.0,2016-02-25
U000001,MOV106119,5.0,2021-03-10
U000200,MOV119162,5.0,2024-01-29
U000171,MOV100880,3.0,2020-03-10
U000009,MOV108421,5.0,2018-07-05
U000006,MOV111084,4.0,2018-09-11
U001645,MOV117851,3.0,2018-01-25
U000009,MOV107913,4.0,2023-01-21
U000198,MOV116203,4.0,2015-11-17
U000258,MOV117978,5.0,2021-11-17
U000690,MOV100006,3.0,2016-05-16
U000032,MOV108617,2.0,2021-01-13
U000099,MOV100006,5.0,2022-02-26
U000009,MOV103837,4.0,2016-02-22
U000012,MOV118556,5.0,2022-01-13
U000001,MOV104442,2.0,2021-10-10
U000032,MOV119272,3.0,2018-09-16
U000129,MOV108822,4.0,2021-02-26
U000013,MOV105603,2.0,2025-02-12
U000177,MOV105077,2.0,2025-06-12
U000145,MOV114896,3.0,2025-11-10
U000019,MOV119255,1.0,2025-06-24
U000035,MOV108419,3.0,2024-06-01
U000202,MOV100006,4.0,2025-08-23
U000001,MOV114492,4.0,2016-04-20
U000006,MOV109340,5.0,2022-06-08
U000008,MOV101539,5.0,2024-09-19
U000062,MOV107909,4.0,2022-04-14
U000023,MOV115862,3.0,2025-10-22
U000001,MOV112477,5.0,2018-02-07
U002662,MOV102239,5.0,2022-09-02
U000046,MOV107386,3.0,2021-08-18
U000003,MOV107697,2.0,2021-05-12
U002586,MOV119272,5.0,2021-05-21
U003181,MOV119789,5.0,2023-03-08
U000001,MOV114755,5.0,2019-04-25
U000681,MOV109058,5.0,2019-07-24
U000043,MOV116580,2.0,2022-11-17
U000372,MOV113304,4.0,2021-08-23
U000051,MOV119272,1.0,2025-06-25
U000265,MOV116710,2.0,2022-03-09
U000007,MOV119743,4.0,2020-03-12
U000028,MOV100208,4.0,2020-09-08
U000053,MOV103768,5.0,2023-07-13
U000699,MOV119272,4.0,2020-03-09
U001111,MOV100006,4.0,2020-10-09
U000884,MOV119635,5.0,2019-05-24
U000082,MOV116042,4.0,2018-02-11
U000006,MOV102141,4.0,2025-06-07
U000096,MOV102026,2.0,2016-11-24
U000028,MOV115965,4.0,
U000144,MOV100262,4.0,2024-11-17
U000003,MOV119567,4.0,2022-04-25
U000862,MOV113766,5.0,2018-12-06
U000001,MOV102864,4.0,2016-01-27
U000001,MOV101795,4.0,2021-10-08
U000007,MOV102745,4.0,2025-08-01
U000001,MOV108557,4.0,2024-08-09
U000038,MOV107169,4.0,2021-01-16
U000272,MOV105990,4.0,2025-05-16
U000001,MOV114042,5.0,2025-11-05
U000006,MOV103125,5.0,2019-06-21
U000018,MOV111434,4.0,2023-07-21
U000001,MOV117131,4.0,2022-10-21
U000002,MOV118260,5.0,2021-11-09
U000001,MOV113015,2.0,2018-02-02
U000032,MOV111477,4.0,2016-06-02
U000004,MOV115410,3.0,2021-10-10
U000215,MOV116120,2.0,2024-05-18
U000001,MOV109047,3.0,
U000017,MOV111434,4.0,2023-01-03
U000241,MOV112503,4.0,2023-11-27
U000008,MOV119693,2.0,2025-10-15
U000307,MOV114626,3.0,2016-10-22
U000005,MOV114716,5.0,2023-11-25
U000027,MOV110541,4.0,2019-10-12
U000003,MOV108792,5.0,2019-12-21
U000002,MOV111467,5.0,2024-02-19
U000139,MOV100487,4.0,2024-11-27
U001953,MOV117851,2.0,2023-03-21
U000739,MOV116807,4.0,2018-10-12
U000055,MOV109221,4.0,2021-10-07
U000003,MOV114730,3.0,2024-01-18
U000079,MOV117066,4.0,2025-07-15
U000071,MOV110353,4.0,2021-06-20
U001185,MOV110790,3.0,2025-02-09
U000027,MOV103008,4.0,2018-10-31
U000004,MOV101120,1.0,2023-09-08
U000163,MOV117948,4.0,2020-06-04
U001457,MOV103092,3.0,2025-11-07
U000001,MOV108351,3.0,2022-04-18
U000024,MOV118556,3.0,2023-01-29
U000593,MOV100176,3.0,2015-07-21
U000008,MOV108377,4.0,2025-11-25
U000010,MOV105681,5.0,2016-04-18
U000062,MOV119635,4.0,2023-09-10
U003535,MOV116904,3.0,2022-03-02
U000043,MOV100006,4.0,2019-02-07
U000001,MOV101803,3.0,2025-06-12
U000077,MOV103605,3.0,2023-06-20
U000030,MOV114050,5.0,2020-09-23
U000003,MOV102303,4.0,2018-03-29
U000001,MOV108419,2.0,2017-10-25
U000007,MOV106121,3.0,2021-04-22
U000150,MOV113448,5.0,2019-01-27
U000564,MOV106872,4.0,2025-05-03
U000001,MOV108508,4.0,2022-02-19
U000022,MOV115009,3.0,2025-11-15
U000441,MOV110872,3.0,2024-04-09
U002185,MOV107130,3.0,2024-08-22
U000289,MOV115153,4.0,2017-11-15
U000699,MOV106850,3.0,2021-01-02
U000791,MOV109602,5.0,2016-05-17
U003954,MOV113688,3.0,2018-02-05
U000001,MOV100208,4.0,2025-03-18
U000152,MOV112475,3.0,2017-09-19
U000009,MOV114909,4.0,2021-08-05
U000001,MOV105089,4.0,2025-03-30
U000028,MOV116181,5.0,2023-05-06
U000002,MOV107298,3.0,2017-02-06
U000003,MOV118415,4.0,2025-11-15
U000024,MOV101108,3.0,2022-05-17
U000001,MOV102666,4.0,2024-05-03
U000039,MOV103032,4.0,2025-10-09
U000173,MOV112907,2.0,2021-10-29
U000036,MOV103610,3.0,2019-09-28
U000652,MOV100006,2.0,2022-09-05
U000011,MOV119667,5.0,2025-03-05
U000002,MOV101224,4.0,2025-03-27
U000004,MOV105091,3.0,2017-09-18
U001987,MOV104768,3.0,2022-05-27
U000002,MOV117700,4.0,2022-04-17
U000001,MOV116663,3.0,2021-11-10
U000004,MOV107410,4.0,2017-02-26
U000001,MOV106599,2.0,2020-02-06
U000001,MOV118492,4.0,2023-03-10
U000014,MOV103398,3.0,2024-09-27
U000967,MOV100006,4.0,2025-04-14
U000002,MOV115544,5.0,2021-11-17
U000222,MOV119030,1.0,2024-01-06
U000001,MOV112272,4.0,2025-05-08
U000002,MOV106735,4.0,2022-04-18
U000012,MOV117260,3.0,2020-03-01
U000022,MOV105768,3.0,2024-09-14
U000149,MOV117066,3.0,2025-05-04
U000002,MOV117097,3.0,2022-08-11
U000005,MOV107070,3.0,2020-05-26
U000006,MOV103759,5.0,2020-03-11
U000002,MOV102925,4.0,2022-10-19
U000005,MOV103248,5.0,2025-07-01
U000386,MOV115380,4.0,2025-11-28
U003050,MOV100751,2.0,2022-02-15
U000002,MOV111431,4.0,2025-01-04
U002824,MOV111228,3.0,2017-05-01
U000002,MOV114022,5.0,2023-11-01
U000011,MOV119204,3.0,2025-02-19
U000427,MOV119635,4.0,2025-08-28
U000003,MOV119186,5.0,2024-02-16
U000173,MOV118089,3.0,2024-03-17
U000118,MOV102346,5.0,2023-03-23
U000632,MOV108836,1.0,2020-10-20
U000005,MOV107480,4.0,2019-08-19
U000402,MOV103147,5.0,2025-03-25
U000491,MOV101729,4.0,2025-04-12
U001719,MOV105990,4.0,2023-09-06
U000011,MOV109009,3.0,2016-04-30
U000001,MOV102935,4.0,2024-05-10
U000001,MOV109584,2.0,2018-07-10
U001092,MOV113048,2.0,2023-02-09
U000001,MOV102743,5.0,2023-10-25
U000397,MOV101108,4.0,2022-06-10
U000011,MOV119109,5.0,2015-05-11
U000851,MOV101108,4.0,2019-11-10
U000016,MOV103605,3.0,2023-11-18
U000001,MOV116524,3.0,2025-10-20
U000056,MOV101539,5.0,2025-05-10
U000003,MOV108657,2.0,2022-12-20
U000083,MOV100298,5.0,2023-01-22
U001177,MOV119204,4.0,2022-06-27
U000003,MOV116470,4.0,2025-11-13
U000118,MOV119272,4.0,2023-09-20
U000001,MOV105900,3.0,2024-12-14
U000057,MOV117066,4.0,2015-03-23
U000022,MOV105990,4.0,2022-05-09
U000001,MOV112643,4.0,2020-04-17
U002032,MOV106689,2.0,2021-09-04
U000007,MOV111159,3.0,2015-03-16
U000001,MOV100095,5.0,2019-12-23
U000001,MOV104391,3.0,2024-08-23
U000034,MOV101877,4.0,2015-11-24
U000291,MOV100557,3.0,2018-03-29
U001736,MOV111595,5.0,2025-02-28
U000530,MOV114993,2.0,2024-02-13
U001186,MOV101756,5.0,2015-10-17
U001401,MOV115641,3.0,2022-07-29
U000004,MOV102358,5.0,2023-11-03
U000450,MOV114748,5.0,2021-09-04
U000010,MOV110467,5.0,2025-07-09
U000001,MOV111906,5.0,2025-09-21
U000010,MOV106412,5.0,2022-09-22
U000007,MOV100941,4.0,2019-06-10
U000039,MOV119635,5.0,2020-09-12
U000029,MOV113656,2.0,2025-09-19
U003390,MOV103841,5.0,2020-08-14
U000001,MOV113132,4.0,2025-06-02
U000002,MOV112692,5.0,2019-08-02
U000120,MOV101681,3.0,2022-05-07
U000973,MOV101491,5.0,2021-01-21
U000084,MOV100006,4.0,2025-11-15
U000654,MOV114510,2.0,2017-10-22
U002054,MOV100006,4.0,2025-10-19
U000004,MOV106336,5.0,2019-12-17
U002876,MOV114072,5.0,2025-07-24
U000013,MOV107971,3.0,2024-03-02
U000012,MOV103936,2.0,2021-10-02
U000374,MOV113766,5.0,2015-09-23
U001989,MOV106212,3.0,2020-07-19
U000002,MOV110924,4.0,2025-04-22
U000012,MOV116820,5.0,2018-04-17
U000010,MOV113132,4.0,2024-12-18
U000044,MOV109221,4.0,2024-09-28
U000319,MOV106641,3.0,2024-12-02
U000050,MOV119635,4.0,2020-10-28
U000001,MOV102058,4.0,2022-10-12
U000001,MOV101417,5.0,2025-06-03
U000003,MOV104768,4.0,2024-10-03
U002093,MOV116154,2.0,2017-04-18
U000032,MOV113790,4.0,2025-03-21
U000789,MOV100006,3.0,2021-04-10
U000002,MOV112513,3.0,2024-06-14
U000001,MOV115070,4.0,2025-12-13
U002255,MOV105896,4.0,2022-01-30
U001411,MOV113048,5.0,2020-06-20
U000025,MOV115413,4.0,2019-01-29
U000001,MOV103017,3.0,2020-02-16
U000170,MOV100006,4.0,2015-09-07
U000002,MOV115823,4.0,2020-03-01
U000001,MOV104816,5.0,2021-07-14
U000048,MOV117066,4.0,2023-02-14
U000553,MOV106656,4.0,2025-03-20
U000010,MOV114852,5.0,2025-07-23
U000846,MOV109831,5.0,2024-04-26
U000001,MOV100758,4.0,2021-07-17
U000025,MOV101623,5.0,2021-03-04
U000001,MOV111484,4.0,2025-02-01
U000039,MOV114896,2.0,
U000814,MOV109221,4.0,2018-09-18
U000009,MOV107769,5.0,2021-07-14
U000002,MOV106378,5.0,2019-11-28
U000002,MOV106370,5.0,2025-05-27
U000831,MOV119272,2.0,2021-11-04
U000005,MOV117660,5.0,2025-05-02
U000001,MOV109920,2.0,2022-07-23
U000004,MOV108024,3.0,2023-11-30
U000073,MOV101120,4.0,2025-04-08
U000039,MOV100342,4.0,2025-05-14
U000399,MOV119635,4.0,2025-10-07
U000434,MOV109709,4.0,2024-06-16
U000066,MOV116956,4.0,2015-04-14
U000004,MOV100681,4.0,2022-06-18
U000850,MOV103334,4.0,2025-06-02
U000340,MOV105990,2.0,2024-11-25
U000003,MOV106699,4.0,2025-12-29
U000139,MOV100006,3.0,2025-10-11
U000073,MOV114896,2.0,2023-02-23
U000025,MOV110388,4.0,2020-05-22
U000043,MOV114626,4.0,2022-07-06
U001154,MOV100006,1.0,2022-11-08
U000063,MOV100700,4.0,2021-05-13
U000051,MOV111963,3.0,2023-01-22
U000980,MOV100831,2.0,2025-03-22
U000002,MOV100262,5.0,2016-03-26
U001591,MOV118043,3.0,2019-05-31
U000007,MOV115324,2.0,2018-06-21
U000010,MOV112903,4.0,2025-06-26
U000001,MOV106916,1.0,2025-12-04
U000003,MOV109340,5.0,2025-06-18
U000193,MOV110475,5.0,2024-07-03
U000005,MOV110337,4.0,2023-12-31
U000001,MOV105162,5.0,2025-12-16
U000022,MOV111876,4.0,2017-05-16
U000286,MOV103145,4.0,2022-10-22
U000301,MOV105990,3.0,2018-05-26
U000724,MOV102996,5.0,2015-04-18
U000040,MOV115311,4.0,2022-04-18
U000014,MOV117251,5.0,2022-03-08
U000188,MOV113048,4.0,2025-12-11
U000002,MOV113418,5.0,2017-07-16
U000009,MOV104018,1.0,2021-11-20
U000005,MOV106110,3.0,2025-03-04
U000004,MOV119591,4.0,2016-04-10
U000328,MOV119635,3.0,2023-12-17
U000996,MOV116787,5.0,
U000006,MOV117948,3.0,2022-05-23
U000002,MOV118952,3.0,2020-01-26
U000305,MOV110026,4.0,2019-09-23
U000190,MOV103768,3.0,2025-03-11
U000163,MOV116710,4.0,2025-05-30
U000009,MOV111134,4.0,2020-05-28
U001297,MOV108912,5.0,2025-11-04
U000027,MOV108091,4.0,2016-10-29
U000001,MOV108827,1.0,2017-11-19
U000609,MOV100006,3.0,2016-04-25
U000304,MOV110475,2.0,2022-08-25
U000001,MOV118328,4.0,2024-01-20
U000050,MOV116140,3.0,2023-01-01
U000004,MOV106634,4.0,2021-12-31
U000317,MOV102303,1.0,2025-11-12
U000001,MOV118281,5.0,2025-02-23
U000017,MOV117485,3.0,2019-10-19
U000077,MOV113811,5.0,2024-03-18
U000759,MOV111159,3.0,2022-12-27
U000486,MOV103841,1.0,2025-05-02
U000028,MOV114780,2.0,2022-11-23
U000003,MOV108265,5.0,2021-05-06
U000183,MOV105644,3.0,2022-04-26
U000507,MOV103764,3.0,2020-02-04
U000380,MOV119635,1.0,2025-11-08
U000210,MOV100588,4.0,2025-10-20
U000142,MOV107386,1.0,2020-12-03
U000007,MOV113195,4.0,2022-03-17
U000030,MOV100557,5.0,2025-08-03
U000601,MOV100006,5.0,2024-04-17
U000034,MOV119416,4.0,2022-09-11
U000045,MOV106640,4.0,2018-12-23
U003506,MOV114993,4.0,2025-10-20
U000001,MOV107017,5.0,2020-10-04
U000028,MOV101681,3.0,2021-05-24
U000065,MOV101998,3.0,2021-04-16
U001292,MOV111034,5.0,2018-11-13
U000057,MOV115501,4.0,2015-06-18
U000006,MOV106834,5.0,2015-05-21
U000274,MOV100006,4.0,2020-02-02
U000029,MOV109471,2.0,2025-10-29
U000009,MOV115595,4.0,2022-11-18
U000005,MOV108419,3.0,2022-10-01
U000004,MOV115014,5.0,2021-09-04
U000106,MOV115312,3.0,2021-02-25
U000001,MOV113768,3.0,2021-07-20
U000036,MOV116400,3.0,2025-06-25
U001558,MOV114993,2.0,2025-05-18
U000477,MOV105538,4.0,2023-07-15
U002537,MOV113048,4.0,2016-07-06
U000035,MOV114023,4.0,2020-12-08
U000003,MOV115205,2.0,2020-11-24
U000551,MOV100006,4.0,2018-01-09
U000094,MOV100006,3.0,2022-05-04
U000011,MOV113465,5.0,2022-09-16
U000003,MOV119660,4.0,2024-06-07
U002433,MOV105990,4.0,2020-05-27
U000085,MOV104752,3.0,2025-04-25
U000021,MOV109897,2.0,2018-04-30
U000276,MOV100006,4.0,2020-05-09
U000165,MOV103610,4.0,2022-06-26
U000001,MOV111217,1.0,2023-12-04
U000016,MOV116203,3.0,2025-07-12
U000003,MOV111092,3.0,2021-12-29
U000238,MOV100557,2.0,2020-04-17
U001212,MOV109221,1.0,2021-08-05
U000012,MOV107913,4.0,2022-09-07
U000001,MOV115108,4.0,2025-10-23
U000001,MOV115403,5.0,2020-05-07
U000002,MOV110526,3.0,2020-06-05
U000013,MOV101202,3.0,2023-09-18
U000838,MOV119635,5.0,2021-12-16
U001384,MOV100006,3.0,2020-12-16
U000262,MOV103759,4.0,2018-04-12
U000024,MOV111671,4.0,2019-02-25
U000003,MOV100542,3.0,2025-07-10
U000001,MOV100226,4.0,
U000002,MOV105644,2.0,2023-02-04
U000001,MOV103771,5.0,2024-02-22
U000019,MOV110641,3.0,2021-02-10
U000130,MOV106336,2.0,2024-12-13
U000599,MOV104768,4.0,2022-10-03
U000361,MOV105896,4.0,2024-01-02
U000008,MOV110904,1.0,2024-09-05
U000002,MOV105224,5.0,2023-09-12
U000001,MOV106252,3.0,2023-10-02
U000165,MOV105990,5.0,2017-04-07
U000019,MOV109340,4.0,2025-11-28
U000920,MOV105990,4.0,2021-11-24
U000001,MOV114714,4.0,2025-11-29
U000008,MOV102448,5.0,2020-04-16
U000045,MOV105990,4.0,2020-11-20
U000787,MOV111451,5.0,2021-01-06
U000002,MOV115671,2.0,2025-11-08
U000599,MOV119635,2.0,2021-05-23
U000001,MOV106939,3.0,2020-10-08
U000520,MOV113495,5.0,2024-04-26
U000032,MOV105661,3.0,2020-09-09
U000002,MOV106021,3.0,2023-08-10
U000355,MOV109340,5.0,2025-09-02
U000059,MOV109913,2.0,2024-09-22
U000002,MOV105616,4.0,2022-08-08
U000471,MOV119672,4.0,2018-10-07
U000052,MOV118753,4.0,2024-10-14
U000015,MOV111524,3.0,2022-05-05
U000013,MOV111306,4.0,2023-01-08
U000110,MOV104557,3.0,2024-09-16
U002822,MOV100006,5.0,2017-09-29
U000165,MOV104371,3.0,2021-10-26
U000552,MOV105760,3.0,2024-11-01
U000006,MOV116893,3.0,2022-11-26
U000034,MOV102047,5.0,2024-01-19
U000011,MOV101034,3.0,2021-09-30
U001658,MOV103542,3.0,2025-02-27
U000001,MOV102239,2.0,2018-11-27
U000101,MOV114784,2.0,2024-12-19
U000003,MOV118710,2.0,2025-06-20
U000001,MOV110809,1.0,2025-12-11
U000005,MOV103768,2.0,2024-02-01
U000001,MOV108434,2.0,2025-04-24
U000002,MOV107128,5.0,2025-02-10
U000001,MOV117928,5.0,2025-09-02
U000001,MOV103929,3.0,2024-02-19
U000010,MOV110192,5.0,2025-03-17
U000001,MOV111936,3.0,2016-04-04
U000140,MOV107257,3.0,2020-12-05
U000001,MOV102023,5.0,2023-01-05
U000001,MOV102921,5.0,2023-09-15
U000025,MOV102023,4.0,2020-04-29
U000065,MOV100130,3.0,2021-05-22
U000025,MOV117948,4.0,2017-03-25
U000068,MOV116388,5.0,2021-11-22
U000099,MOV100613,1.0,2025-09-28
U000020,MOV110026,2.0,2016-03-02
U000718,MOV113048,4.0,2024-11-19
U000006,MOV101202,5.0,2020-04-07
U000003,MOV114518,5.0,2023-09-27
U000001,MOV108133,5.0,2024-08-10
U000029,MOV104002,4.0,2020-02-01
U000001,MOV117502,4.0,2023-07-08
U000008,MOV109719,1.0,2022-07-02
U000186,MOV105990,2.0,2024-11-28
U000002,MOV109115,5.0,
U000005,MOV114784,4.0,2016-06-16
U000024,MOV100006,3.0,2019-01-05
U000001,MOV115460,4.0,2021-11-02
U000135,MOV105990,5.0,2016-11-26
U000299,MOV104018,4.0,2019-11-09
U000004,MOV107607,5.0,2024-04-03
U000088,MOV101396,5.0,2025-03-14
U000015,MOV117793,3.0,2019-04-07
U001336,MOV119635,5.0,2022-06-24
U000526,MOV105990,4.0,2017-08-24
U000003,MOV103931,1.0,2023-09-24
U000004,MOV113838,3.0,2025-05-30
U000065,MOV101344,4.0,2025-03-27
U000006,MOV113012,2.0,2025-03-16
U000242,MOV109719,1.0,2015-10-27
U000003,MOV106122,3.0,2021-09-26
U000003,MOV112179,4.0,2024-10-15
U000267,MOV110345,4.0,2021-09-19
U000607,MOV101539,1.0,2019-08-01
U000095,MOV119272,5.0,2024-04-22
U001422,MOV114626,4.0,2024-10-02
U000009,MOV108419,4.0,2024-06-02
U000007,MOV119116,4.0,2016-06-10
U000009,MOV105133,4.0,2017-02-15
U000001,MOV113999,4.0,2022-05-19
U000002,MOV104975,3.0,2021-08-08
U000002,MOV107386,4.0,2021-12-14
U000001,MOV116787,4.0,
U000336,MOV111300,5.0,2025-11-18
U000301,MOV117251,3.0,2021-02-07
U000004,MOV119008,3.0,2025-11-21
U002567,MOV110026,4.0,2020-07-12
U000299,MOV112136,1.0,2016-08-28
U000002,MOV101373,3.0,2025-07-25
U000092,MOV100006,2.0,2025-10-25
U000357,MOV110790,4.0,2025-09-11
U000078,MOV100006,4.0,2015-03-22
U000002,MOV111639,4.0,2024-02-16
U000003,MOV107602,5.0,2023-03-20
U000408,MOV111667,4.0,2022-09-19
U000001,MOV113615,4.0,2018-09-06
U000634,MOV115151,4.0,2021-05-25
U000372,MOV119635,4.0,2024-07-04
U000019,MOV108984,4.0,2024-06-25
U000162,MOV101061,5.0,2024-06-18
U000114,MOV110026,4.0,2024-09-18
U001901,MOV103446,5.0,2021-10-18
U000058,MOV109221,3.0,2025-02-15
U000095,MOV108508,4.0,2021-06-02
U000230,MOV104456,1.0,2021-09-24
U000001,MOV108350,4.0,2023-06-30
U001570,MOV118556,3.0,2018-08-27
U004011,MOV101108,3.0,2023-01-19
U000302,MOV115098,5.0,2023-10-24
U000022,MOV101108,4.0,2024-11-18
U000227,MOV100006,5.0,2020-03-19
U000238,MOV100006,5.0,2024-01-13
U000571,MOV111217,4.0,2024-04-27
U002453,MOV106691,4.0,2025-09-22
U000004,MOV106388,4.0,2025-11-05
U000902,MOV105990,2.0,2024-12-24
U000003,MOV102643,4.0,2021-11-16
U001877,MOV116181,4.0,2022-06-22
U000001,MOV101871,3.0,2021-09-13
U000584,MOV100006,3.0,2024-10-09
U000097,MOV105990,3.0,2025-10-07
U000023,MOV111831,3.0,2020-12-03
U001091,MOV109624,5.0,2021-09-02
U000001,MOV104020,1.0,2024-08-07
U000004,MOV105558,1.0,2024-09-22
U000085,MOV109221,1.0,2023-02-24
U000005,MOV117251,5.0,2015-03-04
U000189,MOV119635,5.0,2025-07-31
U000009,MOV111017,4.0,
U000189,MOV117107,5.0,2024-04-13
U001190,MOV113048,5.0,2016-03-20
U000916,MOV110262,3.0,2024-03-16
U000001,MOV112692,5.0,2022-05-08
U000028,MOV115480,4.0,2025-06-06
U000006,MOV109874,4.0,2020-04-25
U000039,MOV100006,3.0,2022-05-10
U000006,MOV113048,1.0,2024-03-07
U000268,MOV118145,5.0,2019-11-07
U000014,MOV101209,3.0,2021-03-30
U000102,MOV102610,5.0,2023-12-15
U000001,MOV105799,3.0,2025-06-12
U001753,MOV100557,4.0,2025-02-07
U000017,MOV111292,2.0,2019-10-08
U000003,MOV118089,4.0,2022-07-02
U000112,MOV110790,5.0,2025-02-21
U000001,MOV105358,4.0,2020-06-15
U000003,MOV100831,5.0,2025-09-14
U000001,MOV118783,1.0,2019-11-22
U001386,MOV118556,4.0,2023-12-26
U000002,MOV116203,4.0,
U000190,MOV106037,2.0,2024-05-15
U000178,MOV119635,4.0,2022-03-11
U000323,MOV105990,4.0,2023-04-25
U000349,MOV100006,4.0,2022-11-13
U000289,MOV109221,3.0,2024-12-25
U000120,MOV116987,5.0,2020-12-03
U000115,MOV119635,5.0,2020-04-11
U000123,MOV106021,3.0,2024-08-29
U003264,MOV102362,3.0,2020-05-31
U000003,MOV106640,4.0,2023-03-07
U000007,MOV118545,5.0,2015-10-15
U000145,MOV106701,5.0,2025-03-21
U000040,MOV101306,4.0,2023-01-04
U000025,MOV103182,3.0,2023-03-12
U000624,MOV105109,1.0,2022-07-11
U000070,MOV119550,5.0,2022-02-16
U000008,MOV112283,1.0,2015-10-01
U000112,MOV114993,5.0,2022-08-17
U000007,MOV101202,2.0,2017-11-16
U000008,MOV116849,3.0,2020-02-04
U000061,MOV105990,3.0,2015-08-30
U001757,MOV104743,4.0,2025-07-26
U001971,MOV104903,4.0,2018-11-06
U001535,MOV111034,5.0,2024-04-01
U000430,MOV104697,4.0,2024-10-04
U000070,MOV114289,3.0,2022-04-16
U000097,MOV107828,4.0,2018-06-16
U000001,MOV104659,5.0,2022-02-17
U000006,MOV112097,3.0,2022-10-13
U000249,MOV111271,4.0,2024-11-02
U000010,MOV117251,4.0,2020-06-09
U000031,MOV117793,4.0,2023-04-04
U000071,MOV114813,5.0,2018-05-22
U000582,MOV119030,4.0,2015-08-25
U000002,MOV102303,2.0,2022-10-04
U000887,MOV110294,4.0,2025-04-30
U000004,MOV119150,5.0,2023-12-23
U000047,MOV106158,5.0,2025-05-21
U004179,MOV111817,4.0,2024-12-19
U000107,MOV114993,5.0,2024-01-22
U000010,MOV105896,3.0,2025-06-04
U000024,MOV117349,3.0,2024-12-12
U000049,MOV100016,4.0,2025-03-26
U000067,MOV111017,4.0,2018-06-14
U000004,MOV110022,4.0,2020-10-02
U000108,MOV104816,4.0,2024-05-30
U000002,MOV119859,4.0,2018-06-01
U000020,MOV108011,5.0,2019-10-22
U000001,MOV108414,4.0,2024-09-22
U000005,MOV110467,4.0,2023-11-01
U002670,MOV100006,5.0,2023-11-24
U001276,MOV112660,5.0,2022-09-05
U000726,MOV111999,4.0,2024-03-25
U000022,MOV114784,2.0,2022-04-29
U000001,MOV109225,5.0,2025-03-28
U001811,MOV100006,5.0,2022-10-15
U000027,MOV108383,2.0,2025-04-04
U000006,MOV105277,3.0,2017-10-02
U000001,MOV102258,4.0,2018-07-30
U000010,MOV106721,4.0,2018-03-25
U000756,MOV100006,4.0,2022-09-29
U000001,MOV119782,2.0,2024-06-09
U000094,MOV101053,4.0,2024-04-23
U000003,MOV102801,5.0,2025-07-11
U000073,MOV116410,3.0,2025-07-27
U000013,MOV113483,4.0,2025-08-25
U000022,MOV110304,5.0,2021-02-15
U000001,MOV104752,3.0,2023-10-27
U000016,MOV111812,4.0,2025-10-07
U000013,MOV104768,5.0,2025-11-11
U000020,MOV112298,4.0,2021-08-05
U000017,MOV111305,1.0,2015-11-04
U000001,MOV119447,5.0,2023-11-21
U000009,MOV108557,4.0,2019-11-23
U001116,MOV101108,5.0,2025-12-18
U000412,MOV110026,4.0,2024-04-08
U000025,MOV112838,5.0,2025-07-21
U000183,MOV105215,4.0,2024-08-02
U000040,MOV105395,3.0,2024-09-02
U000011,MOV108557,4.0,2022-07-09
U000059,MOV100437,4.0,2020-03-15
U000005,MOV104975,5.0,2018-05-19
U000006,MOV113766,1.0,2022-06-15
U000019,MOV101108,5.0,2019-02-28
U004188,MOV112212,4.0,2018-06-30
U000113,MOV103047,5.0,2019-08-02
U000578,MOV119635,3.0,2018-08-05
U000025,MOV105948,3.0,2021-02-05
U001972,MOV101714,4.0,2024-03-21
U000656,MOV102672,5.0,2021-01-21
U001850,MOV106333,4.0,2018-12-10
U000107,MOV117595,5.0,2021-11-13
U000164,MOV119204,4.0,2024-09-09
U000259,MOV107386,2.0,2018-10-11
U000080,MOV101108,5.0,2018-05-29
U000291,MOV112813,5.0,2024-02-11
U000412,MOV110790,4.0,2020-12-16
U000002,MOV107772,3.0,2022-03-19
U000392,MOV100006,3.0,2016-08-17
U000876,MOV107386,2.0,2022-12-27
U001353,MOV116956,4.0,2021-08-14
U000010,MOV100831,5.0,2018-04-18
U000136,MOV117948,5.0,2025-10-15
U000001,MOV104118,2.0,2017-10-26
U002042,MOV102899,4.0,2018-02-18
U000197,MOV103605,5.0,2025-12-05
U000012,MOV111888,5.0,2025-09-23
U000088,MOV111973,2.0,2025-11-16
U002993,MOV117851,4.0,2025-06-10
U000110,MOV110026,4.0,2023-08-03
U000014,MOV111087,4.0,2022-01-21
U000005,MOV111029,3.0,2025-12-03
U000544,MOV105990,1.0,2025-09-11
U000136,MOV119272,5.0,2024-07-18
U000361,MOV100006,4.0,2025-11-05
U000002,MOV106430,4.0,2025-03-14
U000026,MOV111675,1.0,2024-02-10
U001209,MOV110506,3.0,2023-03-08
U000103,MOV108241,5.0,2024-08-16
U000117,MOV105557,4.0,2020-11-17
U000005,MOV104018,4.0,2022-10-02
U000001,MOV118449,5.0,2019-08-14
U000183,MOV117066,4.0,2025-05-27
U000216,MOV117904,3.0,2018-07-12
U003636,MOV119482,3.0,2025-07-10
U000239,MOV119635,3.0,2015-07-17
U002120,MOV101202,4.0,2025-07-06
U000006,MOV117066,1.0,2024-11-21
U000003,MOV104436,3.0,2015-09-21
U000017,MOV117251,4.0,2024-11-18
U000001,MOV110144,5.0,2025-04-02
U000001,MOV108594,5.0,2025-12-11
U000005,MOV117793,3.0,2023-02-26
U000057,MOV112837,3.0,2025-11-18
U000035,MOV113800,1.0,2024-07-14
U000039,MOV119204,5.0,2019-03-30
U000009,MOV110475,4.0,2025-06-12
U000020,MOV112097,5.0,2017-07-11
U000025,MOV107909,4.0,2021-05-09
U001364,MOV113048,2.0,2024-10-30
U000016,MOV112258,5.0,2019-09-09
U000502,MOV102435,2.0,2021-05-04
U000002,MOV108326,5.0,2022-06-22
U000001,MOV103806,3.0,2023-03-12
U000008,MOV102303,4.0,2022-08-30
U000104,MOV109184,2.0,2022-09-06
U000002,MOV103085,5.0,2022-08-23
U000004,MOV102141,2.0,2024-07-04
U000036,MOV113611,5.0,2025-05-15
U000016,MOV114626,4.0,2025-08-30
U000003,MOV117601,4.0,2025-01-14
U000061,MOV100006,5.0,2022-01-25
U000001,MOV108774,3.0,2023-03-06
U000007,MOV115153,5.0,2021-02-26
U000026,MOV111966,5.0,2023-01-19
U002895,MOV105990,1.0,2020-02-16
U000016,MOV107070,3.0,2021-10-27
U000002,MOV112936,2.0,2025-07-10
U002062,MOV108506,3.0,2019-10-04
U000002,MOV115312,4.0,2017-08-15
U000633,MOV111034,4.0,2024-03-17
U000010,MOV119421,2.0,2024-11-22
U000012,MOV105990,3.0,2023-02-11
U002295,MOV100006,3.0,2025-07-08
U000996,MOV100006,3.0,2020-02-03
U000005,MOV103921,4.0,2018-06-29
U000001,MOV100575,4.0,2020-09-08
U000007,MOV118120,3.0,2024-10-29
U000029,MOV119660,2.0,2020-07-09
U000001,MOV118035,5.0,2023-09-04
U000046,MOV107742,4.0,
U000091,MOV101108,5.0,2019-07-11
U000028,MOV119186,5.0,2024-02-19
U000017,MOV106850,1.0,2021-05-13
U000032,MOV102473,5.0,2025-01-31
U000012,MOV114896,4.0,2022-11-08
U000058,MOV114424,1.0,2025-10-11
U002358,MOV103605,4.0,2023-07-30
U000006,MOV105679,4.0,2024-01-04
U000231,MOV116710,4.0,2025-11-01
U000178,MOV114993,3.0,2020-04-11
U000015,MOV115409,4.0,2020-02-12
U003615,MOV106333,4.0,2024-06-16
U000011,MOV114775,4.0,2022-02-27
U000173,MOV105990,4.0,2025-03-11
U000037,MOV117057,5.0,2025-05-30
U000022,MOV109140,3.0,2018-09-14
U000017,MOV107386,4.0,2015-06-01
U000204,MOV100006,3.0,2025-04-03
U000117,MOV105938,4.0,2021-10-28
U000003,MOV105644,2.0,2024-10-11
U000026,MOV110144,4.0,2024-11-24
U000018,MOV100006,3.0,2021-10-11
U000119,MOV119272,4.0,2019-03-31
U000156,MOV105990,5.0,2016-12-09
U000001,MOV112347,3.0,2022-09-13
U000709,MOV102151,1.0,2022-08-08
U001144,MOV100006,4.0,2023-11-02
U000714,MOV100006,4.0,2025-10-16
U000001,MOV105942,4.0,2024-02-16
U000002,MOV112854,4.0,2023-07-03
U000055,MOV106940,4.0,2022-08-26
U000001,MOV110828,4.0,2025-11-10
U000001,MOV102473,4.0,2024-07-19
U000010,MOV114626,4.0,2023-04-11
U000381,MOV105990,3.0,2019-07-27
U000455,MOV105990,3.0,2025-11-09
U000676,MOV111475,1.0,2017-09-10
U000161,MOV109602,4.0,2017-11-22
U000246,MOV100006,4.0,2018-12-27
U000070,MOV110026,4.0,2018-03-22
U003189,MOV119635,4.0,2020-11-26
U000109,MOV100006,3.0,2020-08-24
U000171,MOV106834,3.0,2025-07-16
U003292,MOV101108,4.0,2024-04-17
U000001,MOV117524,4.0,2019-10-25
U000768,MOV114993,4.0,2016-10-29
U000114,MOV100880,3.0,2025-06-09
U000002,MOV118035,5.0,2018-04-28
U000019,MOV114639,5.0,2022-09-17
U000228,MOV100557,2.0,2025-10-25
U000004,MOV103350,3.0,2018-07-10
U000390,MOV105896,4.0,2018-04-30
U000050,MOV119204,4.0,2025-01-02
U000002,MOV105880,1.0,2024-05-19
U000001,MOV118510,5.0,2023-07-15
U001364,MOV117851,5.0,2018-08-23
U000182,MOV108556,3.0,2023-11-27
U000005,MOV106063,2.0,2025-12-15
U000001,MOV112825,4.0,2016-07-31
U000435,MOV100006,4.0,2019-03-07
U000012,MOV119824,2.0,2017-07-10
U000168,MOV100006,2.0,2024-11-28
U000001,MOV106850,4.0,2024-10-30
U000166,MOV106518,4.0,2022-08-16
U000007,MOV100831,3.0,2023-10-14
U000003,MOV100751,4.0,2023-05-24
U003640,MOV109759,1.0,2021-02-21
U003949,MOV101789,5.0,2016-02-11
U000002,MOV106689,4.0,2019-10-09
U000204,MOV110193,3.0,2025-07-29
U000008,MOV115158,4.0,2019-09-29
U000021,MOV103709,3.0,2024-11-25
U000021,MOV119743,1.0,2019-10-18
U000011,MOV109328,3.0,2020-09-08
U000044,MOV113048,4.0,2023-05-13
U000157,MOV100557,2.0,2021-01-22
U002250,MOV105077,3.0,2025-01-03
U000134,MOV116663,2.0,2023-11-24
U000044,MOV113800,5.0,2022-05-04
U000348,MOV103610,3.0,
U000089,MOV118828,3.0,2020-05-06
U000044,MOV103605,4.0,2022-12-19
U001345,MOV101108,4.0,2022-11-10
U000191,MOV114626,4.0,2023-02-19
U000010,MOV113418,4.0,2024-02-01
U000472,MOV119635,5.0,2020-06-25
U000035,MOV102047,5.0,2020-06-04
U000019,MOV111907,3.0,2021-09-06
U000324,MOV117251,4.0,2025-05-03
U000178,MOV100006,4.0,2023-08-13
U000096,MOV109221,4.0,2015-03-18
U000128,MOV110304,5.0,2025-11-25
U000011,MOV111271,2.0,2020-01-15
U000077,MOV114626,3.0,
U000007,MOV109759,4.0,2021-07-24
U000013,MOV114199,4.0,2023-02-11
U002140,MOV119635,4.0,2022-02-19
U000015,MOV110026,4.0,2018-10-02
U000410,MOV109221,5.0,2019-04-29
U000002,MOV115070,2.0,2024-03-07
U000009,MOV107787,1.0,2021-08-28
U001171,MOV105990,5.0,2025-12-21
U000104,MOV110926,3.0,2025-09-02
U002342,MOV101438,5.0,2018-08-31
U000008,MOV119204,4.0,2020-05-21
U000003,MOV100557,4.0,2022-10-17
U000043,MOV106403,5.0,2016-03-04
U000035,MOV108449,3.0,2015-09-26
U000001,MOV103927,2.0,2025-08-25
U000001,MOV100043,4.0,2017-09-22
U000345,MOV114993,4.0,2025-06-22
U000001,MOV118333,4.0,2021-04-27
U000036,MOV106333,4.0,2025-08-06
U000003,MOV112442,4.0,2024-08-20
U000005,MOV102666,1.0,2021-04-22
U000016,MOV113876,2.0,2023-07-01
U001100,MOV105482,4.0,2019-09-13
U000002,MOV106403,4.0,2022-07-09
U000024,MOV114626,3.0,2019-12-14
U000004,MOV113982,5.0,2025-02-24
U000001,MOV119728,3.0,2021-11-07
U000184,MOV101108,4.0,2025-10-19
U002189,MOV111029,2.0,2018-12-09
U000065,MOV100012,2.0,2024-08-31
U000050,MOV117851,4.0,2021-12-09
U000004,MOV101237,4.0,2025-02-18
U000226,MOV105990,3.0,2024-02-10
U003936,MOV103605,4.0,2020-03-25
U000321,MOV114909,4.0,2018-05-16
U000017,MOV114426,5.0,2021-06-23
U000001,MOV108883,2.0,2025-04-03
U000004,MOV116545,4.0,2021-08-25
U000002,MOV104442,4.0,2025-08-16
U000001,MOV106874,1.0,2024-02-19
U000001,MOV104138,5.0,2024-04-18
U000003,MOV103367,5.0,2022-04-18
U001415,MOV100006,3.0,2021-02-04
U000042,MOV103122,4.0,2025-05-15
U000023,MOV110118,3.0,2025-04-16
U000696,MOV119272,3.0,2018-12-09
U000003,MOV108402,4.0,2024-01-20
U000011,MOV110262,5.0,2023-12-04
U003362,MOV100006,4.0,2025-07-12
U000156,MOV105446,1.0,2023-12-08
U000018,MOV111029,4.0,2024-09-14
U000005,MOV104752,5.0,2025-01-03
U001402,MOV116720,3.0,2021-09-18
U000003,MOV106962,3.0,2022-09-29
U000001,MOV118260,3.0,2019-07-12
U000009,MOV115960,1.0,2022-08-30
U000023,MOV111639,1.0,2025-01-17
U000153,MOV113656,2.0,2018-04-09
U000007,MOV103841,2.0,2024-08-29
U000033,MOV104768,5.0,2021-03-03
U002502,MOV119272,4.0,2022-11-29
U000001,MOV104076,4.0,2022-11-03
U000027,MOV100006,2.0,2022-05-04
U000441,MOV105566,3.0,2021-07-06
U000002,MOV111724,3.0,2016-07-26
U000002,MOV114797,3.0,2024-12-21
U000295,MOV119272,4.0,2016-04-18
U000252,MOV108245,5.0,2022-01-17
U000014,MOV101539,3.0,2025-05-03
U000001,MOV100618,3.0,2022-08-14
U000612,MOV119635,4.0,2018-07-15
U000225,MOV119204,4.0,2021-09-23
U000019,MOV108506,4.0,2025-04-14
U000001,MOV107786,5.0,2022-01-19
U000010,MOV113728,5.0,2024-04-15
U000034,MOV116966,4.0,2019-05-07
U000148,MOV101108,3.0,2018-10-14
U002057,MOV114601,5.0,2023-03-16
U000002,MOV109874,5.0,2020-03-06
U000253,MOV105990,5.0,2018-08-27
U000004,MOV104354,1.0,2016-01-03
U000710,MOV105990,4.0,2020-01-24
U000025,MOV105990,5.0,2018-10-31
U000026,MOV113048,4.0,2021-11-14
U000008,MOV112305,4.0,2025-03-17
U000005,MOV118229,4.0,2025-02-08
U000013,MOV110985,5.0,2023-03-21
U000010,MOV114993,4.0,2025-10-05
U000003,MOV110809,3.0,2019-09-06
U000372,MOV119272,5.0,2021-12-16
U000046,MOV103610,2.0,2024-06-18
U003796,MOV110790,4.0,2023-06-30
U000080,MOV111434,3.0,2021-09-12
U002736,MOV110026,2.0,2018-12-08
U000183,MOV113048,4.0,2019-06-07
U001397,MOV115115,4.0,2025-04-18
U000548,MOV101108,4.0,2018-05-28
U000003,MOV117251,4.0,2021-07-02
U001569,MOV103332,5.0,2025-09-15
U000221,MOV110179,4.0,2020-09-10
U000124,MOV119164,4.0,2024-09-03
U000385,MOV119635,4.0,2018-06-24
U000366,MOV105282,3.0,2025-09-26
U000001,MOV109321,5.0,2019-07-25
U000071,MOV109221,3.0,2023-10-06
U000017,MOV106594,5.0,2025-06-13
U000003,MOV119140,5.0,2024-10-16
U000758,MOV109031,3.0,2020-07-16
U000096,MOV119672,2.0,2022-01-15
U004042,MOV109221,2.0,2023-12-24
U000003,MOV100726,4.0,2024-10-04
U000001,MOV109536,1.0,2018-05-16
U000043,MOV106333,4.0,2016-01-26
U000065,MOV119204,4.0,2025-05-22
U000003,MOV109671,5.0,2024-06-24
U000001,MOV107772,1.0,2020-03-07
U003753,MOV119272,4.0,2023-07-23
U000016,MOV108633,5.0,2020-08-13
U000036,MOV105990,3.0,2016-07-05
U000010,MOV106689,5.0,2023-03-07
U001369,MOV105990,4.0,2020-10-02
U000001,MOV118828,5.0,2024-07-13
U000005,MOV105165,5.0,2023-05-17
U000016,MOV101202,5.0,2021-03-01
U000223,MOV118556,2.0,2024-11-26
U000053,MOV106037,4.0,2018-11-27
U000971,MOV114993,4.0,2020-03-08
U000003,MOV100713,3.0,2021-03-28
U000005,MOV111905,4.0,2022-03-11
U000018,MOV118159,4.0,2025-02-18
U000001,MOV117035,2.0,2021-12-04
U000154,MOV105896,4.0,2016-07-22
U000009,MOV110790,5.0,2023-10-12
U000012,MOV116100,5.0,2018-11-16
U000037,MOV103605,1.0,2024-10-16
U000013,MOV103189,4.0,2018-09-10
U002109,MOV115200,4.0,2024-10-19
U000177,MOV100557,4.0,2022-12-29
U000001,MOV116990,1.0,2023-07-07
U000022,MOV101785,5.0,2020-08-31
U000090,MOV105764,4.0,2015-12-02
U001759,MOV105990,4.0,2018-03-30
U000002,MOV114872,3.0,2024-05-15
U000039,MOV101217,3.0,2022-06-23
U000084,MOV111352,5.0,2023-08-02
U000341,MOV112021,4.0,2021-05-22
U000051,MOV101108,3.0,2025-07-26
U003735,MOV118828,4.0,2025-01-13
U000006,MOV110790,3.0,2022-03-28
U000122,MOV113048,4.0,2018-11-23
U000034,MOV111849,5.0,2016-10-14
U000072,MOV100006,4.0,2024-04-13
U000482,MOV119635,3.0,2015-06-12
U000727,MOV116719,1.0,2025-01-12
U000001,MOV102610,3.0,2023-05-17
U000005,MOV116470,4.0,2019-06-21
U000138,MOV119272,2.0,2025-10-17
U000043,MOV113048,5.0,2024-04-14
U000014,MOV110790,2.0,2021-05-28
U000003,MOV112733,4.0,2022-07-25
U000001,MOV116806,3.0,2020-01-27
U001048,MOV101108,4.0,2025-06-26
U000193,MOV117895,4.0,2017-07-14
U000379,MOV113473,4.0,2021-08-30
U001453,MOV105990,4.0,2018-05-25
U000062,MOV111271,3.0,2025-10-27
U000007,MOV104165,5.0,2019-01-20
U000352,MOV111624,3.0,2021-01-10
U000001,MOV105761,5.0,2022-10-28
U000119,MOV100006,4.0,2025-09-03
U000002,MOV101012,5.0,2024-08-10
U000012,MOV104429,1.0,2018-06-11
U000261,MOV105896,4.0,2018-05-15
U001031,MOV100006,1.0,2017-01-09
U000067,MOV102842,3.0,2020-07-08
U000553,MOV100006,4.0,2020-09-25
U000004,MOV113900,5.0,2022-08-20
U000066,MOV102232,4.0,2021-06-18
U000029,MOV116470,4.0,2021-11-27
U000004,MOV107386,4.0,2022-08-17
U000001,MOV101539,4.0,2017-06-03
U000028,MOV100831,5.0,2021-05-14
U000008,MOV108813,4.0,2025-11-30
U000008,MOV103894,3.0,2020-11-25
U000853,MOV101976,4.0,2017-10-07
U000019,MOV115519,5.0,2023-04-12
U000015,MOV118408,5.0,2022-09-04
U000014,MOV114626,4.0,2023-02-24
U000080,MOV100006,3.0,2025-02-12
U000015,MOV106426,3.0,2024-02-14
U001355,MOV115413,2.0,2017-05-26
U000162,MOV109140,4.0,2025-05-16
U000447,MOV111671,3.0,2024-05-15
U000028,MOV109166,4.0,2018-11-06
U000096,MOV117985,4.0,2025-08-05
U000029,MOV114626,4.0,2025-10-16
U000216,MOV100535,2.0,2024-10-12
U000275,MOV114626,4.0,2025-09-30
U000821,MOV100006,3.0,2025-12-30
U000017,MOV115268,4.0,2025-06-29
U000001,MOV105768,5.0,2017-02-18
U000138,MOV102303,2.0,2015-02-21
U000001,MOV109759,3.0,2019-12-04
U000368,MOV107070,4.0,2019-10-23
U002507,MOV111397,5.0,2025-01-09
U000298,MOV111574,3.0,2021-07-23
U000152,MOV111134,2.0,2024-01-23
U002594,MOV112303,4.0,2016-10-08
U000005,MOV108598,4.0,2025-09-04
U004269,MOV110530,4.0,2022-12-12
U001756,MOV108419,3.0,2016-09-26
U000053,MOV102948,4.0,2024-05-17
U000227,MOV104579,1.0,2023-05-29
U000163,MOV107912,3.0,2018-09-21
U001184,MOV110262,2.0,2024-09-10
U001116,MOV110475,3.0,2019-03-06
U000001,MOV108613,3.0,2022-07-21
U000009,MOV102358,5.0,2025-02-25
U000012,MOV110790,5.0,2025-07-14
U000002,MOV107318,4.0,2024-12-10
U000006,MOV114779,4.0,2019-07-20
U000134,MOV109629,4.0,2018-01-13
U000918,MOV112232,1.0,2020-11-29
U000289,MOV104883,4.0,2024-07-19
U000667,MOV111472,3.0,2019-06-02
U000022,MOV100754,3.0,2018-02-09
U001719,MOV110828,3.0,2020-07-08
U000001,MOV115268,3.0,2024-07-19
U000059,MOV100006,4.0,2023-01-22
U000109,MOV105644,4.0,2017-02-11
U000035,MOV100906,3.0,2024-06-14
U000120,MOV112353,3.0,2025-08-08
U000013,MOV111159,3.0,2024-09-27
U000063,MOV106689,4.0,2022-02-15
U000100,MOV108414,3.0,2022-10-12
U000051,MOV109221,4.0,2023-08-10
U000013,MOV111217,5.0,2024-06-10
U000240,MOV100006,5.0,2025-10-11
U000001,MOV104456,5.0,2018-02-26
U000115,MOV111434,5.0,2025-08-10
U000005,MOV106660,4.0,2015-10-25
U001891,MOV114626,4.0,2024-10-25
U000009,MOV104770,4.0,2023-12-21
U000486,MOV112960,4.0,2025-09-08
U000006,MOV111217,2.0,2025-11-07
U000041,MOV110128,2.0,2019-06-03
U000004,MOV104975,4.0,2021-01-21
U000007,MOV110828,5.0,2019-11-14
U000016,MOV100557,5.0,2025-09-04
U000030,MOV114784,5.0,2022-08-25
U000003,MOV117770,5.0,2016-01-16
U000011,MOV117962,3.0,2018-06-22
U000001,MOV119667,4.0,2024-05-12
U004444,MOV119660,4.0,2025-05-26
U000001,MOV111786,4.0,2025-11-13
U000267,MOV100006,2.0,2021-10-11
U000013,MOV112461,3.0,2023-04-17
U000030,MOV113800,4.0,2022-12-10
U000152,MOV108506,4.0,2015-02-04
U000014,MOV111472,4.0,2025-09-20
U000073,MOV117485,5.0,2020-12-15
U000023,MOV113048,4.0,2022-02-12
U000005,MOV119292,2.0,2025-05-02
U000023,MOV109602,2.0,2023-04-06
U000003,MOV114896,5.0,2016-07-24
U000041,MOV114626,1.0,2025-09-16
U000001,MOV111686,1.0,2019-02-08
U000006,MOV111271,3.0,2025-11-04
U000013,MOV105896,3.0,2021-07-18
U000004,MOV119090,4.0,2021-05-19
U000001,MOV114540,5.0,2018-12-29
U000015,MOV113048,2.0,2024-02-24
U000141,MOV119635,4.0,2018-01-19
U000690,MOV102743,3.0,2022-10-16
U000001,MOV103032,4.0,2021-05-04
U000012,MOV106874,2.0,2023-01-10
U000001,MOV104307,3.0,2021-01-08
U000001,MOV111058,3.0,2024-04-30
U000390,MOV104244,2.0,2022-10-09
U000001,MOV113715,3.0,2024-03-27
U000005,MOV118178,2.0,2025-09-10
U000005,MOV109488,3.0,2023-03-04
U000018,MOV117251,3.0,2025-03-13
U000002,MOV103593,3.0,2017-03-30
U000388,MOV117196,4.0,2025-12-03
U000002,MOV111271,4.0,2019-03-27
U000029,MOV107435,1.0,2025-10-01
U000047,MOV119204,3.0,2024-03-26
U000514,MOV117349,4.0,2017-10-15
U000123,MOV116710,4.0,2019-09-19
U000006,MOV115312,4.0,2020-01-18
U000009,MOV106037,4.0,2025-10-01
U000005,MOV106640,1.0,2018-06-15
U000023,MOV107942,4.0,2017-08-01
U000002,MOV104244,5.0,2024-12-27
U000704,MOV113230,3.0,2025-02-04
U000003,MOV113197,4.0,2025-07-16
U000040,MOV119635,3.0,2022-02-28
U000280,MOV105990,3.0,2020-05-18
U000003,MOV101337,4.0,2024-12-30
U000019,MOV111029,4.0,2023-05-22
U000003,MOV103681,2.0,2024-12-04
U000003,MOV100208,5.0,2025-12-15
U000010,MOV114871,3.0,2023-08-03
U000003,MOV100931,4.0,2025-02-05
U000002,MOV101396,2.0,2023-11-30
U000015,MOV118159,4.0,2024-12-26
U000001,MOV108002,5.0,2021-07-19
U000259,MOV118545,3.0,2021-02-04
U000113,MOV118211,3.0,2019-02-02
U000003,MOV101194,4.0,2022-02-25
U000003,MOV106037,1.0,2025-12-21
U000045,MOV112260,4.0,2015-02-06
U000192,MOV116470,5.0,2016-03-10
U000002,MOV100355,4.0,2018-02-15
U000537,MOV100006,4.0,2021-08-23
U000190,MOV114308,4.0,
U001075,MOV100006,5.0,2020-11-17
U000531,MOV116181,3.0,2018-09-27
U000005,MOV117948,2.0,2023-11-16
U000038,MOV104259,2.0,2024-08-31
U000015,MOV110828,4.0,2019-10-23
U000025,MOV112137,4.0,2024-04-19
U000200,MOV101268,3.0,2019-03-05
U000007,MOV117293,2.0,2025-08-11
U000001,MOV104060,3.0,2022-07-15
U000278,MOV114993,3.0,2025-03-31
U000001,MOV115615,5.0,2024-01-06
U000015,MOV119635,3.0,2022-11-03
U000423,MOV106333,2.0,2021-05-10
U000001,MOV114066,4.0,2022-10-29
U000001,MOV119538,3.0,2025-08-07
U000004,MOV104768,5.0,2024-01-29
U000023,MOV115759,4.0,2023-04-13
U000002,MOV113706,5.0,2016-07-02
U000005,MOV105462,3.0,2018-09-24
U000086,MOV111425,4.0,2025-11-05
U000347,MOV114710,4.0,2020-06-10
U000006,MOV110388,5.0,2019-11-07
U002342,MOV116470,4.0,2025-08-02
U000006,MOV101818,1.0,2025-01-02
U000473,MOV101034,4.0,2020-04-05
U000106,MOV111159,3.0,2025-07-15
U000005,MOV102141,1.0,2018-05-10
U000001,MOV118401,4.0,2021-05-10
U003168,MOV101727,4.0,2024-09-07
U000074,MOV110295,4.0,2024-05-12
U000087,MOV110026,3.0,2025-09-14
U000003,MOV119859,2.0,2025-09-19
U000016,MOV114993,3.0,2018-12-09
U000005,MOV117893,5.0,2024-07-08
U000098,MOV109221,5.0,2015-03-15
U000024,MOV115529,2.0,2015-08-04
U002364,MOV116579,3.0,2018-09-29
U000001,MOV111134,1.0,2021-06-23
U000001,MOV112097,4.0,2020-11-22
U000004,MOV118129,4.0,2024-08-24
U000382,MOV111034,4.0,2020-09-14
U000014,MOV118556,2.0,2020-10-04
U000095,MOV105644,4.0,2025-09-04
U000003,MOV113766,1.0,2025-03-31
U000001,MOV112226,4.0,2022-11-18
U000002,MOV101192,5.0,2019-06-20
U000221,MOV114626,4.0,
U000001,MOV104683,1.0,2025-08-11
U000014,MOV101747,5.0,2025-03-13
U000428,MOV113835,4.0,2025-04-07
U000200,MOV100006,3.0,2020-02-18
U000040,MOV106458,1.0,2023-06-12
U000007,MOV106850,5.0,2021-07-07
U000001,MOV109999,3.0,2022-10-19
U000275,MOV116580,4.0,2025-07-05
U000010,MOV113790,5.0,2022-10-09
U001363,MOV109536,2.0,2019-06-23
U000023,MOV101108,3.0,2025-08-05
U000207,MOV110262,3.0,2015-03-24
U001227,MOV117255,3.0,2023-01-22
U000001,MOV107019,2.0,2020-11-21
U000004,MOV100161,5.0,2023-02-20
U000002,MOV118072,4.0,2019-09-30
U000013,MOV106699,4.0,2025-11-02
U000425,MOV116056,4.0,2022-09-13
U000001,MOV108334,5.0,2025-02-16
U000001,MOV107309,3.0,2017-05-16
U000003,MOV101202,4.0,2022-03-23
U000001,MOV112904,3.0,2021-09-14
U000001,MOV103670,4.0,2018-02-07
U000770,MOV100006,3.0,2025-08-25
U000048,MOV111159,1.0,2022-07-17
U000011,MOV100557,5.0,2019-09-11
U000025,MOV108419,4.0,2025-12-01
U000001,MOV104697,5.0,2022-10-21
U001844,MOV101756,5.0,2019-06-08
U000154,MOV112855,5.0,2022-12-14
U000001,MOV101291,5.0,2025-11-13
U000001,MOV111999,4.0,2021-08-01
U003507,MOV117485,2.0,2019-12-09
U000102,MOV104697,3.0,2025-06-06
U000051,MOV105990,5.0,2020-03-27
U000002,MOV100646,2.0,2021-12-17
U000006,MOV104436,4.0,2023-04-02
U000415,MOV100303,5.0,2020-05-18
U000104,MOV106458,1.0,2024-03-01
U000031,MOV118397,5.0,2024-04-29
U000001,MOV101632,3.0,2020-05-22
U000001,MOV116099,4.0,2025-10-15
U000082,MOV109221,3.0,2025-01-04
U004046,MOV101554,3.0,2025-11-15
U002610,MOV112232,4.0,2022-10-31
U001502,MOV105896,3.0,2020-07-26
U000013,MOV106154,3.0,2023-11-05
U000022,MOV110273,3.0,2020-04-20
U000017,MOV113800,4.0,2021-09-17
U000001,MOV103446,5.0,
U000227,MOV117191,4.0,2015-04-15
U003675,MOV106635,4.0,2024-04-19
U000198,MOV114896,2.0,2025-08-12
U000010,MOV116429,4.0,2017-07-25
U000047,MOV101108,3.0,2022-08-13
U000059,MOV119204,5.0,2023-10-12
U000001,MOV117850,2.0,2025-07-03
U000001,MOV114872,5.0,2023-01-06
U002762,MOV100006,4.0,2020-06-25
U000040,MOV100899,4.0,2025-07-23
U000005,MOV112334,5.0,2018-10-22
U000075,MOV100158,3.0,2024-09-12
U000297,MOV110790,5.0,2024-12-29
U000003,MOV103768,4.0,2024-07-13
U000014,MOV109221,3.0,2021-02-08
U000003,MOV116710,4.0,2025-11-03
U000007,MOV113502,5.0,2022-12-17
U000047,MOV113048,1.0,2021-10-24
U001660,MOV116203,2.0,2023-05-06
U000001,MOV107697,5.0,2024-01-25
U000002,MOV108499,2.0,2016-07-15
U000008,MOV105896,4.0,2017-12-16
U000461,MOV118556,3.0,2022-09-25
U000003,MOV112713,3.0,2025-07-28
U000008,MOV106061,4.0,2025-05-14
U000017,MOV114626,3.0,2019-01-10
U000070,MOV105990,5.0,2019-05-22
U000001,MOV106333,3.0,2025-12-30
U000699,MOV100006,3.0,2024-12-04
U000063,MOV111271,4.0,2025-06-20
U000009,MOV114626,5.0,2023-03-28
U000124,MOV114716,5.0,2017-01-27
U000001,MOV118484,4.0,2024-11-22
U000047,MOV103768,4.0,2022-06-13
U000001,MOV116308,5.0,2024-08-22
U000719,MOV116240,4.0,2016-07-22
U000001,MOV108775,5.0,2023-02-21
U000003,MOV114784,4.0,2024-11-24
U000509,MOV112632,1.0,2024-05-04
U000045,MOV107070,4.0,2019-02-06
U000001,MOV103252,5.0,2025-06-08
U000002,MOV102958,3.0,2020-08-21
U000001,MOV102068,4.0,2021-03-28
U000016,MOV114281,5.0,2025-12-14
U000024,MOV114806,3.0,2021-12-21
U000088,MOV100006,2.0,2018-07-09
U000017,MOV106689,5.0,2019-11-05
U000030,MOV112147,5.0,2017-04-05
U001685,MOV109759,1.0,2025-10-08
U000002,MOV103076,2.0,2017-10-16
U000031,MOV116181,4.0,2025-01-19
U000111,MOV107166,2.0,2022-06-30
U000501,MOV100006,2.0,2025-05-03
U000038,MOV109221,2.0,2017-07-11
U000008,MOV109288,4.0,2025-09-04
U000001,MOV115371,3.0,2022-12-29
U000047,MOV119289,1.0,2018-03-10
U000145,MOV109893,4.0,
U000865,MOV114652,4.0,2021-04-17
U000005,MOV111434,4.0,2015-10-12
U000761,MOV105161,3.0,2019-11-18
U000450,MOV107912,2.0,2022-01-09
U000476,MOV112232,1.0,2025-06-29
U000001,MOV110578,4.0,2018-01-18
U001238,MOV115220,2.0,2025-07-09
U000038,MOV100557,4.0,2018-04-30
U000256,MOV104526,4.0,2023-09-16
U000200,MOV116056,1.0,2024-07-19
U000004,MOV118556,5.0,2025-01-30
U000199,MOV119635,5.0,2019-11-01
U000165,MOV101108,5.0,2020-09-23
U000038,MOV111443,3.0,2022-07-22
U000890,MOV100006,3.0,2025-05-21
U000002,MOV113395,3.0,2025-05-17
U000652,MOV118556,4.0,2020-01-22
U000009,MOV100557,4.0,
U000003,MOV110475,5.0,2024-09-09
U000024,MOV110108,4.0,2021-12-19
U000972,MOV105726,3.0,2022-10-07
U000084,MOV116181,5.0,2023-11-08
U000003,MOV103047,5.0,2016-10-29
U000001,MOV102699,3.0,2024-09-12
U000003,MOV103643,1.0,2025-02-14
U001976,MOV114896,5.0,2025-11-16
U000002,MOV104341,1.0,2024-12-28
U000008,MOV107438,4.0,2023-05-19
U000008,MOV114784,3.0,2025-10-07
U000749,MOV109073,2.0,2024-08-16
U000006,MOV101192,5.0,2022-04-21
U000008,MOV106937,3.0,2017-09-16
U000006,MOV109166,4.0,
U000019,MOV110026,5.0,2018-12-16
U000034,MOV101202,5.0,2025-07-21
U000001,MOV105438,5.0,2020-09-30
U000026,MOV112668,3.0,2019-04-08
U000251,MOV101202,5.0,2023-02-17
U000001,MOV104959,4.0,2025-11-06
U004093,MOV108065,4.0,2025-02-26
U000002,MOV113873,3.0,2016-08-09
U000001,MOV107554,3.0,2018-09-01
U000002,MOV115194,5.0,2023-06-24
U000585,MOV119272,4.0,2024-01-04
U000048,MOV106333,3.0,2023-07-02
U000679,MOV100006,1.0,2016-10-15
U000081,MOV110790,5.0,2025-10-09
U000003,MOV116741,4.0,2025-06-08
U001364,MOV106803,2.0,2025-06-24
U000029,MOV118556,5.0,2020-12-21
U000102,MOV113766,2.0,2021-04-24
U000009,MOV111034,5.0,2020-10-16
U000002,MOV102737,1.0,2025-12-08
U000001,MOV101086,4.0,2023-02-19
U001929,MOV100754,4.0,2024-11-27
U000418,MOV116383,4.0,2020-12-30
U000007,MOV100916,2.0,2022-05-07
U000042,MOV114872,2.0,2022-04-17
U000096,MOV109340,1.0,2021-02-10
U000016,MOV118434,4.0,2021-05-18
U000009,MOV119186,4.0,2021-07-03
U000008,MOV117948,5.0,2016-10-28
U000672,MOV108377,5.0,2023-09-01
U000001,MOV115929,3.0,2025-10-13
U000010,MOV116056,2.0,2024-01-30
U000010,MOV101292,5.0,2023-12-14
U000107,MOV110530,4.0,2021-12-23
U000026,MOV105990,1.0,
U000001,MOV104031,3.0,2017-09-06
U000031,MOV100057,5.0,2024-07-02
U000078,MOV103123,4.0,2021-02-04
U000001,MOV101172,3.0,2025-06-05
U000003,MOV111595,3.0,2015-01-11
U000001,MOV100947,1.0,2025-12-05
U000028,MOV111958,4.0,2024-09-28
U000275,MOV112232,3.0,2025-04-27
U001757,MOV115046,5.0,2025-02-27
U000117,MOV119204,4.0,2015-06-24
U000032,MOV101756,4.0,2017-09-28
U000008,MOV105168,4.0,2019-02-15
U000001,MOV116508,2.0,2019-07-15
U000242,MOV111665,2.0,2025-06-16
U003623,MOV109221,5.0,2021-07-26
U000009,MOV110657,3.0,2020-04-14
U000357,MOV108508,4.0,2016-11-22
U000001,MOV103072,1.0,2023-03-20
U000583,MOV109342,4.0,2021-12-04
U000001,MOV109602,4.0,2023-02-07
U000057,MOV105990,2.0,2022-06-11
U000014,MOV113864,4.0,2020-03-16
U000007,MOV103643,2.0,2020-08-24
U000008,MOV119635,1.0,2025-03-03
U000012,MOV112232,5.0,2025-11-28
U000013,MOV108983,4.0,2022-10-11
U000296,MOV106063,2.0,2022-08-06
U000852,MOV114784,4.0,2023-10-12
U002895,MOV102909,2.0,2024-02-07
U000301,MOV102249,5.0,2025-03-17
U000026,MOV100557,3.0,2025-04-04
U000037,MOV101202,2.0,2025-03-13
U000305,MOV107070,1.0,2017-07-28
U000029,MOV118335,5.0,2019-02-19
U002662,MOV104979,3.0,2025-07-02
U000021,MOV105482,3.0,2025-09-10
U000104,MOV112106,3.0,2016-02-24
U000010,MOV111671,5.0,2023-06-12
U000241,MOV119635,3.0,2020-08-29
U003597,MOV100006,4.0,2019-07-28
U000013,MOV117552,3.0,2025-08-16
U000100,MOV107481,1.0,2020-05-24
U000005,MOV105990,5.0,2024-11-13
U000004,MOV116433,4.0,2024-10-30
U003360,MOV100006,3.0,2022-08-01
U000318,MOV113048,4.0,2021-10-10
U000006,MOV109202,2.0,2025-09-13
U000020,MOV100770,4.0,2021-06-21
U000080,MOV111078,3.0,2024-12-07
U000001,MOV101526,2.0,2023-10-26
U000002,MOV110108,4.0,2023-06-29
U000001,MOV116813,3.0,2024-01-27
U000017,MOV119635,4.0,2025-03-22
U000007,MOV111368,4.0,2025-11-29
U000006,MOV107279,5.0,2015-02-09
U000025,MOV119480,4.0,2024-06-20
U004378,MOV113195,3.0,2024-10-29
U000104,MOV119204,4.0,2025-11-03
U000095,MOV101879,5.0,2025-06-23
U000032,MOV100006,4.0,2020-05-03
U000024,MOV111223,3.0,2023-10-19
U000104,MOV105382,4.0,2022-04-19
U000009,MOV108388,4.0,2024-02-22
U000001,MOV112237,1.0,2020-05-06
U000470,MOV111921,4.0,2025-12-04
U000925,MOV111434,3.0,2024-12-15
U001663,MOV110026,3.0,2023-11-09
U000003,MOV106689,4.0,2022-06-26
U000012,MOV101108,4.0,2023-04-01
U001797,MOV116263,3.0,2022-05-13
U000004,MOV109329,3.0,2022-05-05
U000001,MOV103826,3.0,2025-09-18
U000085,MOV101108,5.0,2022-10-25
U000028,MOV119464,3.0,2025-08-01
U000005,MOV109602,3.0,2024-12-11
U000004,MOV109915,3.0,2025-03-04
U000274,MOV108050,2.0,2024-04-19
U000007,MOV116766,4.0,2023-06-29
U000004,MOV110026,3.0,2024-04-17
U000010,MOV103950,4.0,2024-12-27
U000200,MOV107676,4.0,2025-02-13
U000151,MOV108419,4.0,2018-06-06
U003397,MOV116495,5.0,2018-04-03
U000005,MOV110536,2.0,2021-07-10
U000005,MOV101908,2.0,2025-09-11
U000001,MOV113247,5.0,2021-07-20
U000004,MOV105376,5.0,2025-10-24
U000119,MOV109797,1.0,2017-06-08
U000002,MOV110397,5.0,2023-05-04
U000067,MOV100754,4.0,2023-11-21
U000009,MOV101908,4.0,2020-10-19
U000004,MOV116564,4.0,2021-09-11
U000004,MOV100783,4.0,2023-01-04
U000162,MOV100006,4.0,2018-10-05
U000066,MOV113418,3.0,2021-10-14
U000007,MOV110790,4.0,2018-12-12
U000142,MOV105644,2.0,2019-03-28
U000035,MOV118556,4.0,2016-06-15
U000025,MOV119222,2.0,2022-11-27
U000244,MOV119204,4.0,2025-09-01
U000446,MOV118556,4.0,2025-12-24
U000069,MOV111029,3.0,2022-04-08
U000005,MOV100839,4.0,2018-03-14
U000626,MOV119272,4.0,2021-11-26
U000053,MOV102643,5.0,2023-05-14
U000025,MOV116506,5.0,2024-07-09
U001587,MOV101438,4.0,2023-03-25
U000129,MOV106333,5.0,2017-07-09
U000002,MOV100361,4.0,2025-01-12
U000001,MOV114510,5.0,2023-04-19
U000074,MOV112981,4.0,2019-10-13
U000002,MOV119000,4.0,2024-09-06
U000336,MOV100006,4.0,2017-08-17
U002472,MOV113257,2.0,2024-10-23
U000496,MOV109378,4.0,2025-05-12
U000004,MOV111434,5.0,2018-09-22
U000588,MOV103278,4.0,2024-07-30
U000087,MOV100006,4.0,2024-12-26
U000010,MOV106037,4.0,2018-05-17
U000044,MOV119204,5.0,2020-12-09
U000023,MOV110053,3.0,2021-05-07
U000003,MOV112232,5.0,2023-10-07
U000002,MOV111029,5.0,2020-05-04
U000038,MOV114896,4.0,2023-07-08
U001349,MOV117287,4.0,2023-06-07
U000128,MOV105234,4.0,2025-08-24
U000020,MOV109340,4.0,2024-05-06
U000011,MOV106380,2.0,2024-06-26
U000059,MOV110113,1.0,2025-05-15
U000002,MOV118089,4.0,2017-09-17
U000007,MOV106007,2.0,2021-05-18
U000127,MOV114626,2.0,2023-05-15
U000001,MOV103764,5.0,2025-10-05
U000540,MOV114993,5.0,2019-11-01
U000032,MOV119635,2.0,2017-02-14
U000001,MOV106323,3.0,2022-07-09
U000449,MOV105644,5.0,2025-12-24
U000004,MOV103169,4.0,2018-01-12
U000003,MOV113835,5.0,2021-12-30
U000565,MOV100006,2.0,2021-01-30
U000014,MOV111034,5.0,2025-06-20
U001028,MOV119660,4.0,2025-01-22
U000001,MOV113534,5.0,2021-07-28
U000177,MOV114909,4.0,2025-07-16
U001338,MOV119272,3.0,2017-04-06
U000085,MOV110026,3.0,2019-01-21
U000063,MOV107937,4.0,2021-04-09
U000002,MOV116628,5.0,2021-11-16
U000408,MOV100006,3.0,2022-04-12
U000499,MOV105990,1.0,2019-05-25
U001036,MOV101108,3.0,2016-11-24
U000690,MOV100713,5.0,2019-12-09
U000077,MOV113615,4.0,2023-08-18
U000690,MOV116636,4.0,2022-07-03
U000050,MOV106389,2.0,2021-11-14
U000001,MOV112632,3.0,2023-08-10
U000028,MOV119272,1.0,2022-10-26
U000068,MOV105231,2.0,2022-08-11
U000042,MOV110828,2.0,2024-09-20
U000042,MOV101583,2.0,2020-10-30
U000023,MOV104600,4.0,2018-11-04
U000037,MOV113800,4.0,2024-05-17
U001027,MOV102303,3.0,2024-06-07
U000017,MOV100006,1.0,2022-08-03
U000004,MOV113619,5.0,2021-11-27
U000001,MOV101333,2.0,2024-04-12
U000312,MOV110162,5.0,2021-09-09
U001732,MOV110580,1.0,2020-11-19
U000013,MOV105058,1.0,2025-02-27
U000233,MOV101518,5.0,2022-06-09
U000028,MOV116710,4.0,2024-05-02
U000186,MOV119272,3.0,2017-10-11
U000333,MOV110790,4.0,2020-07-15
U000001,MOV114852,1.0,2018-08-28
U000310,MOV100006,4.0,2024-07-13
U000025,MOV119326,4.0,2022-06-11
U000033,MOV104764,4.0,2021-10-03
U000001,MOV101759,1.0,2025-01-07
U000073,MOV105990,5.0,2022-09-10
U000002,MOV108986,3.0,2025-09-22
U000380,MOV105990,2.0,2020-05-12
U000018,MOV114784,3.0,2025-10-01
U000009,MOV119272,4.0,2015-10-28
U000135,MOV119272,4.0,2020-07-28
U000082,MOV112904,4.0,2024-02-07
U000003,MOV109602,3.0,2020-01-18
U001007,MOV106634,4.0,2023-04-30
U000728,MOV105438,3.0,2018-01-03
U000036,MOV113800,5.0,2025-07-06
U000035,MOV103527,4.0,2018-04-17
U001767,MOV110475,4.0,2025-04-17
U000069,MOV100813,4.0,2021-01-01
U000023,MOV106431,5.0,2020-02-17
U000034,MOV119272,5.0,2024-03-04
U000874,MOV107386,3.0,2023-10-11
U000223,MOV112727,3.0,2024-11-04
U000106,MOV100557,4.0,2024-10-04
U000106,MOV119204,4.0,2017-02-04
U000003,MOV113560,4.0,2025-05-26
U000024,MOV101718,3.0,2025-07-19
U000112,MOV119635,1.0,2022-12-28
U000051,MOV119204,4.0,2023-03-17
U001562,MOV105990,3.0,2025-02-12
U000001,MOV119714,5.0,2025-11-15
U001216,MOV114031,1.0,2025-01-09
U003110,MOV117336,5.0,2024-05-03
U000058,MOV111034,4.0,2025-02-15
U000058,MOV110262,5.0,2020-11-10
U000113,MOV119635,4.0,2024-10-31
U000001,MOV109993,3.0,2025-02-09
U000044,MOV112085,4.0,2023-06-14
U000018,MOV108746,3.0,2025-05-12
U000340,MOV100006,2.0,2024-05-23
U000820,MOV100006,5.0,2023-02-13
U000347,MOV113048,3.0,2025-10-14
U000007,MOV101108,5.0,2019-09-27
U000001,MOV110903,5.0,2024-06-06
U000001,MOV117953,5.0,2017-12-17
U000036,MOV109130,4.0,2015-08-17
U000060,MOV116580,3.0,2018-07-15
U000009,MOV112981,4.0,2023-12-19
U002746,MOV100754,3.0,2022-03-01
U000014,MOV114784,3.0,2025-10-26
U000001,MOV104600,4.0,2023-12-27
U000017,MOV101108,5.0,2016-10-08
U000006,MOV102047,5.0,2022-08-29
U003490,MOV119635,4.0,2023-12-03
U000069,MOV112938,3.0,2022-04-03
U000477,MOV105990,4.0,2021-07-14
U000001,MOV119407,5.0,2024-11-09
U000001,MOV115150,4.0,2025-11-24
U000027,MOV107262,4.0,2023-08-30
U001004,MOV105234,4.0,2020-04-03
U000001,MOV116156,5.0,2024-01-17
U002356,MOV113956,3.0,2017-05-10
U000003,MOV112372,2.0,2025-10-31
U000125,MOV105990,4.0,2019-08-02
U000022,MOV113048,3.0,2023-10-02
U000016,MOV104975,3.0,2023-04-01
U000051,MOV116707,2.0,2020-03-26
U000030,MOV106509,2.0,2025-08-13
U000609,MOV104893,3.0,2020-08-25
U000196,MOV111217,3.0,2023-01-25
U000004,MOV103806,3.0,2024-02-10
U000003,MOV110026,5.0,2025-04-11
U000036,MOV100960,5.0,2020-09-29
U000001,MOV116386,3.0,2015-10-23
U000017,MOV100374,5.0,2024-03-21
U000044,MOV108506,3.0,2018-03-16
U000284,MOV109221,3.0,2025-11-25
U000304,MOV101840,3.0,2022-05-22
U000043,MOV107551,5.0,2016-05-06
U000010,MOV117486,3.0,2025-09-08
U000528,MOV119635,5.0,2025-03-12
U000161,MOV100006,1.0,2020-12-15
U000195,MOV101108,4.0,2020-12-13
U000006,MOV119272,4.0,2015-10-27
U000276,MOV105990,3.0,2015-08-30
U000928,MOV112807,4.0,2022-01-28
U000002,MOV114784,4.0,2018-04-11
U002873,MOV114626,3.0,2022-06-24
U000001,MOV117689,5.0,2016-01-16
U000031,MOV113048,3.0,2016-01-29
U000008,MOV114626,3.0,2020-09-15
U000579,MOV105990,4.0,2021-07-20
U000072,MOV107386,2.0,2020-12-29
U002715,MOV115150,2.0,2021-07-20
U000010,MOV107813,1.0,2020-04-04
U000001,MOV118984,4.0,2022-06-10
U000023,MOV104697,4.0,2024-09-20
U000432,MOV106458,5.0,2018-01-31
U000007,MOV118890,4.0,2019-04-27
U000073,MOV100006,3.0,2025-04-22
U000778,MOV100006,5.0,2016-11-23
U000138,MOV116741,4.0,2019-04-22
U000094,MOV101108,2.0,2021-06-25
U000082,MOV105174,5.0,2019-09-14
U000834,MOV113800,3.0,2020-05-02
U000057,MOV100006,2.0,2022-10-26
U000004,MOV104642,3.0,2015-08-25
U000464,MOV101616,4.0,2025-05-01
U000001,MOV117780,2.0,2015-06-10
U000004,MOV108339,3.0,2023-01-16
U000004,MOV111965,4.0,2025-08-05
U000001,MOV111103,4.0,2021-01-28
U000789,MOV118556,5.0,2025-11-30
U000001,MOV107626,4.0,2021-06-19
U000003,MOV107684,3.0,2023-04-01
U000101,MOV110020,5.0,2025-06-28
U000003,MOV101947,1.0,2017-04-13
U000707,MOV111159,2.0,2025-09-22
U000003,MOV113800,1.0,2023-02-16
U000005,MOV101108,2.0,2025-08-20
U000074,MOV100006,3.0,2025-10-23
U000021,MOV100006,4.0,2017-03-07
U000001,MOV109635,5.0,2018-05-28
U000519,MOV112232,3.0,2018-02-22
U000004,MOV106865,3.0,2020-03-05
U000001,MOV103577,4.0,2021-07-04
U000135,MOV111300,2.0,2022-08-22
U000005,MOV118510,4.0,2024-09-08
U002055,MOV107567,2.0,2022-12-10
U000194,MOV102618,4.0,2020-08-24
U000008,MOV118502,3.0,2024-12-01
U000259,MOV119400,4.0,2016-08-28
U000169,MOV111434,3.0,2019-10-30
U000059,MOV117251,5.0,2018-09-24
U001501,MOV119635,5.0,2025-07-27
U000002,MOV104142,4.0,2020-08-06
U000151,MOV105990,4.0,2025-08-13
U000028,MOV116470,3.0,2025-06-24
U000002,MOV102040,2.0,2020-03-24
U000523,MOV100006,4.0,2025-03-13
U000003,MOV108114,3.0,2025-05-06
U000010,MOV113656,4.0,2024-08-09
U000007,MOV101395,4.0,2022-04-15
U000068,MOV100006,3.0,2024-03-14
U000036,MOV119635,4.0,2021-08-16
U000012,MOV113941,3.0,2018-07-18
U000006,MOV112409,4.0,2019-11-29
U000680,MOV119714,1.0,2022-08-30
U000037,MOV106654,4.0,2019-12-01
U000132,MOV118556,3.0,2024-11-11
U000001,MOV110532,4.0,2019-01-21
U000070,MOV109637,3.0,2025-12-15
U000005,MOV110262,2.0,2023-07-12
U000124,MOV118510,4.0,2017-06-01
U000001,MOV114152,5.0,2025-02-05
U000015,MOV110475,5.0,2020-06-24
U000499,MOV108667,4.0,2023-11-03
U000001,MOV103557,4.0,2022-12-22
U000038,MOV106037,3.0,2024-09-16
U000001,MOV110904,1.0,2016-08-21
U000002,MOV118259,4.0,2022-06-17
U000368,MOV100006,2.0,2023-07-21
U000048,MOV119635,2.0,2021-02-12
U000063,MOV105900,5.0,2018-04-17
U000034,MOV100733,5.0,2019-04-26
U000001,MOV102844,3.0,2017-08-10
U000429,MOV119635,3.0,2025-06-30
U000013,MOV117948,4.0,2025-02-15
U000027,MOV114993,2.0,2024-07-10
U000018,MOV119186,5.0,2024-10-27
U000001,MOV113656,3.0,2025-03-28
U000017,MOV113766,4.0,2025-05-20
U000070,MOV118556,4.0,2023-08-04
U000002,MOV108557,4.0,2017-09-29
U000001,MOV112314,4.0,2021-12-26
U004417,MOV100006,5.0,2023-02-24
U000543,MOV106572,3.0,2018-09-10
U000015,MOV101108,5.0,2020-02-06
U000001,MOV103718,3.0,2024-03-24
U000168,MOV107665,5.0,2019-04-28
U001369,MOV100705,3.0,2022-10-18
U000081,MOV108521,4.0,2018-01-09
U002385,MOV114896,3.0,2025-09-22
U000444,MOV101108,2.0,2015-06-29
U000171,MOV111434,5.0,2021-11-03
U003740,MOV105990,5.0,2024-10-27
U002368,MOV102968,4.0,2022-08-22
U000077,MOV100006,3.0,2015-09-03
U000006,MOV102303,4.0,2020-09-27
U000218,MOV119272,5.0,2025-11-07
U001246,MOV105990,4.0,2025-06-15
U000001,MOV119118,1.0,2019-07-21
U000247,MOV108419,3.0,2018-07-29
U000021,MOV119272,5.0,2023-03-23
U000004,MOV114626,4.0,2018-04-19
U000740,MOV105990,3.0,2021-05-17
U000005,MOV116254,4.0,2015-05-10
U002069,MOV100006,2.0,2022-01-10
U000003,MOV100733,2.0,2025-06-12
U001229,MOV119204,4.0,2024-08-24
U000001,MOV118754,5.0,
U000080,MOV100754,2.0,2019-10-10
U000043,MOV105990,3.0,2021-09-08
U000017,MOV117359,5.0,2016-12-16
U000001,MOV109262,5.0,2022-09-22
U000138,MOV119635,4.0,2021-09-05
U000077,MOV116564,3.0,2022-01-12
U000828,MOV117948,5.0,2021-03-02
U000963,MOV100400,2.0,2022-04-09
U000002,MOV118550,2.0,2024-04-27
U000002,MOV100783,4.0,2018-03-29
U000044,MOV112232,5.0,2024-01-01
U000338,MOV111457,5.0,2025-09-29
U000774,MOV119635,5.0,2023-04-25
U000197,MOV118556,4.0,2019-04-08
U000007,MOV100016,4.0,2018-08-26
U000020,MOV101108,5.0,2016-02-12
U000037,MOV119714,5.0,2022-04-06
U000659,MOV100006,3.0,2020-04-17
U000419,MOV118035,4.0,2025-10-27
U000308,MOV109536,3.0,2020-04-20
U000003,MOV107518,4.0,
U000001,MOV119186,1.0,2016-12-07
U000001,MOV105482,4.0,2021-01-29
U000001,MOV110972,4.0,2025-02-02
U000015,MOV112974,4.0,2022-06-25
U000004,MOV107818,5.0,2022-12-12
U000026,MOV110828,3.0,2021-05-11
U000031,MOV105896,5.0,2017-04-10
U000024,MOV108353,5.0,2024-01-18
U000006,MOV104008,4.0,2021-03-08
U000569,MOV113436,4.0,2020-08-27
U000289,MOV118411,4.0,2022-08-06
U000005,MOV116564,4.0,2024-02-15
U000729,MOV116154,4.0,2016-03-10
U000197,MOV105990,1.0,2023-11-27
U000209,MOV100149,1.0,2017-03-10
U000007,MOV111434,5.0,2019-12-30
U000001,MOV104286,2.0,2024-04-08
U000024,MOV104857,5.0,2022-11-19
U000003,MOV115007,3.0,2025-07-02
U000001,MOV110467,4.0,2020-06-08
U000001,MOV114199,2.0,2023-09-28
U000001,MOV100483,4.0,2025-08-04
U000038,MOV100006,3.0,2016-11-22
U002877,MOV101237,1.0,2020-12-13
U000006,MOV101268,4.0,
U000882,MOV101063,4.0,2022-10-08
U004468,MOV110790,5.0,2024-09-30
U000876,MOV109340,4.0,2023-10-02
U000113,MOV115503,4.0,2021-11-09
U000002,MOV101618,5.0,2024-02-13
U000005,MOV114626,4.0,2020-09-22
U000003,MOV109748,3.0,2019-10-14
U000005,MOV111465,4.0,2023-01-13
U000002,MOV103323,5.0,2017-06-10
U000179,MOV103323,5.0,2025-03-15
U000036,MOV119030,2.0,2021-05-11
U000040,MOV103643,3.0,2019-12-22
U000002,MOV116222,4.0,2022-08-12
U000129,MOV114784,4.0,2025-05-10
U000029,MOV111513,5.0,2020-06-03
U000001,MOV103047,5.0,2022-01-30
U000216,MOV100006,4.0,2025-10-14
U000063,MOV100006,5.0,2023-03-26
U000011,MOV119635,4.0,2022-01-29
U000125,MOV100006,3.0,2023-04-04
U000082,MOV105990,4.0,2018-10-27
U000015,MOV104244,5.0,2025-06-21
U000002,MOV114701,3.0,2025-09-05
U000004,MOV109221,3.0,2022-03-14
U000503,MOV115604,5.0,2024-08-02
U000440,MOV100006,4.0,2018-08-11
U000713,MOV105990,4.0,2017-06-25
U000001,MOV111029,4.0,2017-05-22
U000025,MOV114424,5.0,2023-01-12
U000431,MOV117820,5.0,2024-06-21
U000013,MOV119126,3.0,2018-02-19
U000026,MOV117610,1.0,2020-04-18
U000681,MOV113946,3.0,2017-03-14
U000237,MOV100557,3.0,2020-12-12
U000007,MOV116741,3.0,2025-02-10
U002064,MOV117306,4.0,2022-07-21
U000001,MOV115420,1.0,2025-06-26
U000007,MOV116804,2.0,2016-04-08
U000060,MOV113195,4.0,2021-08-20
U000128,MOV105896,4.0,2025-10-28
U000308,MOV116057,5.0,2025-01-23
U000010,MOV101108,2.0,2016-11-24
U000011,MOV109221,3.0,2025-11-04
U000004,MOV119092,1.0,2017-04-27
U000013,MOV102895,3.0,2024-02-20
U000002,MOV109840,4.0,2025-10-06
U000009,MOV113122,5.0,2020-08-12
U001613,MOV105990,2.0,2023-10-08
U000132,MOV100006,4.0,2019-05-16
U000390,MOV109340,3.0,2022-08-10
U000091,MOV118556,4.0,2023-12-14
U000006,MOV113418,3.0,2022-05-02
U000045,MOV119272,4.0,2016-02-03
U000003,MOV116792,3.0,2025-04-27
U000728,MOV112439,2.0,2025-10-13
U000040,MOV100006,4.0,2019-02-14
U002402,MOV114993,1.0,2025-12-06
U000007,MOV112232,5.0,2019-08-17
U000014,MOV101108,4.0,2017-04-26
U000004,MOV100713,5.0,2020-10-10
U000006,MOV106874,4.0,2017-03-29
U000135,MOV119635,2.0,2022-07-17
U000061,MOV108832,4.0,2025-07-15
U000008,MOV118828,2.0,2022-04-25
U000001,MOV103232,3.0,2016-12-18
U000001,MOV112493,4.0,2025-02-01
U000146,MOV110828,5.0,2019-05-28
U000346,MOV100006,4.0,2025-12-04
U000230,MOV119635,4.0,2020-04-02
U000003,MOV100427,3.0,2020-05-13
U000667,MOV116222,3.0,2023-08-07
U000283,MOV110827,3.0,2020-10-16
U000006,MOV118758,4.0,2018-09-09
U000033,MOV118297,2.0,2018-03-05
U000006,MOV110144,3.0,2021-11-13
U000006,MOV103577,5.0,2021-01-26
U000185,MOV119635,5.0,2024-06-25
U001218,MOV105647,4.0,2016-01-15
U000013,MOV103125,5.0,2018-04-29
U002485,MOV106710,2.0,2020-04-30
U000011,MOV109107,5.0,2020-11-10
U000004,MOV119754,4.0,2022-03-03
U000100,MOV103719,2.0,2018-06-09
U000144,MOV109221,5.0,2023-07-15
U000001,MOV116470,4.0,2025-06-24
U000001,MOV107224,4.0,2024-03-19
U000203,MOV111434,1.0,2024-09-20
U000001,MOV108400,3.0,2024-07-12
U000009,MOV110572,5.0,2017-03-06
U000025,MOV110790,2.0,2025-02-18
U000002,MOV108146,5.0,2024-11-21
U000015,MOV114646,3.0,2025-12-10
U000262,MOV100006,4.0,2018-01-14
U000622,MOV116181,2.0,2024-12-20
U000020,MOV114993,5.0,2021-12-29
U000071,MOV113800,4.0,2021-01-21
U000006,MOV109195,3.0,2024-09-18
U002036,MOV100006,3.0,2021-08-01
U000026,MOV102011,5.0,2021-01-30
U000039,MOV119272,4.0,2017-12-23
U002137,MOV100006,4.0,2024-09-25
U000081,MOV114885,3.0,2025-10-17
U000004,MOV108092,5.0,2024-02-15
U000001,MOV103864,3.0,2024-11-01
U000001,MOV110927,5.0,2020-06-05
U000479,MOV114626,1.0,2018-09-23
U000004,MOV110790,5.0,2022-07-31
U000001,MOV116580,3.0,2021-02-13
U000003,MOV113483,4.0,2022-04-11
U000419,MOV105990,3.0,2025-02-15
U000015,MOV113992,4.0,2020-11-06
U000083,MOV114896,4.0,2017-03-29
U000037,MOV111671,5.0,2025-04-07
U000971,MOV111482,1.0,2024-05-04
U000041,MOV106333,3.0,2021-05-07
U002542,MOV106691,2.0,2021-04-25
U000577,MOV107140,4.0,2018-11-19
U000009,MOV117581,4.0,2023-10-29
U000158,MOV116686,4.0,
U000002,MOV115081,3.0,2023-10-23
U000011,MOV115150,2.0,2016-11-19
U000001,MOV104096,4.0,2021-01-22
U001170,MOV105990,2.0,2023-06-24
U000007,MOV115151,4.0,2020-09-04
U000010,MOV115960,1.0,2022-01-13
U000029,MOV111885,2.0,2023-11-28
U000020,MOV118556,5.0,2020-02-14
U002075,MOV114896,4.0,
U000024,MOV101202,4.0,2025-07-12
U000004,MOV111029,3.0,2019-02-14
U000002,MOV108498,2.0,2023-05-04
U000010,MOV119635,4.0,2015-08-02
U000015,MOV100006,4.0,2025-10-24
U000831,MOV103605,4.0,2020-11-12
U000067,MOV100236,4.0,2025-08-23
U001904,MOV100006,4.0,2022-01-22
U000030,MOV112513,5.0,2022-03-18
U000002,MOV114627,2.0,2016-08-01
U000008,MOV103182,4.0,2025-09-10
U000130,MOV113726,3.0,2016-01-19
U000047,MOV117741,5.0,2016-10-10
U000122,MOV108434,4.0,2024-11-11
U000035,MOV107912,3.0,2021-10-25
U000016,MOV106834,5.0,2023-01-09
U000004,MOV102305,4.0,2016-01-30
U000013,MOV113048,5.0,2019-04-21
U000001,MOV113800,4.0,2022-03-27
U000131,MOV107496,2.0,2024-01-05
U000072,MOV117306,3.0,2019-08-21
U000002,MOV103091,5.0,2024-12-25
U000029,MOV103906,5.0,2022-12-30
U000894,MOV106689,5.0,2023-12-18
U000028,MOV115901,5.0,2025-11-12
U003612,MOV110995,5.0,2024-05-19
U000002,MOV112629,3.0,
U000002,MOV110467,5.0,2017-08-14
U000085,MOV104917,3.0,2025-11-10
U000394,MOV106874,5.0,2020-01-03
U000060,MOV103643,3.0,2024-11-27
U000065,MOV114872,2.0,2021-07-05
U000024,MOV108506,4.0,2019-01-25
U000050,MOV100006,4.0,2022-03-26
U000005,MOV107913,2.0,2020-07-01
U000001,MOV114784,4.0,2022-07-13
U000113,MOV109221,2.0,2024-05-11
U000011,MOV104526,3.0,2022-10-14
U000227,MOV112232,4.0,2023-01-23
U000005,MOV105764,3.0,2015-09-11
U000007,MOV105077,4.0,2022-08-25
U000041,MOV113048,5.0,2023-02-24
U000396,MOV110790,4.0,2020-11-13
U000066,MOV105990,5.0,2024-02-01
U000261,MOV101866,3.0,2022-09-19
U000022,MOV100557,1.0,2024-07-31
U000003,MOV102082,5.0,2024-06-18
U000007,MOV110262,5.0,2019-08-20
U000006,MOV112232,5.0,2024-01-10
U000131,MOV115322,1.0,2025-08-18
U000001,MOV107070,5.0,2016-12-13
U000004,MOV111815,3.0,2023-10-07
U000141,MOV102397,3.0,2019-11-10
U000307,MOV119535,5.0,2025-09-19
U000010,MOV115501,4.0,2023-12-12
U000002,MOV100154,4.0,2025-07-25
U000006,MOV106689,4.0,2024-11-25
U000093,MOV100006,4.0,2022-04-10
U000648,MOV106476,4.0,
U000035,MOV105990,4.0,2023-08-07
U000002,MOV105896,3.0,2017-11-17
U000018,MOV101250,4.0,2023-11-28
U000009,MOV103841,4.0,2020-10-14
U000031,MOV100918,4.0,2024-05-04
U001688,MOV100557,2.0,2021-08-11
U000009,MOV118456,3.0,2023-12-30
U000025,MOV119241,5.0,2022-09-01
U000009,MOV106689,4.0,2017-04-03
U000550,MOV110262,2.0,2021-07-23
U000865,MOV119635,2.0,2025-08-09
U000004,MOV109554,3.0,2023-04-05
U000173,MOV109602,2.0,2022-01-17
U000001,MOV118525,4.0,2022-12-27
U000340,MOV116710,5.0,2025-10-01
U001042,MOV101877,4.0,2022-04-19
U000002,MOV100557,4.0,2024-05-14
U000015,MOV103921,4.0,2022-10-18
U000003,MOV101756,3.0,2022-04-26
U000089,MOV108416,5.0,2025-06-17
U000002,MOV108912,5.0,2024-09-03
U000025,MOV118263,5.0,2023-04-02
U000019,MOV101859,4.0,2024-07-26
U000223,MOV119635,3.0,2023-02-03
U000001,MOV103773,4.0,2019-12-06
U000002,MOV103077,2.0,2020-07-05
U001225,MOV100006,2.0,2025-02-21
U000385,MOV111034,3.0,2018-11-30
U000001,MOV108537,2.0,2025-10-29
U000001,MOV110451,5.0,2023-09-01
U002629,MOV110097,4.0,2024-02-26
U000016,MOV100239,2.0,2020-07-18
U000047,MOV114626,1.0,2025-11-15
U000686,MOV114424,4.0,2018-10-15
U000007,MOV101268,5.0,2015-09-29
U000009,MOV118556,3.0,2025-09-11
U003937,MOV105990,3.0,2025-04-13
U000022,MOV103509,4.0,2025-11-22
U001402,MOV107451,2.0,2019-05-09
U000006,MOV110313,5.0,2021-12-04
U000005,MOV117719,4.0,2018-03-06
U000035,MOV112960,1.0,2018-10-26
U000998,MOV111159,4.0,2023-10-18
U000001,MOV114570,4.0,2022-04-07
U000016,MOV105990,3.0,2025-11-30
U000988,MOV109697,5.0,2025-03-01
U000002,MOV117972,4.0,2023-03-28
U000022,MOV114727,5.0,2018-05-06
U000010,MOV114896,4.0,2023-06-19
U000021,MOV119635,4.0,2022-04-23
U000002,MOV104247,3.0,2019-08-02
U000001,MOV115788,4.0,2023-06-21
U000286,MOV100006,4.0,2020-03-17
U000004,MOV112232,2.0,2018-09-25
U000018,MOV114601,5.0,2022-05-30
U000263,MOV114477,2.0,2023-04-18
U000252,MOV101257,5.0,2022-10-06
U000687,MOV118730,4.0,2022-07-24
U000043,MOV114896,3.0,2025-09-08
U000208,MOV110026,4.0,2018-05-10
U000009,MOV105990,5.0,2024-08-02
U000007,MOV115420,4.0,2021-04-17
U000004,MOV107554,4.0,2025-08-11
U000002,MOV110836,4.0,2021-05-04
U000001,MOV103605,3.0,2025-06-24
U000126,MOV119635,5.0,2025-07-09
U000001,MOV113228,5.0,2025-12-08
U000005,MOV100475,5.0,2022-04-20
U000275,MOV100006,4.0,2019-03-21
U000030,MOV112279,5.0,2025-11-01
U000027,MOV116820,5.0,2018-12-31
U000101,MOV101840,2.0,2025-02-02
U000208,MOV116810,3.0,2023-01-12
U000005,MOV105617,2.0,2024-02-16
U000299,MOV114626,4.0,2017-10-09
U000002,MOV117038,3.0,2021-01-24
U000033,MOV118500,5.0,2023-08-04
U000017,MOV105990,5.0,2022-07-06
U000076,MOV116160,2.0,2025-08-25
U000479,MOV105644,3.0,2020-04-16
U000006,MOV101810,4.0,2020-01-22
U000448,MOV116552,4.0,2024-03-13
U000001,MOV111413,4.0,2020-06-27
U000260,MOV119799,4.0,2020-10-08
U001654,MOV110304,3.0,2023-06-06
U000047,MOV116956,5.0,2025-01-07
U000096,MOV100006,2.0,2016-08-23
U000002,MOV111924,4.0,2024-06-19
U000080,MOV113048,2.0,2017-08-30
U000505,MOV119635,5.0,2020-11-27
U000536,MOV113048,4.0,2020-11-13
U003706,MOV107386,3.0,2024-11-17
U000002,MOV116099,4.0,2022-09-12
U000001,MOV111698,4.0,2022-12-03
U000523,MOV109166,4.0,2025-10-02
U000006,MOV106161,4.0,2025-03-30
U000005,MOV104542,5.0,2025-05-16
U000995,MOV118146,4.0,2022-04-02
U000001,MOV118538,3.0,2025-07-01
U000181,MOV114896,5.0,2022-05-08
U000887,MOV108973,3.0,2017-03-12
U000013,MOV117962,1.0,2022-05-07
U000001,MOV115111,4.0,2024-11-26
U000021,MOV110026,5.0,2020-02-03
U000054,MOV108419,4.0,2016-06-03
U000001,MOV105483,4.0,2016-01-16
U000164,MOV115501,1.0,2022-09-12
U000021,MOV102157,4.0,2022-02-19
U000003,MOV117421,4.0,2025-03-19
U000263,MOV101108,4.0,2025-06-29
U000267,MOV110026,5.0,2025-07-01
U000001,MOV107397,4.0,2023-05-15
U000015,MOV104768,5.0,2022-02-09
U000001,MOV110388,5.0,2017-12-10
U000270,MOV100006,3.0,2020-05-23
U000194,MOV111339,4.0,2022-06-27
U001503,MOV117097,4.0,2024-02-24
U000011,MOV119624,5.0,2025-04-14
U000260,MOV106054,5.0,2021-05-20
U000715,MOV113096,5.0,2024-07-17
U000011,MOV111159,5.0,2024-09-27
U000168,MOV111159,4.0,2021-10-14
U000007,MOV101539,5.0,2024-05-31
U000001,MOV112960,3.0,2023-05-30
U000016,MOV111134,3.0,2018-02-20
U000053,MOV117948,4.0,2022-09-04
U000002,MOV111695,4.0,2023-09-05
U000034,MOV118556,5.0,2020-06-26
U000869,MOV114379,4.0,2018-03-06
U000001,MOV112913,3.0,2020-02-04
U000032,MOV112807,4.0,2024-05-27
U000019,MOV101197,2.0,
U000012,MOV107656,4.0,2019-11-20
U001023,MOV110790,3.0,2024-08-17
U000002,MOV111265,4.0,2025-01-28
U000048,MOV110828,3.0,2024-08-24
U000004,MOV101108,3.0,2017-10-27
U000030,MOV109221,4.0,2024-11-22
U000127,MOV105990,1.0,2022-03-25
U000009,MOV112562,4.0,2023-11-10
U000566,MOV111029,4.0,2024-05-06
U000032,MOV111530,3.0,2023-11-19
U000280,MOV110828,2.0,2025-03-28
U000458,MOV119635,5.0,
U000001,MOV110262,3.0,2025-06-13
U000016,MOV113420,4.0,2019-05-27
U000003,MOV114993,4.0,2020-09-09
U000001,MOV106388,1.0,2018-05-23
U000001,MOV114909,4.0,2022-05-25
U000862,MOV110828,4.0,2021-07-13
U000001,MOV102968,4.0,2024-02-07
U000811,MOV117235,2.0,2019-12-26
U000002,MOV109140,2.0,2024-07-11
U000313,MOV107386,1.0,2023-03-06
U000008,MOV104138,4.0,2021-04-29
U001612,MOV102765,3.0,2016-05-27
U000469,MOV119272,3.0,2023-12-10
U000050,MOV100828,5.0,2024-05-03
U000418,MOV119186,4.0,2025-04-15
U000032,MOV100342,3.0,2021-04-22
U000002,MOV117834,3.0,2018-03-13
U000001,MOV108836,2.0,2022-07-26
U000127,MOV110741,4.0,2021-09-21
U000002,MOV102643,1.0,2024-05-20
U001947,MOV106332,2.0,2019-11-07
U000001,MOV106229,5.0,2020-10-16
U001055,MOV108680,4.0,2019-04-03
U000082,MOV108035,4.0,2024-05-11
U001262,MOV105238,4.0,2025-10-08
U000001,MOV106594,5.0,2024-02-27
U000625,MOV101751,4.0,2022-11-29
U000005,MOV108209,2.0,2019-01-30
U000039,MOV105760,4.0,2015-03-30
U000006,MOV107805,2.0,2022-03-21
U000030,MOV119376,5.0,2023-12-01
U000032,MOV111034,5.0,2021-08-29
U000014,MOV110828,2.0,2023-09-07
U000139,MOV119635,4.0,2023-12-03
U000031,MOV119670,5.0,2025-10-03
U000016,MOV118363,5.0,2022-03-07
U000943,MOV114424,3.0,2019-09-13
U000405,MOV101083,2.0,2023-04-23
U000003,MOV116972,5.0,2022-08-25
U000820,MOV114993,3.0,2019-11-22
U000001,MOV112996,3.0,2019-04-21
U000156,MOV106336,4.0,2024-01-07
U000003,MOV105162,4.0,2024-03-13
U000002,MOV105128,3.0,2024-05-30
U000011,MOV114433,4.0,2023-08-27
U000041,MOV105990,3.0,2025-11-05
U000007,MOV106021,3.0,2024-11-22
U002107,MOV108045,4.0,2020-02-23
U000018,MOV102294,3.0,2022-12-14
U000048,MOV119568,5.0,2024-09-21
U002191,MOV100006,3.0,2025-08-13
U000057,MOV106389,4.0,2025-06-22
U002803,MOV114993,4.0,2019-05-01
U000063,MOV115434,3.0,2023-04-24
U000323,MOV117780,5.0,2020-01-10
U000001,MOV112065,5.0,2024-01-29
U003883,MOV119635,5.0,2017-09-25
U000002,MOV100713,3.0,2021-05-27
U000002,MOV109824,4.0,2019-02-08
U000006,MOV103722,4.0,2023-05-27
U001297,MOV103350,4.0,2025-10-20
U000060,MOV119635,4.0,2018-09-17
U000001,MOV105396,2.0,2020-06-29
U000014,MOV116470,3.0,2022-04-01
U000003,MOV103605,4.0,2025-08-08
U000001,MOV116550,2.0,2023-08-08
U000001,MOV108983,4.0,2025-12-21
U000272,MOV104768,5.0,2025-07-28
U000001,MOV105731,3.0,2021-08-21
U000242,MOV105764,4.0,2016-10-10
U000045,MOV118828,5.0,2016-03-18
U000432,MOV116203,4.0,2020-02-12
U000059,MOV106037,4.0,2025-07-17
U003114,MOV114956,3.0,2018-11-16
U000026,MOV112981,4.0,2022-10-01
U000020,MOV102271,2.0,2015-03-08
U000002,MOV112232,3.0,2025-02-04
U000061,MOV110026,3.0,2024-12-20
U000016,MOV110790,4.0,2019-05-30
U000009,MOV109221,5.0,2025-03-11
U000004,MOV106853,5.0,2017-03-14
U000025,MOV119635,3.0,2023-01-18
U000090,MOV105990,4.0,2018-10-08
U000005,MOV107227,4.0,2018-05-19
U000014,MOV100006,5.0,2020-11-17
U000015,MOV101237,4.0,2020-02-01
U000014,MOV112232,3.0,2020-07-24
U000001,MOV109947,5.0,2024-02-21
U000010,MOV107257,4.0,2016-02-10
U000018,MOV114626,5.0,2022-01-18
U000018,MOV114780,2.0,2024-11-11
U000028,MOV119635,4.0,2020-10-24
U003155,MOV103091,5.0,2021-03-17
U000182,MOV119635,4.0,2025-04-28
U000044,MOV114993,3.0,2019-05-24
U001123,MOV109221,4.0,2020-02-26
U000046,MOV116848,5.0,2023-07-24
U000520,MOV100006,4.0,2025-07-09
U000001,MOV107095,4.0,2021-11-22
U000010,MOV111936,5.0,2025-07-07
U000130,MOV105534,4.0,2022-06-26
U000004,MOV100542,2.0,2023-12-13
U000430,MOV102916,1.0,2024-04-02
U000002,MOV107913,4.0,2024-02-22
U000015,MOV113223,5.0,2023-09-05
U000136,MOV112718,4.0,2016-12-01
U000744,MOV105990,5.0,2018-09-24
U001602,MOV109504,3.0,2023-05-24
U000018,MOV109340,3.0,2020-11-28
U000001,MOV112114,4.0,2017-09-18
U000001,MOV108647,4.0,2024-08-24
U001263,MOV101328,3.0,2024-12-10
U000001,MOV119587,5.0,2023-01-10
U000001,MOV116536,4.0,2023-03-02
U000488,MOV111768,3.0,2024-09-23
U000036,MOV101108,5.0,2019-09-23
U000160,MOV100751,5.0,2025-01-04
U000019,MOV110828,4.0,2025-03-27
U000014,MOV108984,3.0,2021-04-04
U000001,MOV110292,4.0,2019-05-05
U000596,MOV109824,4.0,2024-07-23
U000554,MOV100006,4.0,2025-12-19
U000028,MOV105990,3.0,2016-04-18
U000029,MOV103605,3.0,2020-02-25
U000026,MOV112450,4.0,2017-09-01
U000010,MOV111058,4.0,2022-12-06
U000076,MOV101122,5.0,2022-10-01
U000001,MOV115413,4.0,2024-06-16
U000001,MOV102769,1.0,2019-02-27
U001240,MOV116710,4.0,2021-11-07
U000022,MOV119272,5.0,2025-09-17
U000657,MOV119722,4.0,2024-11-11
U000286,MOV119136,2.0,2019-11-26
U000002,MOV114042,4.0,2023-08-16
U000013,MOV100006,4.0,2020-03-31
U000022,MOV115284,2.0,2025-08-23
U000118,MOV116758,3.0,2018-08-10
U000022,MOV119635,1.0,2021-05-07
U000019,MOV111271,3.0,2021-05-08
U000001,MOV114095,4.0,2023-10-23
U000018,MOV119272,4.0,2025-11-10
U000007,MOV100542,1.0,2024-09-11
U000001,MOV113330,4.0,2025-09-27
U000127,MOV100557,3.0,2025-08-29
U002208,MOV100006,2.0,2025-03-02
U000005,MOV110790,3.0,2021-03-29
U002368,MOV101108,4.0,2021-11-26
U001627,MOV105990,4.0,2024-08-01
U000384,MOV119635,4.0,2023-06-02
U000001,MOV105506,4.0,2025-11-11
U000016,MOV108387,3.0,2025-08-18
U000058,MOV119272,3.0,2023-09-08
U000667,MOV119635,2.0,2019-01-19
U000050,MOV107795,1.0,2025-05-26
U000001,MOV115671,4.0,2025-06-27
U000070,MOV100006,5.0,2023-08-22
U000052,MOV115671,4.0,2024-10-02
U000006,MOV118556,3.0,2023-07-21
U000024,MOV119272,4.0,2021-03-27
U002148,MOV101681,3.0,2020-07-26
U000191,MOV104805,3.0,2025-08-12
U000002,MOV110687,2.0,2021-06-01
U000001,MOV101840,4.0,2025-11-17
U000312,MOV115268,2.0,2022-05-20
U000043,MOV110026,4.0,2019-11-24
U000141,MOV105990,5.0,2025-03-13
U000001,MOV116255,3.0,2019-07-24
U000002,MOV108419,5.0,2024-08-21
U000008,MOV103605,5.0,2019-07-10
U000780,MOV100557,4.0,2016-01-17
U000026,MOV119635,4.0,2023-01-10
U000002,MOV116580,4.0,2025-09-19
U000682,MOV119635,4.0,2016-11-17
U003189,MOV104768,4.0,2020-07-15
U000715,MOV100355,4.0,2024-07-27
U001192,MOV109221,1.0,2018-07-28
U000027,MOV112114,5.0,2024-04-10
U001493,MOV117251,3.0,2022-04-20
U000023,MOV109221,2.0,2019-02-08
U000055,MOV105112,4.0,2023-03-31
U000001,MOV106710,5.0,2019-10-18
U000248,MOV116336,4.0,2023-11-28
U000019,MOV107418,1.0,2022-10-29
U000068,MOV103549,3.0,2021-05-29
U000076,MOV105990,1.0,2017-02-11
U000026,MOV105222,4.0,2018-12-30
U000001,MOV108342,2.0,2022-11-23
U000670,MOV119635,2.0,2025-01-08
U000003,MOV102189,4.0,2019-03-19
U000007,MOV107004,1.0,2022-05-06
U000016,MOV118556,5.0,2023-08-12
U000019,MOV119204,5.0,2021-06-23
U001097,MOV106689,4.0,2016-12-20
U000118,MOV116549,3.0,2022-10-02
U000001,MOV114413,3.0,2024-10-14
U000005,MOV101871,3.0,2019-04-28
U000001,MOV111748,5.0,2021-07-16
U000015,MOV110800,2.0,2023-09-19
U000002,MOV112136,3.0,2023-12-14
U000048,MOV114993,3.0,2021-04-12
U000005,MOV112232,4.0,2021-09-14
U000004,MOV113551,4.0,2025-12-05
U000001,MOV111282,5.0,2019-12-24
U000046,MOV113603,5.0,2024-08-01
U000001,MOV103962,2.0,2025-01-31
U000047,MOV100006,3.0,2025-04-24
U000001,MOV111637,4.0,2019-12-22
U002825,MOV119204,3.0,2023-04-18
U000018,MOV113766,4.0,2020-12-14
U002779,MOV109166,4.0,2022-02-02
U000007,MOV106333,4.0,2024-05-10
U001574,MOV119635,4.0,2019-05-30
U000086,MOV116181,5.0,2025-07-09
U000001,MOV109757,4.0,2019-09-04
U002647,MOV101562,2.0,2021-04-13
U000696,MOV108508,4.0,2023-02-12
U002857,MOV116470,1.0,2016-02-25
U000001,MOV111034,4.0,2021-10-09
U000004,MOV117948,2.0,2024-11-15
U000007,MOV118510,3.0,2025-03-14
U000001,MOV110018,5.0,2022-09-27
U000002,MOV119260,4.0,2023-07-17
U000108,MOV100006,5.0,2020-01-09
U000012,MOV103334,4.0,2021-06-13
U000005,MOV104768,5.0,2023-06-20
U000136,MOV104436,1.0,2023-08-07
U000300,MOV118556,3.0,2022-01-01
U000003,MOV102024,3.0,2025-06-26
U000029,MOV113463,3.0,2017-05-07
U000001,MOV104396,3.0,2025-04-06
U000271,MOV100006,3.0,2021-03-30
U000042,MOV108984,2.0,2019-09-24
U000242,MOV119635,2.0,2020-10-14
U000640,MOV110026,5.0,2019-08-12
U000002,MOV101448,5.0,2023-07-16
U000011,MOV114872,1.0,2023-05-31
U000001,MOV118988,4.0,2025-12-18
U000001,MOV109524,3.0,2018-03-18
U000093,MOV105896,4.0,2022-05-22
U000060,MOV100831,5.0,2015-12-27
U000015,MOV117962,4.0,2024-07-11
U000009,MOV111244,3.0,2025-12-12
U000117,MOV119635,3.0,2018-06-30
U003490,MOV101539,5.0,2023-06-05
U000006,MOV103397,2.0,2024-07-30
U003896,MOV116181,2.0,2019-12-23
U000370,MOV116741,3.0,2024-12-04
U000003,MOV111360,4.0,2024-01-12
U000012,MOV103017,4.0,2019-03-21
U000004,MOV106037,5.0,2016-12-19
U000002,MOV103610,4.0,2025-01-23
U000007,MOV105990,4.0,2025-12-09
U000006,MOV105645,1.0,2020-09-26
U000001,MOV101387,4.0,2022-06-22
U000001,MOV114993,4.0,2023-12-06
U000001,MOV115032,4.0,2023-11-23
U003279,MOV119204,3.0,2023-03-18
U000017,MOV112097,3.0,2017-11-08
U000057,MOV111472,4.0,2021-09-21
U000306,MOV119635,3.0,2021-07-30
U000001,MOV110953,3.0,2025-12-17
U000046,MOV105228,4.0,2021-01-14
U000019,MOV113048,3.0,2024-09-27
U000001,MOV104774,3.0,2022-04-01
U000365,MOV119635,1.0,2025-08-23
U000121,MOV103182,3.0,2020-06-01
U000172,MOV112903,2.0,2025-03-15
U000010,MOV113048,4.0,2019-01-26
U000008,MOV105272,2.0,2019-02-19
U000467,MOV117599,5.0,2017-07-19
U000070,MOV119204,3.0,2024-10-02
U000032,MOV111044,5.0,2017-05-10
U000002,MOV113384,4.0,2024-01-15
U000058,MOV116488,3.0,2023-01-01
U003170,MOV116956,3.0,2016-06-04
U000001,MOV108348,1.0,2015-05-06
U000010,MOV102295,1.0,2019-11-28
U002841,MOV119635,3.0,2024-03-04
U000377,MOV108973,4.0,2022-03-10
U000020,MOV104833,4.0,2020-12-03
U000003,MOV110541,5.0,
U000001,MOV103433,5.0,2023-06-20
U000003,MOV116057,3.0,2015-07-30
U000020,MOV119635,2.0,2023-06-30
U000001,MOV118513,4.0,2023-06-29
U000053,MOV109221,3.0,2025-06-26
U000035,MOV111271,3.0,2023-08-15
U000685,MOV100006,5.0,2022-04-28
U000007,MOV114784,4.0,2024-12-12
U000011,MOV107898,4.0,2024-05-20
U000005,MOV114485,3.0,2021-10-29
U000007,MOV114626,3.0,2025-04-23
U000188,MOV118556,2.0,2020-12-02
U000146,MOV107846,2.0,2020-01-11
U000016,MOV116705,3.0,2025-02-23
U000002,MOV101108,3.0,2019-12-05
U000008,MOV110262,3.0,2025-12-19
U000001,MOV113956,5.0,2023-02-04
U000154,MOV100359,4.0,2020-08-21
U000001,MOV116966,4.0,2025-07-14
U000001,MOV101937,4.0,2024-01-23
U000028,MOV100006,3.0,2024-01-20
U000219,MOV100006,4.0,2019-11-17
U000243,MOV119272,3.0,2025-11-18
U000007,MOV119272,1.0,2019-07-20
U000003,MOV114050,4.0,2023-11-06
U000049,MOV104507,4.0,2022-08-24
U000002,MOV108690,4.0,2016-09-17
U000003,MOV105640,5.0,2024-11-30
U000119,MOV114993,4.0,2017-12-25
U002675,MOV106380,2.0,2015-09-30
U000129,MOV117629,5.0,2021-09-14
U000600,MOV119635,4.0,2020-10-06
U000029,MOV115020,2.0,2021-04-10
U000001,MOV118531,5.0,2015-09-06
U000008,MOV116001,4.0,2025-12-13
U000001,MOV100066,3.0,2017-06-16
U000072,MOV111671,4.0,2019-09-22
U000049,MOV106037,4.0,2021-10-24
U000001,MOV116203,1.0,2023-10-26
U000026,MOV105644,3.0,2023-01-04
U000277,MOV100006,3.0,2023-09-15
U000001,MOV105644,5.0,2025-10-21
U000001,MOV104270,4.0,2023-05-11
U000006,MOV109759,4.0,2025-02-22
U001318,MOV100006,3.0,
U000001,MOV110437,5.0,2015-05-14
U000058,MOV101108,1.0,2023-02-27
U000079,MOV100006,4.0,2019-10-04
U000004,MOV119188,5.0,2019-04-18
U000004,MOV115686,3.0,2022-11-24
U000003,MOV118988,4.0,2022-04-25
U000013,MOV119635,4.0,2025-05-02
U000040,MOV106883,4.0,2022-08-12
U000003,MOV100880,3.0,2025-05-22
U000047,MOV104233,1.0,2024-03-20
U000003,MOV115413,3.0,2022-06-26
U000001,MOV103262,4.0,2022-11-16
U000002,MOV110253,5.0,2023-09-08
U000021,MOV111550,4.0,2023-10-27
U000009,MOV101027,2.0,2022-06-18
U000023,MOV119272,4.0,2025-01-31
U000060,MOV105990,4.0,2020-03-15
U000141,MOV102124,4.0,2025-10-04
U000010,MOV111020,3.0,2022-05-06
U000027,MOV104804,5.0,2016-09-01
U000069,MOV119186,3.0,2023-09-09
U000005,MOV118556,4.0,2025-03-05
U000008,MOV101266,4.0,2025-08-26
U000117,MOV111179,2.0,2016-10-11
U000010,MOV100239,5.0,2017-05-27
U000025,MOV112960,3.0,2020-10-31
U000057,MOV101108,3.0,2024-09-21
U000005,MOV106316,1.0,2020-11-15
U000090,MOV100006,1.0,2024-10-18
U000086,MOV113753,4.0,2025-04-01
U000062,MOV104883,4.0,2025-11-12
U000499,MOV104286,3.0,2018-02-06
U000010,MOV110067,3.0,2018-06-30
U000001,MOV114601,4.0,2023-09-05
U000006,MOV102551,4.0,2025-06-13
U000025,MOV106452,4.0,2020-06-06
U000040,MOV106104,5.0,2024-06-27
U000145,MOV100006,4.0,2024-06-05
U000071,MOV116131,3.0,2021-10-12
U000001,MOV118736,5.0,2018-07-12
U001603,MOV110026,4.0,2020-05-08
U000003,MOV106619,4.0,2023-03-23
U000001,MOV109140,1.0,2023-10-13
U000171,MOV106026,4.0,2024-01-08
U000081,MOV119635,3.0,2016-07-29
U000333,MOV110475,4.0,2022-11-29
U000001,MOV112959,1.0,2025-05-09
U000007,MOV116956,4.0,2017-07-05
U000047,MOV105438,2.0,2018-06-02
U000006,MOV119204,3.0,2021-07-06
U001040,MOV119635,1.0,2024-07-04
U000012,MOV100751,3.0,2025-09-19
U000231,MOV118828,5.0,2024-10-11
U000037,MOV100006,4.0,2021-03-30
U000001,MOV105558,4.0,2019-07-09
U000006,MOV110018,4.0,2021-11-10
U000001,MOV109288,5.0,2023-04-20
U000001,MOV103125,4.0,2024-09-30
U002166,MOV119635,4.0,2025-05-30
U001486,MOV118545,2.0,2022-03-28
U000002,MOV116597,4.0,2024-08-19
U000001,MOV111859,2.0,2021-06-22
U000038,MOV113048,4.0,2023-12-31
U000008,MOV100208,3.0,2022-05-08
U000097,MOV110460,3.0,2022-09-12
U000001,MOV117251,3.0,2023-09-28
U000051,MOV112462,5.0,2021-03-07
U000075,MOV105990,3.0,2025-06-03
U000002,MOV117879,4.0,2024-03-06
U000030,MOV115929,3.0,
U000011,MOV100751,2.0,2025-09-13
U003473,MOV104768,4.0,2022-05-05
U000006,MOV109221,4.0,2025-10-20
U000070,MOV105644,3.0,2022-11-12
U000002,MOV109092,4.0,2024-01-08
U000750,MOV119272,4.0,2022-05-04
U000028,MOV117615,3.0,2025-10-27
U000023,MOV100006,5.0,2016-04-30
U000002,MOV109793,5.0,2021-07-02
U000102,MOV116383,4.0,2018-10-31
U000015,MOV119204,3.0,2025-11-10
U000045,MOV100006,4.0,2025-08-08
U000006,MOV106730,2.0,2023-04-12
U000026,MOV100006,5.0,2025-05-04
U000026,MOV115100,1.0,2025-06-23
U000002,MOV111159,3.0,2025-03-29
U000016,MOV110388,5.0,2022-04-02
U001754,MOV117885,4.0,2015-11-16
U000010,MOV104436,2.0,2024-12-01
U000001,MOV101397,4.0,2025-06-15
U000010,MOV119660,4.0,2016-05-21
U000058,MOV117948,4.0,2020-08-30
U000001,MOV114710,2.0,2025-07-11
U001422,MOV117948,3.0,2022-11-30
U000001,MOV103091,4.0,2025-11-16
U000001,MOV104244,4.0,2023-07-07
U000585,MOV108588,3.0,2022-02-11
U000435,MOV119635,5.0,2021-03-25
U000011,MOV119272,3.0,2024-10-19
U000002,MOV117511,4.0,2016-07-02
U000002,MOV114896,5.0,2022-04-04
U000001,MOV105463,5.0,2020-05-09
U000007,MOV117287,5.0,2019-08-14
U000001,MOV116778,2.0,2025-06-01
U000006,MOV116203,5.0,2023-09-06
U000021,MOV119204,4.0,2021-04-12
U000008,MOV105990,3.0,2024-10-04
U000098,MOV119635,2.0,2019-04-26
U000414,MOV117948,2.0,2020-07-08
U000492,MOV111849,2.0,2017-03-01
U000001,MOV110294,5.0,2020-08-06
U000008,MOV119272,4.0,2021-03-23
U000001,MOV105077,5.0,2022-04-08
U001103,MOV117652,3.0,2023-09-12
U000069,MOV106689,4.0,2021-05-02
U000397,MOV103605,4.0,2021-06-01
U002646,MOV119635,1.0,2025-07-22
U000006,MOV101396,4.0,2022-12-18
U000068,MOV119635,2.0,2017-06-18
U000078,MOV114784,2.0,2025-02-08
U000009,MOV106838,5.0,2020-04-17
U000002,MOV110026,3.0,2016-03-03
U000001,MOV116169,4.0,2018-09-24
U000029,MOV113599,5.0,2021-05-01
U000017,MOV115251,5.0,2023-08-14
U000008,MOV101108,4.0,2023-11-24
U000002,MOV115627,5.0,2019-08-18
U000173,MOV100491,3.0,2018-01-16
U000024,MOV105669,5.0,2025-09-22
U000008,MOV111029,3.0,2025-08-14
U001500,MOV110674,5.0,2022-05-07
U000004,MOV106380,3.0,2019-02-21
U000011,MOV107058,4.0,2018-03-30
U000533,MOV103605,3.0,2025-03-02
U001146,MOV107745,4.0,2018-04-11
U000337,MOV110699,2.0,2023-09-01
U001396,MOV113243,4.0,2020-08-15
U004028,MOV103017,4.0,2019-01-12
U000006,MOV114784,2.0,2019-01-21
U003245,MOV108029,5.0,2024-03-12
U000149,MOV104307,5.0,2025-08-22
U000010,MOV101539,5.0,2021-11-01
U000003,MOV112344,3.0,2025-11-29
U000008,MOV110030,3.0,2025-05-26
U000028,MOV109221,5.0,2023-12-30
U000002,MOV103759,5.0,2023-06-02
U000002,MOV117313,4.0,2021-02-27
U000001,MOV114856,2.0,2023-12-05
U000008,MOV114961,3.0,2023-08-11
U000002,MOV111034,3.0,2022-04-14
U002388,MOV111671,5.0,2025-05-13
U000003,MOV107457,3.0,2025-08-30
U000192,MOV107912,4.0,2020-07-13
U000001,MOV118126,5.0,2022-01-27
U000071,MOV116203,2.0,2021-05-11
U001309,MOV109264,4.0,2019-04-06
U000003,MOV100569,4.0,2021-11-21
U003305,MOV101462,4.0,2018-11-08
U001125,MOV100006,3.0,2024-09-28
U000030,MOV100006,4.0,2020-06-18
U000004,MOV115620,5.0,2018-07-20
U000151,MOV100016,2.0,2025-04-17
U000143,MOV100006,4.0,2019-02-05
U000117,MOV100574,1.0,2022-02-08
U000024,MOV111852,3.0,2025-02-11
U000001,MOV109221,5.0,2020-05-09
U001929,MOV119272,3.0,2021-07-19
U000001,MOV116741,5.0,2024-02-01
U000013,MOV100613,3.0,2017-08-13
U000031,MOV109221,4.0,2024-06-29
U000115,MOV116353,3.0,2021-12-29
U000003,MOV109221,4.0,2020-01-17
U000385,MOV100006,4.0,2022-02-15
U000765,MOV105990,3.0,2021-03-09
U000003,MOV108653,5.0,2024-04-15
U000542,MOV117421,4.0,2021-01-05
U000003,MOV116760,3.0,2024-03-01
U000002,MOV116956,4.0,2025-07-04
U000002,MOV116787,5.0,2024-07-07
U000001,MOV102372,5.0,2023-09-15
U000001,MOV104629,5.0,2021-02-05
U000138,MOV116203,3.0,2022-01-23
U003419,MOV103323,5.0,2018-12-16
U003113,MOV110351,3.0,2023-01-11
U000006,MOV102617,4.0,2018-07-31
U000004,MOV110325,4.0,2025-06-13
U000005,MOV105715,3.0,2023-11-23
U000001,MOV106525,3.0,2023-03-03
U001039,MOV100006,4.0,2021-02-20
U000261,MOV104768,3.0,2018-05-06
U000002,MOV106699,4.0,2025-12-08
U000013,MOV106452,5.0,2025-06-15
U000315,MOV103882,4.0,2025-10-18
U000905,MOV105896,4.0,2021-12-23
U000001,MOV104018,5.0,2025-12-01
U000137,MOV110475,1.0,2025-07-19
U000001,MOV116240,3.0,2021-09-01
U000206,MOV103334,3.0,2018-04-27
U000008,MOV107817,5.0,2025-07-22
U000009,MOV119026,4.0,2019-05-31
U000003,MOV104601,3.0,2021-09-26
U000298,MOV107386,3.0,2023-10-04
U000019,MOV107434,2.0,2015-05-03
U000001,MOV114424,5.0,2024-10-05
U003892,MOV105990,4.0,2025-09-15
U000003,MOV117349,5.0,2022-05-02
U000015,MOV117648,3.0,2023-07-14
U000491,MOV109280,3.0,2024-01-09
U001057,MOV109221,4.0,2025-04-18
U002834,MOV110015,2.0,2024-12-18
U000001,MOV117851,4.0,2019-09-06
U001461,MOV103605,3.0,2022-04-26
U000002,MOV117948,4.0,2022-11-05
U000004,MOV100557,4.0,2024-12-01
U000006,MOV114626,4.0,2023-12-25
U000001,MOV109874,4.0,2020-09-24
U000007,MOV111271,4.0,2022-03-02
U000001,MOV100713,3.0,
U000042,MOV107259,4.0,2024-01-19
U000219,MOV114626,4.0,2022-09-14
U000240,MOV109221,5.0,2025-08-27
U000006,MOV110475,3.0,2021-11-23
U000052,MOV105990,2.0,2025-08-13
U000001,MOV109223,5.0,2021-10-08
U000002,MOV105764,3.0,2025-03-19
U000003,MOV107794,4.0,2019-11-25
U000077,MOV117948,3.0,2019-05-31
U000423,MOV109221,3.0,2019-09-17
U000107,MOV107961,3.0,2023-01-17
U000197,MOV100006,3.0,2022-06-29
U000065,MOV113048,4.0,2025-06-18
U000025,MOV114626,5.0,2020-11-02
U002494,MOV100006,5.0,2018-08-12
U000038,MOV107017,2.0,2025-01-26
U000006,MOV111999,4.0,2021-01-09
U000005,MOV114015,3.0,2017-10-05
U000002,MOV117793,3.0,2023-05-23
U000007,MOV110351,1.0,2017-09-11
U000251,MOV103147,1.0,2021-11-29
U000014,MOV119635,3.0,2023-10-26
U000001,MOV114896,5.0,2023-11-19
U000034,MOV111451,1.0,2021-11-29
U000810,MOV100006,2.0,2019-04-18
U000071,MOV101108,3.0,2025-09-09
U000001,MOV116956,1.0,2021-09-06
U000060,MOV112232,4.0,2021-05-08
U000012,MOV114626,4.0,2025-05-05
U000001,MOV117698,5.0,2025-12-31
U000009,MOV103643,5.0,2025-03-17
U000775,MOV118510,5.0,2025-06-12
U000052,MOV114626,5.0,2016-09-29
U000006,MOV105990,5.0,2025-04-29
U000009,MOV111328,5.0,2019-12-14
U000003,MOV101539,4.0,2021-03-21
U000002,MOV117604,4.0,2018-09-14
U000013,MOV101613,4.0,2019-03-16
U000031,MOV105990,3.0,2025-03-17
U000003,MOV104028,4.0,2023-11-22
U000006,MOV113841,4.0,2024-10-12
U000011,MOV114317,3.0,2025-10-29
U000728,MOV100006,3.0,2025-10-11
U000865,MOV103122,2.0,2017-04-05
U000064,MOV100006,4.0,2024-12-24
U000054,MOV100006,3.0,2025-10-15
U000229,MOV101681,4.0,2015-06-11
U000031,MOV119635,5.0,2016-06-24
U000054,MOV101120,1.0,2025-01-05
U000285,MOV105990,5.0,2024-03-23
U000052,MOV101404,5.0,2018-06-21
U000001,MOV113766,4.0,2018-07-04
U000002,MOV113900,5.0,2025-04-11
U000001,MOV104873,5.0,2025-12-28
U000013,MOV118335,2.0,2025-07-01
U000012,MOV118111,3.0,2019-08-24
U000007,MOV103605,2.0,2016-04-11
U000099,MOV106931,4.0,2021-01-17
U000521,MOV116470,5.0,2025-05-29
U001909,MOV105990,1.0,2019-10-20
U000004,MOV103125,5.0,2022-02-02
U000002,MOV102289,4.0,2025-11-27
U000002,MOV103993,3.0,2021-09-26
U000303,MOV119635,4.0,2015-05-15
U000016,MOV116181,3.0,2025-04-09
U002550,MOV105896,5.0,2023-08-20
U000705,MOV115409,3.0,2025-07-23
U000009,MOV116000,4.0,2020-01-05
U000134,MOV108836,3.0,2023-10-06
U000067,MOV114626,4.0,2025-08-15
U000012,MOV106061,4.0,2019-11-20
U000007,MOV112632,3.0,2019-08-01
U000045,MOV113048,1.0,2021-02-28
U000167,MOV105990,4.0,2018-02-08
U001064,MOV105896,5.0,2025-03-18
U000709,MOV101108,5.0,2025-11-07
U003739,MOV116835,5.0,2022-04-04
U000002,MOV118556,4.0,2025-10-27
U001436,MOV105990,5.0,2022-04-17
U002739,MOV106021,4.0,2015-04-20
U000001,MOV110934,4.0,2022-02-06
U000013,MOV109221,4.0,2017-08-31
U000034,MOV109461,4.0,2020-09-22
U000004,MOV103562,3.0,2024-06-28
U000017,MOV104262,2.0,2025-09-04
U000006,MOV110544,5.0,2025-04-19
U000801,MOV101083,5.0,2021-05-12
U000005,MOV114896,3.0,2021-06-18
U000428,MOV112439,4.0,2024-11-20
U000062,MOV115403,4.0,2019-09-23
U000001,MOV117948,4.0,2023-11-18
U000022,MOV119288,3.0,2024-11-10
U000015,MOV104937,4.0,2025-09-21
U000012,MOV114993,4.0,2019-10-11
U000069,MOV100006,4.0,2017-03-22
U003731,MOV115929,4.0,2025-05-14
U000011,MOV101084,5.0,2019-04-06
U000944,MOV100006,4.0,2025-01-27
U000099,MOV110026,3.0,2025-10-28
U000251,MOV110418,5.0,2019-11-23
U000454,MOV113048,4.0,2023-09-01
U000252,MOV114626,4.0,2018-03-17
U000041,MOV114935,3.0,2019-08-11
U000021,MOV101687,4.0,2022-12-13
U000085,MOV108973,3.0,2023-06-18
U002990,MOV119164,4.0,2021-10-03
U001813,MOV103125,3.0,2024-03-19
U000017,MOV118556,4.0,2021-12-08
U000003,MOV113482,4.0,2021-11-04
U000049,MOV101108,4.0,2018-08-04
U000029,MOV101202,5.0,2025-08-31
U000014,MOV113048,1.0,2022-08-18
U000022,MOV108449,4.0,2020-08-16
U000002,MOV101840,2.0,2019-02-28
U000009,MOV116052,4.0,
U000025,MOV102164,3.0,2025-09-09
U000001,MOV106689,4.0,2016-08-21
U000030,MOV116813,1.0,2025-08-18
U000002,MOV101081,3.0,2015-05-27
U000001,MOV111025,4.0,2025-11-27
U001169,MOV112232,5.0,2021-07-13
U000720,MOV100006,4.0,2023-02-24
U000001,MOV109340,5.0,2024-01-31
U000001,MOV117167,5.0,2023-04-01
U000001,MOV102956,4.0,2018-06-05
U000002,MOV115344,4.0,2022-05-15
U000050,MOV105990,4.0,2023-02-03
U000036,MOV108858,5.0,2022-10-15
U000189,MOV101202,4.0,2025-04-20
U000012,MOV110026,3.0,2023-06-23
U000103,MOV117066,4.0,2015-10-10
U003644,MOV119635,3.0,2015-07-08
U000158,MOV100006,4.0,2019-10-19
U000035,MOV107066,2.0,2016-08-22
U000006,MOV104038,4.0,2018-11-17
U000012,MOV100831,4.0,2023-01-17
U000456,MOV113048,3.0,2020-12-06
U000762,MOV100006,1.0,2022-10-17
U000005,MOV110828,3.0,2025-07-27
U000001,MOV106037,5.0,2021-12-20
U000005,MOV113573,2.0,2023-12-10
U000149,MOV103605,2.0,2024-08-31
U002736,MOV104629,3.0,2025-05-21
U000004,MOV114896,5.0,2020-09-13
U000002,MOV110828,1.0,2024-09-12
U000002,MOV117812,1.0,2025-02-27
U000012,MOV101202,4.0,2022-03-07
U000006,MOV107665,3.0,2025-01-11
U000001,MOV105715,4.0,2025-09-09
U000009,MOV100454,4.0,2016-12-22
U000103,MOV118342,3.0,2018-08-11
U000056,MOV101681,4.0,2024-03-18
U000076,MOV100427,5.0,2024-09-08
U000086,MOV101237,3.0,2020-03-31
U004186,MOV118474,4.0,2023-11-11
U000003,MOV103125,5.0,2025-11-01
U000014,MOV119272,2.0,2021-07-15
U000003,MOV100630,3.0,2019-09-21
U000013,MOV102061,4.0,2021-04-25
U004062,MOV119635,4.0,2021-03-30
U000001,MOV111000,4.0,2025-08-10
U000001,MOV100099,3.0,2021-07-14
U000001,MOV100557,4.0,2023-10-06
U000001,MOV102047,5.0,2024-07-08
U000025,MOV114993,4.0,2023-04-12
U000121,MOV110262,2.0,2019-02-07
U001220,MOV105267,4.0,2016-02-24
U000072,MOV105990,3.0,2018-11-20
U000048,MOV100006,2.0,2022-03-20
U000005,MOV107687,1.0,2025-11-13
U000010,MOV119272,5.0,2024-05-23
U001884,MOV111434,5.0,2022-04-09
U000446,MOV105990,1.0,2017-11-17
U000001,MOV112130,3.0,2021-03-04
U001596,MOV113048,4.0,2024-02-10
U001108,MOV104924,4.0,2025-03-08
U000002,MOV111308,5.0,2020-10-08
U000093,MOV112720,4.0,2020-07-05
U000008,MOV106287,3.0,2024-10-12
U000007,MOV104591,2.0,2019-01-24
U000289,MOV105990,3.0,2018-02-19
U003388,MOV118556,5.0,2020-06-08
U000008,MOV117851,1.0,2015-09-07
U000009,MOV114601,3.0,2021-05-25
U000010,MOV109221,4.0,2025-04-23
U000137,MOV118231,1.0,2024-02-20
U000001,MOV105764,4.0,2025-03-12
U000002,MOV118390,5.0,2025-07-23
U000198,MOV100754,4.0,2022-05-11
U000002,MOV117066,3.0,2023-12-04
U000025,MOV101561,3.0,2025-05-21
U000033,MOV100006,2.0,2025-05-23
U000001,MOV117972,5.0,2023-05-23
U000004,MOV117251,4.0,2025-01-26
U000189,MOV119272,2.0,2024-06-07
U000005,MOV100621,3.0,2023-01-02
U000035,MOV106689,5.0,2023-03-03
U000031,MOV114784,3.0,2019-06-09
U000004,MOV105896,4.0,2020-05-04
U000082,MOV114909,3.0,2018-09-04
U002015,MOV119635,4.0,2020-10-07
U000007,MOV100136,3.0,2018-08-22
U000841,MOV101399,4.0,2016-04-17
U000009,MOV114906,4.0,2025-09-22
U000184,MOV106289,2.0,2025-04-23
U000248,MOV103390,5.0,2022-11-14
U000006,MOV116373,3.0,2023-03-10
U001364,MOV106701,3.0,2025-08-26
U000010,MOV106540,5.0,2020-06-21
U000301,MOV112628,5.0,2025-11-28
U000069,MOV105990,2.0,2022-01-04
U000003,MOV104697,5.0,2025-05-16
U000491,MOV114993,4.0,2022-08-23
U000001,MOV103334,5.0,2023-01-02
U000021,MOV116710,4.0,2024-10-20
U004489,MOV116983,4.0,2022-01-06
U000255,MOV116710,3.0,2024-06-17
U000101,MOV114626,3.0,2017-10-25
U000007,MOV100262,4.0,2019-04-28
U002089,MOV101108,4.0,2020-10-18
U000052,MOV119513,5.0,2019-01-14
U000046,MOV100006,4.0,2021-06-20
U000040,MOV115062,4.0,2023-10-22
U000003,MOV106850,4.0,2022-01-30
U000004,MOV114005,3.0,2023-05-26
U000031,MOV119204,5.0,2025-07-19
U000002,MOV111986,5.0,2025-09-28
U000015,MOV105990,4.0,2019-10-17
U003173,MOV113048,4.0,2023-06-21
U000002,MOV114626,5.0,2022-11-06
U000009,MOV100006,4.0,2019-10-23
U000393,MOV112922,4.0,2017-02-07
U000004,MOV107070,4.0,
U000045,MOV106701,5.0,2024-09-11
U000011,MOV100006,4.0,2023-11-30
U000025,MOV116803,4.0,2018-02-02
U000003,MOV104270,5.0,2025-05-17
U000013,MOV115879,4.0,2019-12-26
U000003,MOV116663,2.0,2016-09-20
U000005,MOV119635,5.0,2023-02-13
U000151,MOV119272,4.0,2025-04-24
U000083,MOV116458,4.0,2024-09-29
U000012,MOV108331,4.0,2019-12-29
U000008,MOV101202,5.0,2022-02-01
U000088,MOV116580,3.0,2024-11-24
U000007,MOV103376,2.0,2021-11-20
U000001,MOV107069,2.0,2025-09-27
U000003,MOV118510,5.0,2022-11-13
U001159,MOV100006,4.0,2022-04-03
U000039,MOV104277,5.0,2024-03-02
U000006,MOV106640,4.0,2020-04-26
U000007,MOV100557,3.0,2021-04-27
U000007,MOV116384,3.0,2023-12-11
U000002,MOV116399,3.0,2024-06-17
U000008,MOV107070,2.0,2015-09-30
U000036,MOV116796,4.0,2020-02-06
U000767,MOV107663,5.0,2025-03-02
U000001,MOV119287,3.0,2024-06-09
U000001,MOV110332,4.0,2023-10-26
U000027,MOV108506,5.0,2023-11-13
U001262,MOV113223,5.0,2021-11-07
U000456,MOV114626,4.0,2018-11-20
U000014,MOV105764,4.0,2022-08-25
U000020,MOV119204,2.0,2023-10-25
U000010,MOV117851,4.0,2025-03-06
U000002,MOV108308,3.0,2018-12-31
U000003,MOV119292,4.0,2021-10-12
U000026,MOV101840,4.0,2023-07-12
U001558,MOV113048,3.0,2018-11-15
U002115,MOV105990,4.0,2024-08-25
U000095,MOV119419,3.0,2019-03-12
U002128,MOV100006,5.0,2018-05-08
U000055,MOV113048,4.0,2023-03-03
U000556,MOV118543,2.0,
U000168,MOV105990,4.0,2020-12-24
U000067,MOV108700,4.0,2015-05-06
U001372,MOV109340,3.0,2025-10-06
U000002,MOV104436,4.0,2023-09-23
U000001,MOV102020,3.0,2025-05-22
U003996,MOV115826,3.0,2024-04-09
U001940,MOV105990,5.0,2016-12-13
U000001,MOV106272,3.0,2024-06-04
U000001,MOV107795,2.0,2024-08-09
U000097,MOV100012,4.0,2024-08-01
U000112,MOV101108,4.0,2023-07-29
U000032,MOV107912,5.0,2020-07-10
U000008,MOV113560,5.0,2020-11-16
U000001,MOV115902,2.0,2017-10-14
U000001,MOV102507,1.0,2023-12-15
U000010,MOV108388,5.0,2021-12-12
U002084,MOV119635,2.0,2024-05-25
U000018,MOV103684,5.0,2016-10-03
U000017,MOV110026,4.0,2018-07-25
U000072,MOV114652,4.0,2025-07-01
U000009,MOV107227,4.0,2016-03-26
U000001,MOV114663,2.0,2024-07-23
U000002,MOV110790,4.0,2022-05-02
U000140,MOV119635,4.0,2019-05-27
U000002,MOV116803,1.0,2023-06-16
U000003,MOV105768,5.0,2025-02-19
U000001,MOV104494,3.0,
U000001,MOV117093,4.0,2022-10-19
U000098,MOV114626,3.0,2023-03-17
U000001,MOV109660,3.0,2024-06-13
U000086,MOV117851,4.0,2024-09-08
U000918,MOV107386,4.0,2020-12-25
U000023,MOV119204,2.0,2021-07-22
U000001,MOV112751,3.0,2024-03-12
U000122,MOV117948,3.0,2016-03-14
U000007,MOV106689,4.0,2018-12-29
U000008,MOV104768,3.0,2025-02-14
U000279,MOV119635,1.0,2025-04-20
U000048,MOV117599,3.0,2024-08-04
U000001,MOV101108,3.0,2025-03-27
U000008,MOV115682,5.0,2024-04-07
U000001,MOV111159,4.0,2018-06-11
U000053,MOV119635,3.0,2021-04-11
U000051,MOV100006,3.0,2019-07-25
U000002,MOV101202,4.0,2024-12-20
U000002,MOV109221,4.0,2022-01-12
U000001,MOV118089,2.0,2020-09-22
U000682,MOV108423,5.0,2025-09-20
U000001,MOV109776,4.0,2022-01-13
U000002,MOV113766,4.0,2025-05-24
U001301,MOV101108,5.0,2023-06-06
U001743,MOV119635,4.0,2025-01-18
U000990,MOV114938,1.0,2021-02-25
U000040,MOV116564,1.0,2020-02-21
U000124,MOV117349,4.0,2018-01-06
U000005,MOV100006,1.0,2020-05-14
U000014,MOV105990,4.0,2023-02-07
U000001,MOV106380,5.0,2019-06-25
U000006,MOV119635,4.0,2024-08-16
U003031,MOV118745,4.0,2023-08-11
U000001,MOV102723,4.0,2024-03-06
U002278,MOV108042,5.0,2024-07-05
U000026,MOV113132,3.0,2023-08-05
U000387,MOV100006,2.0,2019-01-27
U000101,MOV119635,3.0,2020-09-20
U000004,MOV105990,5.0,2023-11-07
U000012,MOV100006,2.0,2025-10-23
U001293,MOV101783,4.0,2023-10-12
U000008,MOV112147,4.0,2022-09-10
U000005,MOV109221,5.0,2021-08-04
U000040,MOV105990,4.0,2021-12-16
U000001,MOV100491,2.0,2025-04-03
U000001,MOV102996,5.0,2023-09-01
U000001,MOV105170,4.0,2019-11-26
U000177,MOV111103,4.0,2022-06-11
U003784,MOV100006,5.0,2018-05-15
U000002,MOV110262,4.0,2022-10-09
U000159,MOV100006,4.0,2023-10-19
U000468,MOV101202,5.0,2023-12-25
U000003,MOV119204,5.0,2025-02-12
U000001,MOV114741,4.0,2020-05-18
U000004,MOV112114,3.0,2015-05-27
U000002,MOV102857,4.0,2021-11-12
U003721,MOV108515,5.0,2025-08-26
U000002,MOV113048,4.0,2016-10-27
U000045,MOV118556,2.0,2025-09-15
U000045,MOV105538,4.0,2023-09-03
U000001,MOV110304,4.0,2020-12-04
U001104,MOV104768,3.0,2025-09-27
U000013,MOV110467,3.0,2023-03-14
U000089,MOV110026,4.0,2022-11-20
U000001,MOV105069,4.0,2025-09-29
U000055,MOV119635,2.0,2016-02-12
U003089,MOV106960,4.0,2015-03-17
U000019,MOV100006,5.0,2025-06-26
U000030,MOV103605,5.0,2024-02-28
U000250,MOV105990,2.0,2021-10-29
U000015,MOV115268,3.0,2024-03-11
U000001,MOV119579,5.0,2025-07-26
U002162,MOV107961,5.0,2022-01-02
U003975,MOV115554,4.0,2025-11-15
U000012,MOV103605,5.0,2016-09-15
U000028,MOV110026,4.0,2025-01-16
U000018,MOV103605,3.0,2017-10-24
U000025,MOV100751,4.0,2020-07-31
U000021,MOV105990,3.0,2024-12-09
U000417,MOV119426,4.0,2018-11-09
U000006,MOV100557,2.0,2025-03-07
U000018,MOV105764,3.0,2022-03-21
U000004,MOV109703,4.0,2024-05-15
U000139,MOV105911,2.0,2021-09-19
U000124,MOV113048,5.0,2022-03-24
U000086,MOV104768,5.0,2023-01-25
U000002,MOV100208,2.0,2016-05-11
U000003,MOV119635,4.0,2020-06-12
U000012,MOV111271,5.0,2023-02-12
U000121,MOV106687,2.0,2021-08-25
U000248,MOV110687,4.0,2019-07-31
U000155,MOV105338,5.0,2015-07-22
U000232,MOV100006,4.0,2018-07-03
U000016,MOV116707,4.0,2023-10-11
U000063,MOV100980,5.0,2018-07-26
U000156,MOV116564,4.0,2024-03-17
U000053,MOV114056,3.0,2022-09-02
U000095,MOV101027,4.0,2020-03-20
U000688,MOV107912,2.0,2022-07-04
U000007,MOV118556,4.0,2025-08-08
U000018,MOV119635,5.0,2015-11-27
U000047,MOV111480,5.0,2023-01-02
U000349,MOV109166,5.0,2025-01-28
U000003,MOV102058,1.0,2024-10-18
U000020,MOV105990,2.0,2019-12-21
U000758,MOV110388,5.0,2023-02-19
U000829,MOV114365,1.0,2024-05-20
U000006,MOV114909,4.0,2025-04-28
U000002,MOV107070,4.0,2022-10-31
U000540,MOV114626,5.0,2016-06-16
U000061,MOV119272,4.0,2025-12-10
U000112,MOV100006,4.0,2023-11-15
U000994,MOV119635,4.0,2025-12-02
U000473,MOV111786,3.0,2024-11-08
U000025,MOV100006,1.0,2024-08-09
U000001,MOV112158,3.0,2025-04-13
U000005,MOV112114,5.0,2024-07-17
U000002,MOV102094,3.0,2023-01-15
U000006,MOV106699,4.0,2015-09-05
U000006,MOV115420,1.0,2018-09-16
U000014,MOV106333,3.0,2020-02-07
U000007,MOV109221,2.0,2019-02-11
U000188,MOV114784,4.0,2020-09-17
U000681,MOV110026,3.0,2020-04-26
U000001,MOV118556,4.0,2024-02-01
U000005,MOV119272,3.0,2024-09-02
U000020,MOV105896,5.0,2025-08-28
U000004,MOV113048,4.0,2017-11-24
U000643,MOV100006,5.0,
U000004,MOV105712,3.0,2023-06-06
U000231,MOV101202,3.0,2025-03-15
U000001,MOV119204,4.0,2025-12-22
U001051,MOV116993,4.0,2016-07-31
U000011,MOV118828,5.0,2025-07-26
U000889,MOV100006,4.0,2025-09-26
U000074,MOV119272,4.0,2015-11-10
U000001,MOV105896,4.0,2023-09-07
U000002,MOV113717,4.0,2015-04-19
U000049,MOV106699,2.0,2025-02-19
U000001,MOV103610,4.0,2023-03-20
U000030,MOV110932,5.0,2015-09-11
U000467,MOV105990,2.0,2021-07-15
U000005,MOV101577,4.0,2024-02-15
U000002,MOV108062,4.0,2020-05-05
U000001,MOV103521,4.0,2024-02-02
U000017,MOV111012,4.0,2023-08-27
U000004,MOV114993,2.0,2020-07-01
U000002,MOV111673,4.0,2024-01-18
U000001,MOV114626,5.0,2019-10-25
U000025,MOV117349,3.0,2025-06-26
U000001,MOV106256,4.0,2024-08-23
U001841,MOV108377,3.0,2025-11-12
U000014,MOV101202,1.0,2015-03-11
U000060,MOV119202,4.0,2025-01-28
U000002,MOV118740,4.0,2021-06-08
U000001,MOV109166,3.0,2024-07-02
U000001,MOV102141,5.0,2025-08-27
U000011,MOV106037,4.0,2024-08-30
U000003,MOV119103,2.0,2016-10-25
U000010,MOV103643,5.0,2019-12-16
U000006,MOV118715,4.0,2019-10-28
U001340,MOV112355,4.0,2022-08-19
U000002,MOV101266,4.0,2020-02-16
U000182,MOV114391,3.0,2024-06-09
U000266,MOV119635,3.0,2025-02-19
U000020,MOV100006,5.0,2024-09-17
U001897,MOV100751,5.0,2017-05-23
U000020,MOV101257,2.0,2021-04-18
U000021,MOV114896,4.0,2023-10-05
U000854,MOV101108,4.0,2021-09-30
U000029,MOV106156,4.0,2019-06-15
U000014,MOV100557,4.0,2023-04-26
U000843,MOV100917,3.0,2020-09-04
U004195,MOV119641,4.0,2023-11-01
U000002,MOV119450,5.0,2023-05-23
U000818,MOV112903,1.0,2023-12-11
U000401,MOV119635,3.0,2022-05-12
U000166,MOV113560,4.0,2024-09-09
U000002,MOV105990,4.0,2022-12-19
U000001,MOV105536,4.0,2025-03-18
U000001,MOV111699,5.0,2023-11-17
U000727,MOV107070,3.0,2020-10-12
U000002,MOV104768,4.0,2020-08-17
U000112,MOV116336,4.0,2024-08-27
U000826,MOV100006,2.0,2021-12-04
U000001,MOV119553,3.0,2025-11-24
U000003,MOV113633,4.0,2021-08-07
U000037,MOV113766,3.0,2025-09-22
U000003,MOV118556,4.0,2023-10-15
U001182,MOV106834,4.0,2022-12-31
U000001,MOV104768,4.0,2018-01-03
U000154,MOV112743,3.0,2018-04-02
U000032,MOV115929,4.0,2020-06-24
U000728,MOV111671,4.0,2023-11-07
U000253,MOV109340,4.0,2023-10-19
U000156,MOV119400,2.0,2025-10-14
U000384,MOV113048,5.0,2019-07-14
U001625,MOV119635,4.0,2024-12-22
U000003,MOV107433,3.0,2016-08-27
U000003,MOV119272,4.0,2021-11-24
U000299,MOV100006,5.0,2021-05-02
U001195,MOV108414,3.0,2025-09-28
U000003,MOV110032,3.0,2016-11-19
U000001,MOV102303,4.0,2020-04-07
U000372,MOV100006,5.0,2019-05-21
U000008,MOV109368,3.0,2023-06-09
U000006,MOV100006,4.0,2019-01-24
U000056,MOV109602,5.0,2025-05-11
U000002,MOV107838,4.0,2023-10-16
U002981,MOV100006,2.0,2019-07-02
U000005,MOV110532,3.0,2021-03-27
U000010,MOV118960,4.0,2024-11-12
U000261,MOV100006,3.0,2025-06-15
U000428,MOV107845,4.0,2024-05-27
U000037,MOV116062,5.0,2025-08-16
U000085,MOV114993,4.0,2024-01-14
U000003,MOV106333,4.0,2021-05-02
U001190,MOV114652,5.0,2025-02-23
U000010,MOV109047,4.0,2020-05-22
U001707,MOV108419,4.0,2024-05-01
U000010,MOV101995,3.0,2025-11-09
U000385,MOV108245,4.0,2018-06-20
U000001,MOV110097,4.0,2019-05-01
U000107,MOV111434,3.0,2024-12-11
U000027,MOV107070,3.0,2025-09-09
U000010,MOV112475,3.0,2025-11-03
U000156,MOV112612,3.0,2024-09-08
U000042,MOV103491,3.0,2025-09-29
U000009,MOV114993,4.0,2025-06-11
U003885,MOV118828,4.0,2016-04-21
U000001,MOV119021,3.0,2025-11-01
U000167,MOV103125,4.0,2021-01-16
U000019,MOV111415,4.0,2016-10-24
U000015,MOV119272,5.0,2020-12-10
U000002,MOV109663,4.0,2018-08-21
U000231,MOV100006,4.0,2023-01-16
U000003,MOV105277,5.0,2025-08-01
U000117,MOV113048,5.0,2025-05-24
U000010,MOV116707,4.0,2021-07-03
U000010,MOV100557,5.0,2021-04-08
U000076,MOV104768,3.0,2018-03-16
U000012,MOV119635,4.0,2021-05-02
U000001,MOV115713,4.0,2021-10-03
U000016,MOV118753,4.0,2025-10-21
U000075,MOV100006,4.0,2024-02-26
U000029,MOV114162,4.0,2025-01-25
U000001,MOV106834,5.0,2022-06-19
U000004,MOV113800,5.0,2017-09-22
U000002,MOV103605,4.0,2024-10-29
U000025,MOV119272,4.0,2020-03-03
U000006,MOV101462,4.0,2024-09-05
U000009,MOV113048,4.0,2019-11-28
U000008,MOV102061,5.0,2025-08-07
U000001,MOV101136,2.0,2021-10-10
U000078,MOV118537,5.0,2022-04-15
U000164,MOV100006,3.0,2024-06-09
U000085,MOV100006,3.0,2024-09-13
U000001,MOV111434,3.0,2020-11-23
U000002,MOV103502,2.0,2022-07-22
U000003,MOV112981,3.0,2025-06-08
U000054,MOV115413,4.0,2024-10-23
U000001,MOV112414,5.0,2018-05-27
U000012,MOV116493,3.0,2020-03-28
U000001,MOV107687,5.0,2024-10-21
U000007,MOV102617,2.0,2020-05-02
U000001,MOV110475,2.0,2019-12-23
U000205,MOV114626,4.0,2015-08-30
U000098,MOV100777,3.0,2023-02-27
U000004,MOV110868,2.0,2025-04-01
U003609,MOV114626,2.0,2025-01-14
U000315,MOV101501,3.0,2019-11-27
U000004,MOV119635,5.0,2015-01-12
U000011,MOV105990,4.0,2024-09-26
U000079,MOV109598,4.0,2023-12-29
U000009,MOV119635,5.0,2023-06-25
U000001,MOV101202,4.0,2024-09-06
U000019,MOV105990,4.0,2019-03-05
U001163,MOV116383,4.0,2025-09-16
U000864,MOV115425,4.0,2025-10-29
U000001,MOV119518,5.0,2025-02-22
U000007,MOV118974,5.0,2021-06-18
U000002,MOV119204,5.0,2015-03-20
U000013,MOV111853,4.0,2025-07-17
U000002,MOV114780,3.0,2018-11-07
U000003,MOV101108,3.0,2023-07-23
U000001,MOV112165,4.0,2024-03-09
U000027,MOV101108,3.0,2025-10-08
U000003,MOV105990,2.0,2024-08-21
U000148,MOV112232,1.0,2020-06-10
U000164,MOV109221,5.0,2023-07-31
U000001,MOV105938,2.0,2025-06-18
U000045,MOV111434,3.0,2024-10-26
U000208,MOV110790,5.0,2023-03-08
U000016,MOV100006,5.0,2016-09-14
U000003,MOV117948,5.0,2025-12-31
U000003,MOV111159,3.0,2024-06-06
U000029,MOV105833,3.0,2025-10-17
U000060,MOV100006,1.0,2022-04-09
U000010,MOV112672,2.0,2015-03-25
U000003,MOV113048,4.0,2024-04-17
U000006,MOV101108,4.0,2018-11-25
U002659,MOV116792,3.0,2021-03-19
U000001,MOV112232,2.0,2023-09-26
U000273,MOV100006,3.0,2023-01-30
U000108,MOV101840,4.0,2015-09-07
U000004,MOV119204,1.0,2025-08-23
U000037,MOV111899,2.0,2022-02-16
U000001,MOV108506,4.0,2018-07-04
U000375,MOV100006,5.0,2023-05-29
U000031,MOV100006,4.0,2019-05-16
U000002,MOV119272,4.0,2023-06-27
U000007,MOV117604,3.0,2024-10-23
U000004,MOV110828,4.0,2022-01-20
U000063,MOV107700,3.0,2020-07-01
U000007,MOV113800,4.0,2024-07-23
U000002,MOV119635,4.0,2025-08-19
U000007,MOV119204,5.0,2022-11-01
U000050,MOV113766,4.0,2025-11-11
U000972,MOV101608,4.0,2022-02-18
U000007,MOV117948,3.0,2021-07-12
U000505,MOV107017,3.0,2024-09-03
U000002,MOV109919,1.0,2025-10-12
U000029,MOV100006,4.0,2022-05-14
U000555,MOV100006,4.0,2020-05-14
U000024,MOV103138,2.0,2025-07-31
U002883,MOV100006,4.0,2022-12-16
U000032,MOV100831,3.0,2025-11-06
U000003,MOV114626,5.0,2025-09-30
U000008,MOV119490,4.0,2021-02-17
U000001,MOV111130,5.0,2020-07-04
U000004,MOV119272,2.0,2021-08-05
U000172,MOV109785,4.0,2023-07-01
U000039,MOV113482,2.0,2022-09-10
U000732,MOV116203,2.0,2019-09-09
U000001,MOV118968,5.0,2019-08-13
U000223,MOV117349,4.0,2019-02-26
U000001,MOV100542,3.0,2024-03-17
U000003,MOV110828,4.0,2021-02-07
U000003,MOV115445,3.0,2025-09-28
U000019,MOV102358,1.0,2022-07-26
U000025,MOV113656,2.0,2023-10-16
U000736,MOV100006,3.0,2025-07-09
U001413,MOV100006,4.0,2024-04-14
U000004,MOV105438,4.0,2024-10-31
U000030,MOV108419,1.0,2023-09-20
U000026,MOV119272,3.0,2019-10-13
U000002,MOV102588,3.0,2024-03-15
U000209,MOV119566,4.0,2020-10-26
U000070,MOV112177,4.0,2025-12-24
U000003,MOV117089,4.0,2019-10-22
U000017,MOV118901,2.0,2019-05-28
U000001,MOV105990,4.0,2022-01-27
U000007,MOV119635,5.0,2020-05-09
U000001,MOV100831,4.0,2023-05-31
U000001,MOV110790,4.0,2025-01-19
U000233,MOV100006,4.0,2025-03-12
U001802,MOV101629,3.0,2018-09-25
U000001,MOV113048,2.0,2024-03-31
U001209,MOV119635,5.0,2023-05-21
U001124,MOV116109,2.0,2022-02-13
U000032,MOV102069,1.0,2024-10-17
U000008,MOV109221,4.0,2025-03-06
U000003,MOV119845,5.0,2024-02-28
U000007,MOV100006,5.0,2015-12-15
U000179,MOV112903,2.0,2022-09-06
U000001,MOV119635,3.0,2019-01-06
U000175,MOV100006,3.0,2025-01-31
U000001,MOV119222,4.0,2020-01-10
U000004,MOV105632,4.0,2025-06-16
U000014,MOV116845,5.0,2020-10-05
U000053,MOV101783,5.0,2025-05-09
U000207,MOV115743,4.0,2021-05-11
U000026,MOV107094,4.0,2025-04-06
U000008,MOV100006,3.0,2024-08-09
U000098,MOV106689,1.0,2020-08-29
U000001,MOV119660,5.0,2018-04-05
U000078,MOV110790,5.0,2023-11-26
U000220,MOV101108,3.0,2025-02-11
U000003,MOV116222,5.0,2020-04-19
U000035,MOV100006,4.0,2024-01-26
U000001,MOV107000,5.0,2025-11-25
U000001,MOV103323,5.0,2022-11-17
U000001,MOV107386,4.0,2025-07-16
U000002,MOV100006,4.0,2020-02-15
U000003,MOV107070,2.0,2016-07-12
U000044,MOV115420,3.0,2025-10-28
U001604,MOV108557,5.0,2025-08-10
U000005,MOV114993,3.0,2025-03-10
U000002,MOV107687,4.0,2019-09-08
U000058,MOV100006,4.0,2025-07-05
U000004,MOV101202,3.0,2022-09-21
U000314,MOV100006,5.0,2021-12-21
U000052,MOV108557,3.0,2019-06-25
U000022,MOV100006,3.0,2016-12-06
U000001,MOV100016,4.0,2017-01-26
U000001,MOV110026,5.0,2025-11-12
U000002,MOV114993,4.0,2025-06-26
U000209,MOV119635,3.0,2020-12-11
U000011,MOV110790,4.0,2019-10-23
U000028,MOV114626,2.0,2024-07-26
U002126,MOV115436,4.0,2022-12-17
U001187,MOV101534,5.0,2020-09-22
U000004,MOV100006,3.0,2024-05-03
U000001,MOV119272,4.0,2015-08-02
U000047,MOV119635,4.0,2025-10-29
U000021,MOV118589,3.0,2022-02-23
U000001,MOV102397,5.0,2025-12-12
U000003,MOV100006,4.0,2023-01-21
U000001,MOV100220,5.0,2024-03-28
U000010,MOV100006,5.0,2023-03-02
U000007,MOV113766,2.0,2023-11-06
U000523,MOV108075,3.0,2023-04-24
U000006,MOV103551,1.0,2020-07-16
U003555,MOV100006,3.0,2025-03-02
U000238,MOV104830,3.0,2023-06-27
U000022,MOV115713,4.0,2022-09-05
U000006,MOV110026,2.0,2023-04-15
U000001,MOV100006,2.0,2022-07-06
U000245,MOV119547,5.0,2016-01-09
U002481,MOV111159,4.0,2025-07-21
U000003,MOV108419,4.0,2024-04-09
